step,Path_0,Path_1,Path_2,Path_3,Path_4,Path_5,Path_6,Path_7,Path_8,Path_9,Path_10,Path_11,Path_12,Path_13,Path_14,Path_15,Path_16,Path_17,Path_18,Path_19,Path_20,Path_21,Path_22,Path_23,Path_24,Path_25,Path_26,Path_27,Path_28,Path_29,Path_30,Path_31,Path_32,Path_33,Path_34,Path_35,Path_36,Path_37,Path_38,Path_39,Path_40,Path_41,Path_42,Path_43,Path_44,Path_45,Path_46,Path_47,Path_48,Path_49,Path_50,Path_51,Path_52,Path_53,Path_54,Path_55,Path_56,Path_57,Path_58,Path_59,Path_60,Path_61,Path_62,Path_63,Path_64,Path_65,Path_66,Path_67,Path_68,Path_69,Path_70,Path_71,Path_72,Path_73,Path_74,Path_75,Path_76,Path_77,Path_78,Path_79,Path_80,Path_81,Path_82,Path_83,Path_84,Path_85,Path_86,Path_87,Path_88,Path_89,Path_90,Path_91,Path_92,Path_93,Path_94,Path_95,Path_96,Path_97,Path_98,Path_99,Path_100,Path_101,Path_102,Path_103,Path_104,Path_105,Path_106,Path_107,Path_108,Path_109,Path_110,Path_111,Path_112,Path_113,Path_114,Path_115,Path_116,Path_117,Path_118,Path_119,Path_120,Path_121,Path_122,Path_123,Path_124,Path_125,Path_126,Path_127,Path_128,Path_129,Path_130,Path_131,Path_132,Path_133,Path_134,Path_135,Path_136,Path_137,Path_138,Path_139,Path_140,Path_141,Path_142,Path_143,Path_144,Path_145,Path_146,Path_147,Path_148,Path_149,Path_150,Path_151,Path_152,Path_153,Path_154,Path_155,Path_156,Path_157,Path_158,Path_159,Path_160,Path_161,Path_162,Path_163,Path_164,Path_165,Path_166,Path_167,Path_168,Path_169,Path_170,Path_171,Path_172,Path_173,Path_174,Path_175,Path_176,Path_177,Path_178,Path_179,Path_180,Path_181,Path_182,Path_183,Path_184,Path_185,Path_186,Path_187,Path_188,Path_189,Path_190,Path_191,Path_192,Path_193,Path_194,Path_195,Path_196,Path_197,Path_198,Path_199
0,100,100,100,100,100,100,100,100,100,100,100,100,100,100,100,100,100,100,100,100,100,100,100,100,100,100,100,100,100,100,100,100,100,100,100,100,100,100,100,100,100,100,100,100,100,100,100,100,100,100,100,100,100,100,100,100,100,100,100,100,100,100,100,100,100,100,100,100,100,100,100,100,100,100,100,100,100,100,100,100,100,100,100,100,100,100,100,100,100,100,100,100,100,100,100,100,100,100,100,100,100,100,100,100,100,100,100,100,100,100,100,100,100,100,100,100,100,100,100,100,100,100,100,100,100,100,100,100,100,100,100,100,100,100,100,100,100,100,100,100,100,100,100,100,100,100,100,100,100,100,100,100,100,100,100,100,100,100,100,100,100,100,100,100,100,100,100,100,100,100,100,100,100,100,100,100,100,100,100,100,100,100,100,100,100,100,100,100,100,100,100,100,100,100,100,100,100,100,100,100
1,101.1149452,98.57020519,99.35660616,103.6663783,111.0003696,102.8730844,93.56168456,101.8707764,97.36025321,102.4703168,104.0057912,108.2050688,97.31869606,101.7036876,103.4838416,97.88787007,96.33737019,96.8515007,98.51556083,105.5607091,102.8359877,92.51288508,101.062685,92.92217598,103.4931709,97.81200282,103.0521556,98.3349605,98.74175333,96.24201645,99.76571263,107.0067384,104.3605688,96.25167237,102.1469943,100.9195641,102.3530552,112.7026541,95.35281883,102.367981,101.5146703,97.49440955,107.6285,105.1080248,108.1586235,97.62910412,100.7109629,101.7228378,98.89811112,97.94068026,103.2696809,105.5999039,96.31123204,96.87685011,99.64007968,95.22447801,98.86361111,98.8407344,98.17904723,90.95406347,100.2698283,99.80191946,92.22968728,92.89158864,103.3376814,89.97648833,103.0286629,101.8505934,99.64719349,99.15695748,103.8800369,102.0388591,104.6140348,108.815071,98.95528988,109.0460788,101.0061678,92.16440196,99.29558259,97.58077294,97.24407318,108.9447477,98.51204199,96.96768199,105.3268882,108.288607,104.3247544,102.7916838,95.13579468,103.7101699,96.89113816,108.9369863,105.2994155,103.9487255,99.50086833,99.2610736,99.87471593,101.5461859,99.64927989,95.46310852,87.6654194,105.499982,106.9181819,97.55780185,112.4835348,103.631362,104.5218537,109.7798347,104.504459,100.8152075,91.51379182,101.9352978,107.8817288,97.67712773,89.42490968,96.85189051,101.10007,107.7223226,105.8392645,103.3870219,111.927344,102.3753392,101.7552436,113.2910704,102.0296757,101.4886225,96.60139861,99.35545735,96.26348835,94.09896168,99.01101702,107.445803,100.5656827,104.2222411,105.02276,102.4554424,98.3410553,96.94721906,95.63133479,97.40140639,107.0857673,100.5960229,93.88917831,98.93996538,107.6295126,103.8332479,109.9250679,101.4009412,98.02823673,103.8778169,105.8122817,95.44812088,94.62577693,98.67908316,94.65000736,101.8819091,103.4739329,99.35337144,97.25920728,96.56023785,102.679721,105.538656,98.55523608,104.1014605,93.9189158,95.75134532,95.94180746,97.36424674,96.29530932,101.6790829,106.1372939,93.87228127,98.4131524,101.7879087,104.0650988,108.4043048,99.35422956,98.73071329,103.7203936,111.9197041,96.60587727,104.7947059,90.67542756,96.61668407,93.93862199,102.6959829,108.0749992,99.65142249,103.6776633,97.24744947,99.12151466,97.58910751,92.24871629,100.8275376,95.26050352,110.4499149,103.6917918,101.917304,106.6022802,108.9128938
2,96.95646784,94.75355515,98.72497205,104.2906655,111.2716673,102.4807334,100.2552347,100.6312277,100.0268539,108.3477558,104.7161927,106.1709515,99.45899028,100.5269359,107.8366445,99.89597297,98.4950252,94.2123153,101.1077765,109.1468729,94.93788871,85.25110905,102.1016819,84.27822098,101.5880552,100.5177766,110.8883338,101.6563578,101.9840546,100.30967,104.8226338,100.2294723,104.5513587,87.25092446,100.8081021,98.75235425,103.6433211,112.4932988,99.25481569,108.3113718,112.7456214,97.66646997,109.5516481,100.9855293,112.5885837,90.51903861,95.43305374,104.2527507,99.21631816,102.3239155,103.4042085,105.8713008,91.69561399,100.8485123,98.71002169,94.24354802,95.68349186,99.59279721,107.1846662,90.51301973,93.10683094,99.88478484,94.51057487,91.28609979,104.5659351,97.61014692,103.9008465,105.142825,84.32531,85.42698467,110.8639148,108.0343107,102.2279965,101.8232571,99.64846148,108.9851487,106.2731714,91.46065632,97.80305449,99.23853178,96.75615657,102.0223273,95.98161183,110.6889581,113.1847807,111.568364,104.5289177,91.45290885,90.33017154,100.3425868,104.7369517,107.9395742,102.475312,110.0726787,99.28283615,100.7333993,102.8174726,98.9743806,106.9116625,103.6766729,87.25539722,114.8486511,117.2446838,96.71176733,113.787084,108.1723081,106.5030365,110.4956,103.538677,98.35896909,89.96350431,105.0213056,106.2571494,87.32798002,95.06965036,102.7529809,100.9551986,111.467607,104.507538,108.3630566,109.360345,93.09993644,93.36168012,106.9853903,99.80973899,92.27978145,93.42296862,111.3682242,99.12544279,102.3254385,96.9664279,113.8225431,94.63015983,111.1487127,103.9874903,101.2352519,101.9640794,104.3149662,98.82643638,99.63059997,107.130925,99.41742634,95.3946989,102.4026907,101.6753499,105.5432013,113.2720263,96.13937558,94.94695451,104.4781275,107.4293299,92.88099807,96.38081394,83.9339236,94.31214963,104.5731391,104.3072227,95.2695486,94.12588492,89.95998737,103.2193819,107.1848857,99.50303555,98.64399591,91.47742093,101.3718372,96.94368349,92.4433499,100.1714995,101.9300741,106.1120695,91.88808862,101.1718474,95.36599814,106.9423322,116.5319911,112.2388815,109.4949171,100.6247035,110.6488373,96.25148936,100.2346882,92.63697331,95.77511204,90.07896435,100.9282722,109.9062927,101.0764381,107.0913371,89.82749588,106.6607775,95.36974651,90.99403927,102.9293975,94.50977494,105.5961519,111.4551949,106.7608987,99.58763279,108.6442018
3,92.59021166,90.5274834,104.0580331,99.53738209,119.0774157,111.4037834,103.1949341,105.5422165,96.10108145,113.4361378,112.9668599,100.0392996,107.0979634,107.6032728,108.3176839,101.285209,97.49341912,92.30263992,96.54721616,106.6931311,94.8428422,90.47805348,103.5419977,87.31013656,97.02836945,98.2127488,111.0569574,100.0716283,109.3385421,99.33839144,105.9144874,93.69490824,99.62917304,81.81698654,106.974705,107.0165809,110.3575631,110.4014803,104.8662582,106.9584739,106.7614215,97.67093693,104.9153169,111.6094709,106.9490288,95.90083447,97.27433835,109.2678249,94.2222778,101.6817841,100.2702038,103.6429261,87.59017459,101.7784431,102.2776412,106.4119054,101.371087,107.1282742,113.6846096,93.21371908,94.72180999,98.88261677,90.76373502,86.03611502,103.9915197,94.45979632,98.19449246,113.6975056,85.4391723,84.57432803,114.1457358,117.1303295,101.8874177,104.996687,99.58658549,105.1428128,112.6882332,85.1643272,105.7279761,96.20600962,98.17512712,101.8212218,100.2517162,103.4164716,112.5645249,114.8030086,102.7987477,85.10462672,94.90280445,99.65096108,104.5317653,106.283968,108.2462671,109.4011371,101.1706765,104.881894,107.0923065,99.1789861,103.574401,110.4154176,80.33933152,106.9691887,121.1171917,102.066779,111.8342997,113.5726813,106.0284504,110.6059575,104.8650605,92.38817646,94.16234973,115.9409621,107.0475016,86.67929415,97.30285422,103.1574324,93.03197927,117.7075894,115.0756892,105.3764859,100.839756,88.15492383,96.23833855,97.3454092,100.6222436,93.41871486,99.10880365,113.5857515,93.83616181,94.88322563,100.8142956,103.5183519,87.4577414,115.3879104,115.5056829,103.9583298,104.7186041,97.52849303,107.6819175,92.6309233,112.2629154,113.8561199,100.3024636,101.0632674,103.7433646,120.5451549,121.8965346,88.38922931,97.22725865,99.19218469,103.1444757,94.57321377,97.79466354,73.69324061,98.5651741,112.0420211,99.86981786,89.38468479,96.80817386,94.0867012,106.7874855,114.1992611,98.73043863,103.1997952,104.2143472,91.90057527,99.5424028,93.38836474,106.3118785,96.68096863,109.8744984,84.44244812,98.53404823,90.16412892,106.9852294,115.1664984,118.4898948,103.5765876,104.9153751,111.7103197,107.2804849,99.00897341,95.8004889,100.1492812,96.62530133,99.73410844,102.6206438,110.8228887,112.5829437,88.05082429,113.8960696,100.4188758,85.20206364,107.7755274,96.805706,104.6943467,124.9753791,106.8209394,102.5867524,105.5574366
4,93.13065475,90.29612038,99.0816207,98.70007395,116.8970999,127.1834442,99.74360602,106.1727016,98.43077351,111.7155725,114.5241021,101.5146294,101.650215,107.9553638,116.1034558,99.08385445,102.7916075,94.14334056,89.63883879,93.60576487,90.6035194,85.17848105,104.6923677,91.88887426,90.69578276,94.25493659,111.1985816,97.5844204,101.4642967,115.5233948,118.4616323,87.09555067,92.16776351,86.4318482,107.6875695,99.69344765,108.2478078,114.6092174,108.6809049,103.4893312,108.5135045,100.1751102,111.4500791,113.8233486,111.6635739,94.32399305,93.44833003,119.7627518,94.8154507,98.21743413,100.5587596,95.94518885,94.30839782,96.45717439,100.7124823,109.6454247,107.8805022,116.1211437,110.6303537,97.56662621,86.87153092,100.0889024,94.56177381,94.68067124,99.05679103,102.2940882,95.98541833,111.3005603,82.24246456,78.99099019,120.6887776,110.5711206,96.34864596,99.79372577,94.60884034,102.4158526,111.5534712,78.88862089,113.8177705,100.5863355,91.21979891,103.468765,94.05479692,94.9525318,113.1240425,114.270187,105.4317645,83.59026861,95.91957361,97.60880815,107.3630142,106.9850721,112.5724925,102.2144111,106.960906,102.7499292,107.8199593,102.4102972,101.2236522,114.3735055,78.42810158,117.5135615,128.8144597,102.5185879,101.2782683,117.4342307,113.1009199,117.0841821,97.85789037,95.06073621,95.53088416,117.5592494,108.2793789,86.07170238,97.18907649,111.5794441,93.4422814,107.4847546,126.723961,103.7945627,104.8555586,89.71406361,103.9615756,98.09777552,100.6909416,87.98303566,94.72707966,102.6352509,96.79999377,105.3850634,95.5505382,102.8353424,83.80863163,116.3309155,124.9110377,108.6611917,99.95996711,94.9873244,108.5966129,95.52086238,118.8851126,112.0646263,102.0816077,98.14393668,98.54996072,122.6623679,122.7079055,89.46678458,95.22609354,103.5720036,112.2409383,94.67334797,95.01340512,78.12870689,97.39739467,111.0332455,98.63660301,97.7211758,90.62759519,91.44591461,112.457987,110.5004025,97.20256269,108.5108653,117.0041302,93.32932373,98.8042376,95.25874239,106.929611,100.4196724,121.0351017,86.28418419,97.82109795,90.54146968,108.2482881,115.5772598,111.1796236,105.5674028,97.60164242,112.5621906,98.93118173,102.1686801,94.38645626,99.71988348,101.4757804,97.77562287,97.94062349,112.8083164,113.2786931,99.14652229,128.6687571,101.6526882,86.1996367,104.4315474,94.54330164,103.4769601,124.8145048,113.2843453,108.4121873,106.0527804
5,100.5165469,87.03197556,92.83803032,94.05522592,115.3026195,116.4097832,98.35315986,107.2030494,94.55151831,110.0104883,109.4323216,104.1112075,94.5235301,104.2479784,126.047964,90.02817026,103.2131375,92.78009174,93.44133623,99.59812727,87.23807501,78.92568108,104.4292124,93.51482897,92.49785923,95.46036437,100.6859048,100.9365206,104.794281,109.5033558,125.4202174,92.98405082,91.77809112,83.88880075,116.5593458,106.3834205,107.9539778,104.1985384,106.4877551,107.500787,100.7752428,99.71304877,109.7996514,109.5004133,107.7784165,91.86560442,89.43180676,113.7399031,92.46711901,97.57438059,97.84001898,86.12173615,87.75420169,93.85544399,99.75140538,104.773999,114.5521238,122.6373534,111.5968947,93.59300255,87.5311539,106.0637934,92.25256605,99.55000637,107.7347888,105.5476349,91.06593763,116.360237,88.96372785,81.21997449,126.8314209,97.9395262,105.0202128,104.0048264,88.74660803,98.85386072,118.7913121,84.37698811,108.4171218,106.1190006,92.47753856,109.4827405,101.1152164,96.70313739,113.5776703,119.4276304,109.9209043,80.1745253,105.6399731,101.2854672,106.2365944,108.9867232,112.7729347,101.120297,101.3337462,105.0347236,103.2596744,100.6582227,97.48932357,106.4781565,84.13636521,118.9392325,124.5263561,105.0333938,103.251152,121.5115028,115.7903735,108.9450149,101.416933,90.63314162,96.24245852,123.144364,116.2446605,90.30277973,101.485236,111.016628,97.25685522,114.9121577,113.588169,101.6862156,107.0017777,91.38779042,102.3519392,99.32848907,114.2200866,84.1281478,89.03830461,106.0688717,95.09046792,109.024843,101.9853406,108.9180705,84.78326724,122.8170546,122.9269117,104.5279367,106.9909492,92.12524074,109.1176325,97.33583712,118.4252131,110.7570105,99.57388281,107.7630127,91.29067163,136.5267794,119.9257709,86.38432169,93.57716973,110.420446,108.9064111,96.02079243,95.15166587,78.42616782,99.52743395,103.6378226,98.39516794,104.7970184,93.18750389,96.35227643,113.7424206,108.0138164,100.2275752,102.6005379,107.4556049,94.48825239,95.66382105,92.97329547,114.236728,94.15198548,116.6652642,87.88000307,96.85518695,89.69744105,113.6089632,105.6039771,109.2227223,111.0436886,90.17549438,119.6720686,95.93424475,97.32400575,90.00741705,99.15077205,109.0479671,106.1077797,106.2721935,113.0756088,118.9177012,97.93205457,120.496673,100.0658645,80.79762292,96.62676861,97.77326824,113.7562506,130.1573769,118.043928,119.0077395,102.7886468
6,106.1949948,86.18737497,100.0737406,92.17807498,123.2849937,115.6695439,95.34043548,113.2981882,94.98774942,114.9411748,105.1582261,103.6753134,96.02294363,111.0799472,122.0813175,98.04604705,107.4170104,99.87221332,90.73652718,97.33367121,84.46384924,82.47008932,98.17201282,92.51680765,98.47784592,100.6676566,98.17797133,112.3091337,102.2607882,111.5178079,118.4498505,99.72739709,84.5382228,87.59662596,122.1773245,108.1331311,108.5294144,113.3462949,98.09264241,99.04040762,100.6701435,99.58602644,114.9621952,109.9148575,111.3383896,85.87980144,84.26605065,100.3113266,89.04818669,89.42744212,92.64310484,90.38293873,91.16562334,89.9349723,96.36801381,101.9309144,110.1211747,132.103145,114.3275079,101.5008776,93.26234069,109.8990437,89.52362004,108.4997761,115.4401766,104.1945671,93.28503457,127.4874813,88.18548643,83.30172499,129.6147176,101.4777636,109.4137397,106.8100437,86.34321852,108.4727134,117.4842976,88.3655365,103.8162141,109.5247356,96.93123142,112.136609,96.44172651,92.79288286,105.6887936,119.6310304,97.80097966,79.00946945,99.27358978,92.51933446,107.4315105,114.3299875,115.8688717,103.4241401,107.6129715,111.3489456,100.0848434,108.5525166,91.04203866,111.335511,93.32159372,121.6596166,132.7950834,101.6660261,102.3949783,113.2554851,109.2570687,105.7803843,113.9872805,101.9133955,101.3276343,123.5597007,117.4589684,81.34929682,107.641483,114.5892126,101.7816849,108.4469267,119.0169805,116.5301167,109.2609021,92.05559317,99.02222873,101.0716198,112.9630014,83.86967483,85.99841005,107.5621684,92.85709713,113.2701177,104.0857927,104.4699559,84.60280149,120.5919293,129.0511018,98.83374538,104.3353616,97.95471421,116.3861991,90.04590647,108.7862942,106.6094479,109.5484806,96.40943909,93.91417061,138.4852286,127.4195223,86.81281134,92.43108737,116.2495989,111.6922301,95.56290411,100.0554638,85.33418222,97.67007302,111.3233025,101.0265408,112.8188228,100.7381286,103.5375798,116.4871333,111.4520863,89.53061334,106.431974,110.0742542,96.10352291,97.15690587,94.51024627,106.713187,87.72353255,117.9696796,87.15620238,98.05644114,99.71769763,113.473991,106.2267886,98.28003364,113.6672329,95.02391585,121.7047598,99.96072505,102.4493671,89.02881048,100.7277084,112.7441523,107.0797335,102.289317,105.7390761,110.7809502,96.15679895,122.896647,104.4543318,76.23121993,101.8073986,111.4356821,109.0169164,132.9507064,115.0097198,123.2599912,99.68766968
7,121.8053721,90.93077478,99.18478368,93.21179126,120.8963017,120.1479348,98.60822477,102.7127386,90.59054203,108.895164,95.68203977,106.9461584,97.51495503,119.7785323,124.3531813,98.76098031,99.31909869,105.5658438,88.46633632,98.31181128,82.66649695,85.52209368,99.72765856,85.74523423,95.41077125,99.44145891,94.6831509,128.5546039,112.0622521,117.4253957,109.8574553,110.5483739,88.55291957,99.31448988,136.1128106,116.4708436,111.2032148,119.7013324,105.6525085,102.0054132,105.4605331,96.77202313,108.7266363,111.10444,105.0002937,90.1268442,81.84919672,101.5466526,96.49252594,91.80637272,83.84113577,86.30391081,90.35723316,92.23088844,95.04764081,101.4923964,105.5530409,141.0475741,115.4515895,99.88268935,86.8646348,115.0717632,86.72652906,107.5463095,114.6446277,101.5955381,85.49002622,116.6124408,83.87753793,84.39391614,130.1549709,102.9458139,112.5631456,109.3888976,94.1412109,115.3474013,111.964921,99.06941402,101.8965788,122.6942933,94.43590774,102.187917,97.04755819,89.62345988,111.9864905,118.5806317,106.5445077,79.65507411,106.3777987,92.25741528,107.7085846,113.4990187,118.3251155,102.4723784,113.0171654,111.2081032,90.87178708,107.019765,91.5600463,116.6925232,96.31805059,127.5499475,125.783318,102.6942629,102.0104892,112.2793005,105.0439435,111.8308972,107.6681179,101.280942,105.8484641,121.7719738,125.9760538,82.98904068,112.42991,126.576836,105.1162673,125.1455738,125.9395479,115.8727644,110.9989054,89.71612647,99.65337275,100.0361944,100.559047,80.04704256,83.00001848,100.3791898,88.90103568,117.8360407,111.5915369,107.0184564,91.03065031,117.3414467,128.7432561,93.96751648,96.25429036,99.91816798,136.3671411,96.07276907,107.2037575,108.683002,102.784957,92.50008337,95.03951354,139.9104529,136.7189567,86.99314291,96.73391091,115.0453515,124.3951178,102.6325519,97.52344334,77.75542972,99.13964745,114.8523186,108.2622963,116.5867405,97.75991974,96.40101878,128.9171435,101.0796723,91.92591081,108.0164692,102.2355415,90.88088615,94.39922998,84.70983282,101.6293928,92.67457216,123.0315385,83.80785283,94.4027349,100.7359598,114.7472534,115.6392125,98.8407256,110.7798979,95.78499366,132.2618839,98.81614286,102.3729971,93.72135063,100.2318099,111.7648573,111.6127032,97.96636842,114.2852354,111.1099961,98.71846888,127.5964284,100.5941386,82.00111185,102.6228721,114.9621824,109.5266157,131.1030345,112.7982411,118.3756801,104.5076885
8,119.4525223,93.64036231,93.75472979,91.47753289,120.5467412,118.9770307,94.9092408,108.1583493,91.22992322,107.4965718,110.1354348,104.2179387,96.55746855,124.630404,130.4250308,99.52598556,96.5265285,105.9392803,86.29754675,105.986729,87.67054621,84.76470277,100.8947678,84.21168485,97.14491011,103.4854195,103.5663965,132.1224445,114.5869212,115.4261113,119.7426988,104.090224,85.1117465,98.3947321,136.4899825,112.1533402,103.0019328,119.8902268,108.1235824,100.4337676,98.80079082,90.012616,102.9120594,112.1774991,109.0101711,94.37743717,84.96735118,106.414249,97.13418681,99.93876224,82.62050704,85.05924562,83.68880524,90.33129524,86.79698122,99.04235182,104.9422416,133.0998376,113.2191776,103.5888706,88.46891823,113.3681937,84.13301909,117.2401255,113.6094027,100.6036913,81.76891892,123.140223,85.81448877,92.94268001,144.6786202,106.9064659,117.6001464,122.702605,94.72589358,122.8826087,110.2124891,94.80763045,103.9278906,112.6644125,104.5440896,105.5642543,94.84865926,86.61998242,120.3089071,128.8944879,119.1755332,87.50589604,110.1583516,91.37488886,110.2032651,113.8513219,132.8446718,96.74709868,97.70202061,112.2940501,86.03312163,114.6979644,87.69398756,133.1121493,90.51337403,117.9668756,113.0431092,100.5672195,102.0977341,116.4172257,106.4508919,106.5673648,110.6676029,101.627504,108.4302558,120.0138179,119.4179216,82.07880805,111.9598852,133.8162866,93.04542917,116.2335149,115.5442889,107.6152439,119.0124795,89.05278406,102.8182922,101.6649991,97.75432928,75.78993764,86.28934442,99.18477367,93.90862462,119.2448993,116.727726,110.5077431,99.70074884,119.6486304,125.622315,95.22788613,95.74502201,105.9909768,125.898223,97.82245675,111.0076859,115.4864659,102.1808677,98.11047373,96.98719085,134.8773787,146.1190605,84.82686682,101.2580681,113.8508024,125.8222443,102.8978639,90.86811939,80.49457643,91.67730405,115.7429501,107.8858685,114.5048699,102.1514291,96.0420881,133.7708698,105.9219905,94.98728264,121.7236767,98.77225,93.89934096,98.47639695,89.19866434,104.3507715,99.82359291,122.4486755,80.44830564,100.3354428,110.4668413,120.7257581,109.5620762,111.8882195,113.6678749,100.9287956,131.3795218,100.2897778,110.2239379,98.51197984,102.9202496,103.96499,111.5310585,92.41109656,110.0913078,111.9042043,100.0119609,114.2277001,101.619099,79.66162245,100.6873043,118.2396919,99.55247321,132.4453495,118.1888386,118.1000846,102.8017909
9,133.9121798,86.03810517,90.93187641,93.75233755,126.5489885,110.9332493,90.4407764,109.1052559,89.68089331,104.7646586,114.6476911,99.60772351,99.88094702,122.8612374,135.2795095,96.77837888,99.72701106,98.6663257,94.02966026,115.3891795,80.38025008,78.25252821,105.0344016,86.1051879,98.67586764,102.2082065,112.5999934,118.6894544,110.5982881,131.1649095,124.1617037,103.8820004,84.32668073,103.3488593,130.0081175,110.5937372,104.9680581,124.3823992,103.6323247,95.0161931,108.1905566,90.75972621,105.4349762,109.3012719,108.7903434,98.132623,81.80917834,106.3887852,88.1469877,98.75755604,77.38999893,87.60983195,85.71041932,92.15469519,84.95512011,111.2905096,107.1134069,137.3777666,114.2719326,108.5516775,90.92049286,105.5308073,84.88692118,118.9850416,110.4565623,104.3615564,83.75177064,112.0806,80.120072,82.44469195,159.5140744,103.6104558,112.5344714,122.2707547,92.70545681,129.2607109,112.1861866,99.17118743,105.9414939,117.0566005,109.3124382,113.3931872,102.9620359,90.47890717,114.6610243,129.7496706,117.7564428,90.22170934,106.7591427,91.4940822,111.9859095,117.7512306,147.5013148,93.27597676,95.66183375,109.6672518,79.99748642,118.0288885,90.39065152,126.7410112,88.18838856,122.0133581,113.4067336,98.02390074,102.1795518,116.9222955,98.61072699,104.0218707,114.9494396,106.1360148,106.8747233,124.8868427,108.7597873,87.00312901,102.3975041,136.8783323,98.63735928,130.4363797,111.315048,112.7912621,120.789756,91.72904892,99.31021054,95.73926712,91.18487844,76.02943765,87.93665003,97.01346797,98.33300964,121.9512715,125.6127978,115.345294,98.99912885,120.3184859,121.8439639,94.07319216,89.68776647,100.5106501,130.1974716,95.15811075,110.558166,109.4527247,97.17972798,99.1977157,93.97320535,134.9044288,144.7849284,83.32351836,100.6400967,111.8126374,122.8811801,106.807848,89.14922839,77.00640579,104.6062669,122.0835514,110.7105239,127.3839578,97.40940572,95.03694281,125.2981523,113.1182458,98.63937474,117.9296915,105.4159985,94.12212133,101.1450271,93.02277805,98.11358822,86.81144069,130.3130835,82.27784914,107.6222723,99.71683622,115.2321806,106.1924595,113.0480047,111.6457965,105.5114103,135.785359,101.6842105,108.2265188,111.2577061,97.10772202,107.2018959,106.9335052,79.44507089,113.6205758,120.8661307,102.6653991,116.8389115,108.0643595,81.32798894,105.7572235,135.3227015,105.6207061,133.525471,109.8855904,115.3281574,97.71922976
10,141.3439117,94.07104928,86.04126687,96.68222856,126.4048744,106.9130499,87.95987716,104.1788916,92.23757719,100.7616927,99.74031313,106.2878244,97.54215726,129.0362968,135.867328,100.587881,94.62110632,105.6123768,99.24581593,113.0580575,76.13650941,81.57820955,103.1672753,85.8916918,93.34426744,102.7096397,106.7489555,106.5655217,107.5100061,128.5458252,119.2267329,103.9973426,91.50558908,105.1537032,128.3287652,113.8009179,114.0530836,128.7496794,101.971789,94.72933182,99.5138227,87.56416605,109.6911601,98.68770657,103.1562527,97.37598762,82.98142356,108.6386671,90.85637331,98.28308343,82.34337752,98.3608277,84.40593232,93.77701253,95.96674922,111.4797162,122.2609798,147.7206154,109.373288,109.178364,98.35780069,97.21180165,80.31060227,117.62918,117.1006637,110.1340064,83.90777103,121.5909048,82.10832537,80.84724265,151.3038321,97.98230214,117.5847885,121.2174455,80.1700557,124.0055089,116.4782518,102.7456538,110.9811121,118.7034366,110.5597712,124.2205032,103.5843209,93.965271,119.3368203,129.4716756,126.3168551,92.09226403,100.0234382,88.17596753,118.8097835,121.0304105,153.392989,93.79186569,103.9737452,102.6077819,81.5973365,114.6282702,88.80529196,125.7676081,95.80839087,119.9639329,119.8436174,96.79143489,92.31264057,119.7027843,96.87505737,103.5074329,129.1590812,106.3482429,98.43928811,131.9639631,91.22124318,90.79306427,102.6689948,130.2634857,97.63907157,147.1791949,100.68821,113.6970323,120.8799826,92.10959355,95.78487913,100.3973856,87.00035089,73.66756732,92.51466892,94.2304586,95.46470522,140.5058468,121.2039494,118.4830307,95.92972518,123.7441737,127.8789023,93.03181811,94.48999507,93.38821768,127.6642871,97.47836887,108.3706571,107.9891922,92.54862739,100.9180025,100.8347378,127.6427264,155.5350561,83.53336796,96.91698374,106.5634181,118.6440772,109.8018947,88.96902601,80.48177663,104.0321907,125.7038156,110.7556996,129.0280665,104.7516517,99.62209457,133.9589756,123.1633008,96.50273707,127.0339181,112.9148924,87.26545233,109.888751,93.78592847,92.3183805,88.80390839,136.7410202,84.87939344,111.4490295,105.2081785,114.4125672,110.5595113,102.7049191,111.4810902,101.2773018,130.3538801,98.56884811,104.7958869,112.8028567,96.61740799,106.1530901,107.359779,79.13387667,118.7881894,116.6780801,111.7503043,125.5019426,117.5751662,75.3076923,106.6770455,134.2561765,104.8522327,139.6710927,110.9483252,118.6185685,86.81626326
11,154.1193078,95.05721827,88.65621421,99.12363321,117.1358598,108.7831118,92.87684625,107.7941205,87.33123974,98.09080226,103.208456,111.522031,91.64676058,134.7266976,145.4299007,104.0881413,100.5217032,104.3098779,101.8182907,115.3962013,82.87950839,77.23949898,103.6743065,78.64618032,94.23069173,104.9080105,100.9837582,105.6797259,108.2430321,131.2557882,123.7345352,99.79456531,90.99201903,101.7946819,126.595019,116.6573175,118.3260794,129.4534401,105.6150526,102.475346,103.0246789,83.38095923,108.5794251,100.5246621,94.84864729,98.24665426,84.82772545,113.1999486,91.35741761,104.2892302,86.78918213,94.40419488,81.34170416,96.84935803,97.92946524,121.6648706,128.07128,143.3947786,102.1928997,104.1539694,102.1460968,105.1328507,84.52112054,118.4834921,121.4740132,115.8415569,83.75019823,114.4808994,84.66745307,91.10876405,163.7662857,98.38870976,124.3679836,122.3433099,78.94303582,132.4946853,125.7909466,92.16345796,101.4070095,116.6601533,112.4835953,122.9549775,96.74300288,88.05309714,114.1683493,132.8052541,139.9178872,87.21124119,102.3162342,95.7633151,118.042408,120.9407915,169.2737415,98.54188414,107.7333394,101.8351464,83.869816,111.3206168,94.60629473,120.4294987,94.4104064,114.5321089,136.0805273,105.4190073,88.49748057,124.8889134,98.47288016,112.7571071,127.2492377,110.7846792,97.44753987,141.6430287,87.67201609,88.36313652,109.8307301,142.0552147,98.84211228,145.4022041,103.7108605,109.6771692,124.1984656,98.91675772,97.92404146,94.29305067,93.50528984,71.64826425,92.39201793,89.67279411,104.6524317,150.5598446,115.2428468,114.5784602,94.63292869,126.6080663,126.4807085,86.82937463,91.5661266,88.5575693,130.781309,97.47388203,110.9021671,104.2314358,91.61100394,101.1109629,110.8002665,131.7087802,157.9866437,86.10382709,84.499243,112.4992767,126.2790533,109.2146552,81.64190857,83.21666191,92.74823128,136.7532067,124.6464695,143.3752212,100.4005912,98.34052034,136.5085422,120.554773,103.3918696,135.4653552,115.71159,87.22381869,112.7489008,87.31821871,95.86601352,88.80039525,132.029,87.89286063,125.0961314,111.9283726,128.141423,105.7845961,99.78681813,106.2775792,94.8758096,133.7766155,89.10540038,106.4959609,115.7343308,103.2295889,105.714159,113.4418408,85.44773077,120.8199971,114.6936334,118.6151285,133.500967,111.7404153,75.5694931,114.2692951,137.165996,104.7524824,137.8282384,104.440521,118.9135818,79.93813814
12,162.344963,96.3811192,96.71178588,101.6371838,108.1109642,113.2960489,93.65337209,112.1169735,89.61079136,104.6482107,99.47522015,112.2486709,96.3309858,129.2585928,135.866901,104.553932,105.3242476,111.2999623,98.13098375,105.164005,83.08303786,68.84519303,99.60586106,76.40491629,96.18411351,110.2237514,100.2934826,109.4615011,105.682023,139.3924555,122.0430994,98.09357518,91.54617933,104.991706,133.0132852,111.2779122,125.2307645,134.5169721,101.5564748,110.3337776,106.8743912,84.56753145,107.0483747,98.46792184,86.9585349,96.54162697,88.45807992,114.0401286,90.35707508,109.732535,94.39972202,94.23137119,86.95067208,93.83117556,101.7829822,125.3782248,123.9418796,148.3381857,89.53950276,103.4347213,106.6081008,94.09379454,83.39430489,122.6655571,122.5144531,115.6648188,79.54408587,114.4806288,85.29595786,83.62135391,151.9188645,103.2987938,115.7858621,123.163584,82.63773113,147.9828679,122.9580429,96.61974484,102.3833163,121.2604254,117.8737949,126.6396884,85.835478,92.84902407,113.4552803,131.9128017,133.9846108,95.10598187,103.4579542,96.36192244,124.3841237,113.2618925,159.3599488,99.75313644,106.8402717,96.37009718,89.32577787,111.6057458,93.74598358,126.6797756,97.90848642,116.0824675,145.2682893,104.441811,88.51751431,121.6545638,104.1781473,112.6140316,126.1374203,119.9464547,98.20596467,148.9488747,81.21703646,89.07457054,112.8154857,137.2294283,89.09128636,153.4825601,102.8880416,117.6380383,129.3374817,102.9687662,105.2091852,96.6874082,99.15761992,71.65885604,94.04837272,78.53535667,112.6433122,145.4415875,116.4908819,109.163899,93.09642466,133.8865846,121.7666248,78.58252686,91.28587249,92.10469128,127.7589984,99.32271871,122.5331215,107.3191188,87.98322564,101.1341514,130.6663054,121.0556444,153.2189414,78.07494474,80.27921773,108.4988393,132.6441451,117.0833374,78.81505006,79.25827107,96.01540301,135.2060054,132.4813437,153.7133547,96.90161509,95.11648577,131.3674908,122.2659811,106.809816,139.3409955,118.0791264,88.35097915,110.5894167,93.51982323,100.2007858,98.62135286,122.8289956,85.08067673,119.753398,107.3681119,119.9879832,103.8308058,100.4398031,97.73151551,91.45609254,124.4531569,91.35100476,103.0252655,120.2333796,99.67491956,102.1818918,114.8204192,86.21249193,122.4924353,111.9303156,123.2041841,137.5453078,124.4843614,76.90212641,112.4616633,127.5129568,96.70877963,134.4461968,106.8793026,109.2631819,76.59619869
13,174.0201984,94.34164401,90.59351329,103.6758943,111.1446163,113.0855429,91.82087728,120.6423138,88.46528203,107.5517042,98.44487138,117.3200997,101.0416732,136.8205062,126.1978313,109.9941932,108.3124464,113.1947989,85.64630949,101.1701271,78.06451665,66.7808027,97.66289036,78.95580276,92.12275905,102.8462529,105.3512186,113.7827582,106.5148408,132.5969536,123.125081,94.94394714,93.73875564,116.1004167,130.7866463,123.7591962,123.249048,132.0032832,100.1391887,118.1715826,107.0456353,80.40287737,110.2872919,101.5567163,82.97214188,101.488066,95.04788124,118.7815556,91.32124596,99.08825808,90.47455706,96.41626337,80.83466816,100.0499362,102.2516639,137.579369,128.1776842,139.6257504,89.3266346,108.74654,107.7170936,96.98837634,80.54192746,126.0060035,119.4198964,122.1617518,82.36362909,124.0590395,84.9663817,80.88024974,159.0074891,102.1100758,111.382922,110.6098675,84.50597275,159.4036983,121.9410635,94.76610746,95.62878164,121.7421707,113.3295327,125.7314737,91.69687165,93.47192016,111.8606746,137.7282985,134.1509934,94.32101109,104.3659438,101.9091274,133.6396156,111.3727233,158.6146581,103.5157866,121.031166,89.43688508,76.68071207,113.079226,97.27033209,112.8217997,97.97476973,118.8679418,145.1569199,103.5095036,85.00791088,127.7963891,103.8142008,107.5932129,120.8697559,117.1074671,92.23332127,149.4630853,77.89994947,93.36439258,120.3536254,129.6445056,87.02305281,153.7703571,108.4973559,131.0484502,133.8108064,113.3615947,103.9910822,98.25387591,96.64267358,71.61102053,87.27180654,76.74659038,115.4483699,144.7580932,112.7031353,112.2851722,94.50776886,139.8370525,103.0374457,82.4060645,83.98096762,90.65977465,126.3659103,98.56552084,122.1785213,111.6840355,92.18017233,100.6761677,136.3416508,112.7460256,159.305575,77.17212925,86.67274959,116.8857085,131.359399,122.5262118,77.74144653,88.90553748,93.5576241,131.1908093,138.310687,139.3724834,92.80796338,98.68492745,113.0557818,130.8447803,107.0480339,135.1684463,129.0180526,88.24276331,112.0413948,90.67613165,100.2049256,94.84732644,125.2573815,83.17561809,104.4602862,96.33436386,109.7826199,102.4695769,96.31203451,97.0830447,96.08123668,128.0640995,91.28957804,98.50008986,123.6089711,92.3540408,108.2178271,123.3828509,84.70479663,118.6527704,115.2603813,116.3729398,155.2201774,112.1600995,76.02334869,117.769147,130.5286448,99.28077892,145.1220091,116.900564,112.7691686,73.07182744
14,163.2941313,106.2978618,87.2057555,97.47772111,109.4172624,117.6758556,101.9604926,135.1467811,92.12639042,99.02234755,117.0783836,120.8041193,108.4526139,144.8009175,122.4402218,117.7867369,119.1879613,107.954142,95.38957762,110.0264407,75.99150678,68.75823026,106.8287242,80.93083739,90.9178489,93.3327451,98.39838153,125.3910285,106.642143,132.6521516,131.6467715,101.6883137,97.37997386,111.3039681,130.7776236,130.9888795,111.4543137,128.2834968,102.6896493,122.4004264,112.1640423,77.76170392,114.5506903,101.6591168,80.57374355,109.4758486,100.4987132,115.251116,90.73124212,106.9216208,90.14077298,102.4355664,81.40248131,107.6774214,108.2634448,134.8710143,123.870511,142.8561481,90.4111583,102.0767294,105.0887622,97.16923815,82.1120494,117.618264,110.0740299,120.8939635,80.56511416,121.1613463,82.65551066,82.24798811,162.2521075,98.41820712,111.2687218,103.8453849,95.25594337,162.6546732,119.5350169,91.42422083,98.09995595,120.1278336,114.7307216,123.4740575,85.36234463,102.7573878,111.912317,141.9464577,133.213375,103.4589497,102.4008575,107.2986077,132.9432815,116.7173004,167.7543589,112.3078411,128.3536424,85.1857169,71.57176787,111.9520376,98.67324065,118.6883572,102.0261594,125.5729752,149.4565011,109.3062254,86.22365269,129.8072237,103.7561136,115.0725568,110.7624604,108.3274548,87.17130758,146.1564682,79.55808819,92.8858442,123.5350295,139.9284101,88.12843123,147.4669069,111.6353636,132.0598295,142.0971469,116.4177584,100.8971121,108.4648674,102.4301322,78.35751281,84.61653064,88.7619042,115.3854067,130.8115173,116.0530197,117.6445273,98.40015026,148.2358922,109.1790436,79.08335654,85.63955365,89.17196442,118.7093048,92.28925745,129.4820151,120.6694833,90.59887142,96.30714376,151.4416817,109.0180386,148.7537713,72.08814029,87.67256721,116.9383472,140.2354141,133.4926311,81.1427774,93.10432202,86.76867238,131.6434052,137.2722328,128.0532194,93.82522084,108.6941578,116.1170851,135.3045199,102.789404,137.5784323,126.0427398,85.60068778,113.9045569,92.3252026,94.83257642,89.26974179,113.6051265,82.62407134,115.149475,89.22682562,114.5938059,99.14326084,94.41954112,97.29148517,94.12998165,138.3053292,98.58376154,98.49715463,139.1829757,95.64105901,100.618818,109.8914855,84.3562442,119.7704982,114.0637927,118.1864424,157.4825719,107.9655206,78.62979467,115.6678943,143.4555707,96.98347586,155.715863,116.796901,108.7613242,68.73283163
15,170.2311128,105.4783575,92.31677677,94.17849457,108.5649656,126.4981324,104.3492301,139.6363405,90.11557086,97.39780866,107.4141304,108.4922199,102.471804,154.243707,129.6730322,129.0034026,127.7665039,108.4208204,90.55467025,101.6320954,74.9074343,70.93395532,108.793577,78.0599073,93.72555614,92.5754111,100.0936896,131.0127142,117.4488815,146.2393659,131.074573,110.9888377,100.4271401,117.8724602,129.2737056,138.2897062,113.2640654,131.0080409,104.59492,118.5737143,111.1363561,76.28139025,120.4371967,116.3938264,79.09927754,102.562315,100.9003711,115.9463929,90.12365367,100.3082244,94.43744709,98.36025339,75.06504317,111.1120291,111.9282407,123.8596654,121.3529922,133.6957998,83.10723729,93.72826921,98.65685099,96.89090324,80.97951835,120.0535881,103.3208369,119.0824544,86.06189728,115.9080398,92.59092844,82.64807515,165.4047496,96.49580143,113.9275473,99.4314075,93.24525349,161.5933026,120.2899853,84.69110833,109.5480359,115.0269429,121.7302573,122.9549116,88.71783955,107.1777145,116.4117737,135.3622765,128.1717495,103.2263011,107.1735685,111.8532903,135.0759773,123.2211973,157.755936,115.000055,130.0069845,89.8534516,69.04638149,120.1865035,99.90634367,114.8816356,105.5467264,121.8633816,153.3713266,111.7755242,82.28995086,133.2546929,91.27932785,108.8932117,107.8178873,102.7445983,91.98914987,144.5483028,81.20451409,94.22366468,121.0356025,149.2869529,85.03899957,158.4911875,106.9375644,130.0050071,137.2926466,119.2631378,98.63365841,110.6644957,94.60149607,84.39142591,84.27164382,101.2652453,102.9790455,138.2056398,113.0170921,112.0693343,97.89966211,159.1109414,111.7566882,81.70836328,83.87664187,91.95645272,118.9503705,98.87490822,126.7723533,117.3593909,83.27669828,97.28045089,144.6169333,97.36338444,147.1204297,73.24506016,85.33438765,111.1636615,144.2407452,130.1070522,82.25948059,90.01516458,86.87316378,125.3894588,139.9011762,140.1803641,90.96136935,111.4443081,114.5806529,137.8763838,100.7706222,135.6391585,134.2763864,91.17929979,119.892154,93.75109392,98.51234051,94.44017016,132.7755778,82.48423313,116.0168096,90.88001731,113.9112423,93.77817545,93.83297636,97.9858387,90.78587113,139.0680771,97.52380939,94.54231715,134.6897144,96.97096521,103.3901607,103.4924276,82.13669425,117.5120078,118.6166352,121.5967401,156.9821316,114.2448273,81.13815641,110.1933365,151.2533848,92.83919496,165.9584779,123.7886394,113.4294375,72.01308535
16,172.9928936,104.0543673,94.82403156,98.95862126,110.9818521,122.5586855,98.35747235,152.9014805,91.582192,101.0821404,116.3340001,107.1603476,100.5930135,154.9823832,126.9640973,131.8229601,131.4624742,114.5061101,92.82300744,112.9798051,75.93941374,72.05150503,106.6082667,73.86479132,87.07759325,90.34063505,102.6350955,126.1081502,122.7366632,159.3590738,138.3264789,106.4896635,99.59387666,115.3141589,124.9517452,131.5559629,112.6935057,135.2045886,107.3807655,114.5732623,117.9433286,80.52338527,109.40697,118.9220482,79.92075725,106.7462593,99.57134452,101.9053616,87.75228896,99.7550219,93.65173193,96.45679928,73.2145917,110.4567378,119.4105392,121.1436882,126.3657111,123.8380193,77.11184918,95.96574705,93.2480496,94.38394002,84.54447556,115.1831362,102.3634178,114.7825603,92.03972952,106.9882138,92.87069977,81.01154456,163.0916367,100.9551202,116.268101,97.9955003,97.448963,167.2005357,119.2315905,83.29519414,122.8008079,113.807023,121.4234315,120.8724591,88.95666955,115.9681813,123.8741264,129.9425175,133.117556,102.7740039,101.0695931,117.3508733,141.9788906,129.2889152,154.3397383,103.2070159,136.0010499,89.37980799,68.28774081,126.207953,105.5810489,112.8761652,106.6774685,122.3164985,154.8067758,106.5919552,81.15153943,144.7422955,93.78424667,115.5167877,108.6596829,99.32066297,94.95771652,143.4679701,75.34490136,95.11229046,119.3744379,159.5855366,85.07133613,155.9096975,96.82888059,132.71652,139.4029642,117.447985,103.4832991,113.7886982,95.23189211,76.78499129,86.27823673,102.0092269,111.9068487,137.3944213,109.8393423,110.7395856,102.2757471,163.1382859,103.1435255,87.27203262,83.97275514,96.08126959,118.5582897,98.69529265,131.5986771,132.4025946,86.31462995,98.48542571,140.7906103,100.1678333,168.5952313,79.07718814,86.01109575,109.0973854,148.3544559,131.1863378,90.60150206,107.9874031,84.00454904,131.2946455,145.9401044,153.9350775,94.11181467,113.9428963,117.1239102,154.3710479,103.904171,130.7819696,134.9439187,84.78046503,105.8020418,91.69962576,96.19562726,97.21590003,140.9398745,86.52043671,118.5990998,86.99865965,119.3344015,98.45593866,87.80062176,102.4580917,99.45052402,135.1206553,89.25004778,93.73168091,131.4646909,93.03424281,104.4295977,115.1918297,79.95547005,130.7471201,130.0265616,127.1461935,164.3266347,122.9736261,84.77802218,109.2078646,156.2610388,95.82663111,154.4828538,119.5947605,96.76532023,75.65228325
17,164.9355444,103.6256282,96.05651637,99.67263882,105.0108367,131.4541263,99.74290332,148.496673,80.71342955,107.8645409,112.3009478,119.5182067,102.7932873,145.0137985,126.8333254,131.8313296,137.3298933,110.2643736,87.74736431,113.8605714,80.51008815,72.56331645,113.1203298,64.72123391,91.83124321,89.23023689,105.4408001,125.4318368,122.5056789,161.1188896,134.842553,109.5749084,102.6872455,119.1023868,122.5461049,132.9660211,105.9404129,139.5197968,107.9404981,104.641392,124.6908049,73.37930233,105.5706392,127.9905426,86.11621193,107.5689404,92.95440584,108.3774624,85.848303,105.8354733,103.4380909,99.03703006,77.502501,109.7095032,118.0772844,120.7104467,120.4417581,133.6064432,73.2599435,101.2355793,91.75304072,96.50282999,91.51759256,119.3267917,106.2027176,108.6335282,89.43013692,101.5597884,91.93082072,83.71373855,161.6514434,104.0466115,124.8146228,105.3574934,97.05314753,169.0031733,115.2442176,77.40939083,131.6420194,114.1192851,121.3562493,121.3460463,82.52643934,119.2906594,116.842097,129.9392296,137.0943759,98.52535091,96.50139872,120.1579241,130.1524281,126.081362,150.4924722,94.42147526,145.6932866,81.81759098,65.4673871,136.7736705,122.9668931,111.9068491,103.0875567,127.406799,143.1111895,114.1738801,79.12718714,142.9219034,99.23935054,124.4563113,112.2813319,93.56197222,91.55463819,143.5079781,79.66023887,86.79243479,116.411589,165.7784747,89.50429972,157.3754391,103.187127,130.7053296,143.3707323,110.4583741,110.096417,120.8932437,92.23405084,79.1171334,88.23334607,105.8125373,106.2473411,130.2806344,120.996715,110.4110112,100.3311835,155.1769569,99.91903261,84.96611195,91.4373295,103.7043525,125.1654709,104.9432006,131.5864849,145.2345195,84.31357087,100.6397861,143.6424561,107.4157517,178.4526746,73.96131747,90.55254077,103.2955184,150.7625134,124.032498,93.90104171,107.9769362,91.65058264,128.0790015,146.1641354,161.7705501,89.85547508,104.1110168,114.6570262,167.3544945,97.93602865,128.8240547,134.5097508,85.06595827,105.2449799,95.54878932,100.3005728,102.6403745,149.4479005,89.51150052,107.4862834,87.45069611,115.7042345,98.25974546,84.40005609,105.4210784,97.9008793,141.0016391,81.65766006,90.97056677,121.3360026,89.13794603,103.0086986,119.7730308,85.25161179,121.2260748,135.5886279,126.8750925,163.0837485,130.9434478,89.82267364,119.4731463,158.3215762,90.27728336,168.411664,122.9015052,104.3632373,73.14613426
18,173.7313014,111.3595043,98.67651876,95.05291137,104.4129194,138.188283,99.40647858,147.1619857,82.80419158,102.1421966,106.0715229,122.9258583,95.13100676,150.3412888,124.9180871,131.053228,132.5416419,112.9958097,88.98677322,119.9003473,82.27422632,75.95577012,115.7773111,65.79244525,90.22460639,89.69943802,102.4529755,114.5932243,111.6865257,174.2672664,139.9376062,114.6464088,103.9198929,133.1619062,129.2193559,126.4363779,112.6299944,148.9749898,102.9200203,116.590359,133.8779218,84.23517474,105.6999528,133.6250822,82.34799469,105.946515,99.41247005,113.8826806,85.47629764,110.228799,99.62045156,99.91053539,76.54050148,118.6750072,108.9269146,119.4463546,124.0942622,131.8425364,72.28423719,109.1414107,91.3003915,99.30400921,88.94524464,124.0660019,110.0396555,108.9977901,95.33009463,101.0218196,94.4718567,82.87856529,151.3789944,109.3077373,132.1264994,104.6616601,97.28561537,180.9020981,113.1789486,74.99274979,142.1609073,113.4234548,123.0134825,125.2109721,85.34376058,109.3943278,113.4800867,133.0475694,146.5682693,107.3889428,106.6959052,117.9933727,130.781091,132.7803294,172.1359283,94.09938827,134.3468363,82.43868904,60.06434045,123.4659113,122.5784887,114.3525799,95.58585441,128.8513151,152.5052961,112.944781,76.83187411,149.1310821,103.1259718,123.6201758,114.5030911,99.16277481,86.4185088,145.9626224,82.1390366,88.54703246,115.7691371,172.9350925,91.31753677,167.1901464,93.63721261,132.2730044,145.2041675,107.7803431,110.9153758,120.3725362,94.97086691,76.7554813,95.40171221,107.9456505,106.8852977,138.3811518,113.9423875,101.1491244,106.7462684,156.011395,104.2243827,86.69607632,94.49455591,110.8473909,127.6217428,96.273683,131.1212266,157.1433916,78.23510665,100.3494916,137.8073587,114.2744643,185.8979797,75.29127247,91.6326368,103.1235061,151.797363,127.8182279,100.2125035,115.2877291,101.6234571,134.1006502,143.8205083,175.7278545,94.0441747,109.6883799,129.7428034,175.0776388,102.7424003,124.3360015,128.5512879,86.03781263,100.5577865,106.9785258,100.7612126,105.5834809,159.3455795,87.9053687,111.7451385,83.72030591,125.6925927,98.29648179,88.86975427,100.6588691,99.58882884,140.6908263,81.34228002,88.06276723,119.3096041,90.6785029,103.8578204,114.8130479,89.20958677,119.1558931,140.1317621,122.168609,151.3468902,135.0304096,84.80657171,120.8887905,153.1186971,98.96221247,164.0505005,128.3700594,104.708578,66.33292175
19,174.4621696,113.8345272,96.43401842,93.51044875,108.9939581,126.2728694,103.4664225,151.4608874,78.37132,95.54270007,106.9178401,127.3882012,89.25881305,140.5150908,127.2746692,139.5991575,144.1742411,117.4113148,88.75015413,119.7973979,81.77361172,74.51922389,116.2147834,58.96992367,90.3131522,83.64062354,104.3109128,118.9175333,110.0534676,181.9593976,139.5129449,111.4641339,101.8881145,123.9539913,130.0807357,124.6719024,108.4674947,143.6836917,101.65736,108.3651735,130.1154177,82.52480113,105.9364287,136.0870558,88.93067355,105.3374801,98.32778375,114.5563607,79.52396803,103.1436478,102.5830956,93.18199193,78.19193064,115.4297708,107.5905926,114.973161,118.8673474,121.7546008,72.87038634,109.9490926,92.2807391,101.5667907,95.0847916,127.6457012,107.7204879,105.8359355,90.71782154,97.75952368,89.33347436,83.37131322,151.094703,115.3947668,128.5663823,102.1501121,102.910661,184.8963079,113.8639886,72.95520533,162.5549705,124.8022732,125.1602255,119.8347807,77.27926143,114.1045079,120.4351085,125.8328348,134.7644172,113.6312457,109.532527,107.7967593,133.6707928,136.8678501,179.8009471,86.30273688,131.2537807,86.66541815,58.03406828,113.8898639,124.437949,107.0392545,95.07365334,150.4838186,145.8076081,115.7581438,72.85954944,153.1601287,105.7777017,117.7345744,104.9328877,96.96715613,87.68967816,145.2986361,81.54630914,91.27278986,116.8743016,184.9448882,90.59822572,174.6278475,109.2214551,130.8477038,147.0608597,116.6505844,120.6444383,119.5448489,97.81624061,72.18211182,95.06269084,109.7495775,105.4046769,129.9556154,118.7906736,101.4271036,94.16086996,151.1526413,95.72654683,88.22740932,97.18561503,110.991096,129.2107257,92.52151916,127.9523835,154.7053482,78.02262668,105.7482777,141.8737587,120.9503768,206.7583525,79.01111647,95.88178665,95.61113864,150.2494016,127.6731338,107.8171529,113.1031085,110.1028295,138.0590943,136.960076,172.7576999,97.84848063,110.4229923,119.5145418,159.3960826,102.8001248,122.7000367,121.9930395,81.61484484,107.7969012,107.3617835,101.013409,98.19747828,149.3629251,85.47750084,119.9060109,76.13035499,121.2059939,87.05098189,89.16772524,96.93130721,105.4810085,139.325795,83.8993898,83.47260786,117.0040316,98.5124541,111.8560787,119.0282038,90.98158876,113.5834734,136.868298,129.446769,148.6152292,134.111626,85.05735536,108.5263707,156.1506622,104.2215516,165.4140138,131.0190139,99.75926976,65.26286385
20,169.8804658,109.9342024,103.1213969,93.7997983,111.6047386,123.9363974,107.857895,152.8260285,80.40134034,101.3900087,107.128964,130.291419,96.25025283,136.4101745,126.4248612,148.0676649,138.0894507,111.1782978,90.22345982,125.9369236,82.6426063,69.58868233,104.6874126,58.44842602,87.89012695,89.21313816,96.20040587,122.0565197,112.3819757,185.5182113,133.1171387,100.6005233,108.269639,128.7766442,126.0488475,124.9452662,110.6829262,140.2910315,100.410839,108.0994199,134.3623089,90.38210507,107.0712763,124.5331974,81.82272154,100.6321601,99.8113066,116.5596492,76.64392972,98.44855642,99.19296195,93.39242786,79.37590795,110.4017281,115.3405223,116.1074297,114.046402,122.8880693,71.43024069,110.2929206,94.49940803,110.3443009,91.80236578,141.4095219,104.263913,103.4723192,93.4259315,106.9199701,87.94928614,83.77360308,137.9284809,114.4283985,132.0256245,93.77624093,99.09431827,199.7980823,110.7877387,69.62528668,158.5463953,123.2544758,139.9313051,120.9318779,74.52902258,103.0796473,130.6127949,124.0622388,133.9738408,125.0091277,117.4396211,106.2798409,132.8687338,138.0392049,174.9423064,88.33953647,149.6700451,86.45069247,64.1170409,112.205037,118.850946,102.7883877,96.24889996,153.9412072,142.3786306,111.9965524,75.8662327,143.1979899,104.5570328,113.9015239,107.7869405,99.64508404,83.16489855,142.1581093,77.3686833,89.862676,131.1367871,184.188169,94.49750232,180.5328759,108.488195,129.9698176,147.1237906,120.8456929,121.0390825,116.66065,103.2581416,69.47486335,94.08152497,106.0440631,99.5044893,131.783193,123.07525,99.53005464,90.63014555,142.8839236,97.8273362,91.92904788,94.79471975,105.9416123,133.3076946,91.91171095,125.1660215,162.3250461,77.90076968,103.6467609,160.1380573,119.6368085,211.0761704,81.55808336,95.53834004,94.51026062,149.2714333,119.623947,111.7104345,112.2944827,114.9553374,137.5931499,151.0744743,173.7805153,102.0913422,107.1237505,115.9380505,170.9622242,107.1211731,134.1384751,112.499502,79.08219308,106.0158203,105.3678695,93.19316745,103.2446438,152.0639116,89.43087028,125.6027311,72.62495857,117.8802772,89.72764502,98.7494432,96.43997998,115.5765051,136.2728041,85.1324457,84.01336788,116.9972127,102.0620544,125.9944494,113.7275845,86.07276376,116.5303773,133.3392267,133.7770567,142.8186628,140.9818595,84.23053863,120.2040529,151.9243526,106.5328736,155.8148391,128.3490176,97.24348015,63.24468731
21,168.5094165,119.195928,105.5437631,88.99008268,108.537796,116.2350717,106.9232995,149.6895572,83.61657963,107.215905,98.2479158,129.3548775,108.4305468,129.2157871,139.363311,154.2556704,137.7575805,108.9989224,92.153702,136.4392209,85.45596847,65.78042993,100.8729791,64.09871115,88.83163192,95.52608047,95.6494937,117.6163072,106.9804926,195.0761046,140.8601402,103.6393112,114.8771263,129.1258056,121.4712369,119.5625246,106.4667895,155.7472888,97.41969358,106.847732,123.9224418,97.05675629,113.1585602,124.145745,76.05435496,102.7310846,108.2242638,109.1850691,68.22116364,106.7079039,98.64123967,96.18525105,77.19091996,103.3403355,116.8835165,108.2396526,112.0787428,118.3288658,73.44179853,119.5875986,97.23482907,108.6326712,87.98591011,135.1274872,106.1377494,104.1345294,90.48853296,106.483039,92.06116504,78.39351532,131.4601567,113.2995413,140.2643301,97.25954255,99.24186304,203.8124566,109.2955537,66.22507427,157.58022,118.3666415,140.5408002,119.4106794,73.06758335,97.95604561,122.1403818,122.8855206,127.6501842,122.820381,114.0385245,100.8493042,130.7524074,122.4592202,165.9127741,85.51845796,153.2969963,85.000883,71.01475878,102.5643067,112.4721594,96.72208669,99.38064005,152.6700338,148.0956091,113.5408047,74.39279355,149.7507694,111.430245,111.3022265,106.5812048,99.43877594,91.63133194,137.7978039,73.86564198,92.36262461,130.6822235,199.6173909,95.89099689,170.3118358,106.1128023,131.1002188,147.5340837,114.4045417,121.6127353,115.3516648,106.0872493,77.56100795,89.15252294,107.9514203,105.9041133,129.3087187,120.931746,105.6785977,92.38089667,146.2186935,98.74908364,86.62062884,93.7024432,109.0464363,127.4829945,98.73325641,125.3091082,146.0034092,80.47012332,104.5974746,171.7634385,131.4889382,247.0683566,80.56956801,94.68126811,94.15990534,153.5976882,125.8249024,120.3450503,105.8504821,113.9963264,125.3825807,142.1632635,172.5373707,97.67688098,103.2416386,119.8119781,171.0488316,101.9372804,132.1001289,110.8389161,84.43922751,101.1884362,116.1132667,101.0936467,105.0524927,160.3184934,94.54402084,128.7219593,75.66770297,117.5575583,88.46536143,93.46767744,89.5006767,114.0986814,136.6355386,77.12588693,88.76977597,114.456129,118.2397446,136.8806193,109.3809307,87.5208588,116.4975811,135.3543636,131.287041,139.308876,138.1887141,80.20616024,112.6201628,158.6626972,107.0610363,163.9900879,126.3693771,100.3468835,69.50919407
22,178.7781899,108.0625415,112.1631234,92.70420331,103.7215964,118.2551441,103.3283061,154.243149,87.03921456,104.5326413,90.79285272,118.7795448,95.56224779,135.6745086,143.8560967,165.5332423,138.3551377,110.3823929,87.44715212,139.5972973,84.49318753,67.98397258,96.9382916,62.6719724,91.79400287,99.38931033,96.86488814,129.551596,96.79112725,210.1195965,136.726232,100.2106511,123.3677678,126.8202863,125.6145097,115.0947767,110.4503769,148.5355461,85.07148265,106.8946345,129.7354521,97.03771624,107.7792763,120.4394959,74.00477875,109.9568518,113.3508142,108.9608315,66.85905113,109.1670246,98.24237863,96.27216602,80.73255034,104.1869592,111.4510544,126.7629792,103.9086328,109.5516485,76.07378805,127.9792269,94.51182724,106.5510786,91.90773936,120.6689335,111.2496873,100.9998533,90.44199165,110.0783092,88.26580043,77.61453995,135.5194776,112.1143402,145.6625383,107.8252343,99.68991827,185.9800443,102.1901058,63.92142441,158.2219669,128.9631712,137.3496952,131.3541009,71.70696449,98.94576215,127.5602067,121.646992,128.929288,130.832115,117.443263,96.57214283,131.6612466,120.6367158,173.5727656,82.7891887,145.9096754,85.90579923,70.92974094,114.7666868,103.9432589,96.212719,91.55505941,152.4730782,138.216377,109.7376892,73.37243549,143.7615287,102.6962786,123.1066657,115.8464708,97.19271222,89.01102881,151.0833914,79.09780221,89.94097613,134.9022895,187.1686075,100.2178877,165.3003866,114.8299513,141.3045153,143.3303402,107.6142031,108.0475001,105.6628256,113.6741842,75.03892366,95.46554674,108.4680799,104.4478867,125.8038154,130.8959299,114.2741428,93.63743546,146.1617655,97.20215777,90.49322939,97.99842477,109.0953698,127.522952,101.9819607,122.7351549,145.4150805,80.22068498,101.4622811,167.3337932,126.4380532,243.994383,78.42112591,93.79987527,103.555619,155.9610875,132.3516878,123.8732105,117.8929639,121.4088112,131.8817817,144.2743494,162.0274387,94.28147634,101.839063,121.9815831,168.9089441,101.2745711,121.465407,118.212741,88.49983392,102.9181683,111.0427624,98.19430195,100.0954096,154.9767977,87.7872449,128.2957548,76.81129143,124.1014824,88.14804725,85.51958734,88.76996076,119.2386067,133.1039183,77.48304968,85.00503276,121.1760199,116.2187715,141.6899728,122.3863367,92.97195377,120.1425671,109.0002935,124.4277842,151.9853753,140.7646901,79.66010528,117.7841564,154.697411,110.0513464,169.5878332,130.3567077,99.95413394,67.8307377
23,201.6287714,113.8774562,123.9494708,88.54653537,103.9396354,132.1730059,100.2246011,147.3001484,80.29194058,106.7877841,97.14551814,113.3731486,100.0924351,130.7782457,136.4920266,164.3213704,144.7344886,113.307693,88.79532611,138.7818062,88.32844164,63.61694773,97.37356281,63.36279529,97.33630075,98.61939395,101.2564505,114.5901239,98.92149431,205.6965197,130.5863179,95.82682708,121.9684382,130.9731302,132.0909719,118.8752841,106.5605657,154.0180411,80.51846351,103.9449659,126.8544966,98.5783755,106.4285787,113.8304101,76.9455217,104.3254712,108.6051599,109.5741988,72.10197465,106.7767225,105.305428,100.269736,83.59305617,104.3248418,115.3297486,128.6682391,100.3245587,101.4099396,79.45844913,129.4730269,101.5988711,114.4361146,94.06427928,128.424652,106.6440613,99.36200101,99.20234715,106.5161353,87.95191833,71.60121317,138.7023539,102.8544651,150.3131871,115.8296696,108.1865866,179.9610104,106.0916543,67.89312071,143.4085512,127.2516621,139.1337039,135.4148006,71.80480543,104.1418737,141.7251696,129.3276098,128.2085189,131.9735278,106.0008087,101.4927549,129.13128,120.1649043,181.2125021,90.13052078,153.5527924,89.54007948,71.49879879,109.1390608,100.2375585,95.23489434,96.77734499,158.2789806,137.708971,103.4173101,77.45173622,145.570187,103.9739236,113.3560239,113.9788489,92.819163,86.01568579,156.8907182,71.33262458,92.28546492,125.6380125,188.9380184,98.64942322,163.1875164,120.3058097,142.3995189,148.2479406,121.2733012,110.1278175,106.121254,124.0057406,71.38683713,98.7872323,112.3868462,105.1697218,136.0605086,132.4927843,131.561672,96.45230378,140.7561592,104.129076,84.41040301,99.42474575,107.7617757,118.6231912,86.06233613,125.0481201,129.9194111,79.74261798,96.39670352,156.2910923,126.1387926,241.0781626,78.9214869,100.5027201,113.2373203,153.4699396,136.7686526,121.9510254,112.345173,122.3288415,137.3832493,146.3319849,182.1710343,97.63271936,108.894204,123.9498607,161.6918607,92.3032546,128.8434241,125.6754078,80.43048376,99.44957504,107.2734022,101.2841752,106.9087371,148.9137082,97.55463132,120.3223583,74.89320326,117.6089689,81.77183806,87.97968564,87.68183844,127.4573135,141.8905602,70.69537542,81.67020745,118.8682052,119.1583338,160.1745628,117.2218372,100.288205,122.9920751,108.2782168,122.7115896,153.4236798,129.5385217,79.40696669,114.3919151,147.8701839,106.5302902,169.1364015,135.4995328,107.123561,70.47005213
24,212.580054,115.8014314,125.4168483,91.26069417,102.459528,136.2618055,96.58951872,155.3880616,75.83282111,100.1617944,95.44896441,111.292913,98.9243161,140.0346048,135.4414014,148.5092747,155.174826,116.610228,84.9229455,151.2407316,88.94837084,64.42778793,107.5500957,70.53929384,101.5191884,92.0539027,106.8635713,123.1964418,96.45876172,196.1274719,138.2985698,98.88333029,119.696977,130.8655968,151.6942383,121.750108,104.2120232,165.6520605,80.0204567,103.2620956,118.3511168,89.9984782,112.7519909,117.4120436,82.36559906,99.46517267,119.8809507,113.790318,76.37475726,111.1566455,107.8681558,100.5984454,84.42399766,109.6231908,109.2862055,134.4643842,109.6532807,108.3712046,82.5133054,142.6081278,93.53179371,114.260167,90.90672767,136.9664811,107.5929962,104.5271153,99.62708283,102.9538063,87.45375275,73.22058338,135.30662,109.0503955,153.4890338,117.9530304,111.9129719,190.1002237,100.129062,73.88477297,150.6709924,128.6595478,142.6150462,146.3132944,75.05181753,105.1830642,148.1415029,133.5938783,133.7031701,133.5387605,97.30316647,91.041716,133.773962,113.5339279,190.7872212,84.05460425,148.1286009,95.31240776,71.21931827,106.7699085,95.98578174,90.80233795,87.35020313,149.4625393,137.8235334,98.35597349,74.57050559,140.2271707,104.8738924,115.7333222,113.867314,92.26268728,85.98940035,144.8533203,68.96325859,93.89350392,128.5595252,183.4305965,96.58311247,165.720758,120.418098,157.231433,144.4033774,112.578998,113.2384888,120.3222415,135.861102,79.58867217,103.4546742,113.2852805,111.3058537,146.2839937,131.8665195,130.8514309,97.56964443,144.8505827,102.1549318,85.21367334,108.1673972,102.9400196,109.316976,91.54485032,131.2261597,131.5377743,87.30403941,106.7647069,164.9913996,122.9351175,233.4059701,77.02125612,103.3158266,122.2575281,170.4524183,134.2530457,117.4101135,109.9068629,123.198689,125.5499516,146.5356563,167.0096786,92.42948064,96.35273986,116.4515199,165.4515217,87.67750471,139.5482241,128.1541241,82.09047801,99.13862813,105.3313208,101.7019527,110.7795428,156.9735286,97.60980402,123.5303579,76.3310907,119.8574954,84.17772357,85.14375413,83.34684968,129.063788,136.1793043,71.75674586,90.31217692,128.4910358,116.5056792,154.3376807,115.4227907,105.6468056,118.5739855,100.2257074,127.234888,139.4908674,131.653605,80.57654789,111.5284054,150.7529904,101.8055189,159.1492082,130.6438889,105.6360555,69.63581568
25,221.3476236,114.7916167,127.505383,99.25549684,99.9204909,133.7308387,103.2508606,136.3183844,69.18810013,106.5279743,91.9968607,104.1126308,101.6564625,132.3603449,130.2438608,154.3871187,160.9104751,127.527727,89.14191857,136.1072977,93.99412873,67.87815767,111.9759031,71.98386893,106.419564,83.50711387,106.8707079,118.2443604,103.1810366,212.4109093,139.2357489,93.96682533,116.9024034,138.1096307,153.7117952,116.9964206,110.332456,176.7619346,85.27176986,99.81976512,109.2128872,86.20994278,111.6237204,114.2828991,85.74619384,98.81913549,119.9610176,118.8268202,71.7948987,111.9809564,118.1342408,93.37552123,93.68713647,102.7754352,99.32908613,143.1422551,111.2705416,112.6711304,84.36091634,134.8153319,96.83346812,109.0626531,82.78149615,143.3154676,102.8499496,97.53717129,98.72940729,106.2445003,93.67530662,72.17428457,129.8624337,108.9546119,145.7277677,112.6394736,103.4265624,191.447035,94.51410782,80.47561026,154.9966786,129.1517223,140.6362323,161.20275,76.14033954,101.5273659,146.6007848,148.6397142,136.8710491,138.3167931,99.66134487,90.48810146,133.0715397,116.9489735,184.5652159,85.79318307,157.2537976,84.37605872,69.10890337,116.4509742,99.26037144,89.82328005,91.66847559,153.9421624,145.3543114,104.484191,70.75014232,147.8260047,104.1244427,111.0337074,123.5540152,89.0008449,79.36036585,144.9451705,71.13552123,90.84748226,128.8951533,195.2578042,103.6690827,149.2518526,126.5782093,171.1855813,138.4504897,122.0563627,119.7309036,119.8011427,126.2692863,86.37316882,109.8590175,105.6103832,113.7405999,155.5282031,138.2055029,124.7184066,101.8137664,158.7076719,108.8169995,88.60274703,113.4242793,103.950773,104.8113764,86.45637588,137.3620466,132.0101265,78.48391143,112.8379397,171.3626682,130.1569596,241.7830436,75.46133788,114.1201672,119.0734128,165.1915473,152.0056691,114.9342888,112.1647445,121.8111554,130.2500727,146.5034262,175.3158608,92.03027931,99.71314496,113.1289898,164.4487174,86.91534106,140.1084927,125.9774278,84.10487772,101.9569123,101.1306043,101.7233853,107.7190688,170.2681487,95.26029363,122.303744,76.03079472,120.5910843,83.85364938,76.10796905,83.64177973,137.528139,143.4317458,69.71809023,93.76774872,125.466825,116.2225163,163.9984878,112.2695903,103.1355379,115.5748713,93.82547841,123.7126666,153.0951374,139.9692731,79.22345944,115.3160593,153.0251933,99.59933114,157.6716162,129.9656019,106.98692,69.56762862
26,227.4074761,110.2466314,125.4736074,95.00794163,105.9349776,137.8752469,102.0502762,138.3447423,71.07624338,105.9414914,95.18240181,104.8403575,108.9450398,134.1565725,137.2946604,162.4445663,162.079107,123.7179186,91.48243821,129.0314384,94.90233846,62.06595975,107.3556535,74.75418826,108.9857508,90.71477625,94.89587199,110.1003714,102.5545955,214.7370818,133.3334653,95.22672492,139.1386779,147.5281023,154.3302965,116.7637799,102.8164394,182.8975134,81.01097871,98.71941051,110.9849989,78.38968554,117.1669117,109.9000412,87.45146037,101.5230807,110.1753407,116.221196,66.78911076,102.1184731,127.558966,91.08313454,92.2317968,110.8074249,100.4986542,148.0004793,106.5933095,126.4758649,90.7991394,136.2062601,104.9364007,114.7992322,83.78107876,144.1030429,103.9394426,96.91375676,100.3558894,106.0914938,86.8470799,70.85866539,129.0634196,110.4792984,151.0475687,115.364599,105.3160317,189.6908938,95.89036244,82.04852411,144.3808199,124.7642413,137.4944079,159.7797308,77.07395624,101.1734671,137.7249343,137.2625148,144.9939005,143.2834388,93.91824022,90.73904673,127.5601256,111.4837784,194.9156969,85.21718981,171.9188017,85.05130643,69.88073171,119.6049318,101.2823228,90.25685637,93.47408469,159.4186557,142.581498,96.56775305,74.17381514,154.9634978,103.7023525,113.1418706,125.7046181,97.42955021,81.14687731,147.7031434,70.02039822,99.16440538,132.1177604,207.041386,99.30811132,150.5512909,120.5863536,170.4987583,137.25117,123.4153446,119.9810759,130.7587069,126.4487282,89.45801218,107.014906,109.4211648,114.8134757,169.4697723,132.7060261,124.8138701,107.7128654,160.2340507,104.0941243,89.0150972,109.3354587,107.0658081,110.9023353,88.46558657,146.7356032,123.0060915,72.37482699,108.9421148,175.5695622,136.9968099,224.3561078,81.21044269,113.176954,119.6686864,166.9866416,137.9269527,109.1551699,107.4224494,126.1230173,129.5008264,150.2965013,173.8841455,84.77641899,108.9836836,119.4167728,162.0260182,86.50868357,145.4514389,134.1192899,77.79887218,94.45794873,102.9712985,109.723996,121.8492323,186.6829704,89.09848218,111.2008418,78.11636412,124.0815125,79.91355912,77.42155499,87.12281533,149.8818605,144.7525498,67.20693714,96.5194098,126.1714244,128.5657628,168.7647324,105.9267652,108.5532609,110.1489254,103.1739174,118.527135,171.2430832,137.0331693,77.73087126,116.3787773,160.8180419,106.0999266,155.9742306,132.2637555,116.2904873,72.97078461
27,237.5099228,109.324306,126.8280053,96.36616026,96.29146366,135.3010261,104.4261454,138.8128861,72.57363882,102.4447681,92.69582041,107.1761404,107.5975601,149.0404047,135.5829004,158.7851847,164.2348565,122.4106213,92.26558827,131.2485806,86.132481,60.29280901,107.9356633,77.36392143,101.7019335,86.99261077,102.0620371,116.3593368,113.2870639,226.2110365,124.0733215,95.82833135,131.3052956,147.145744,156.9442206,118.8318632,98.32913743,188.8696,80.81577964,103.331557,117.1516228,83.14622073,123.1301975,111.5546351,88.32131856,101.336257,108.3269561,111.7993191,67.45948618,111.1260775,135.4946597,100.4048219,89.84293471,113.4264555,103.3765631,147.3057518,101.4668316,133.1464055,94.1839161,130.4906387,101.0522758,118.6127668,85.87525539,144.4201731,99.48398313,103.196313,101.2254278,107.740669,84.13913761,69.29751857,135.5410667,103.1177643,147.6343563,113.7990771,107.8203888,190.0987984,98.07717021,81.35931239,156.7900148,133.8827484,138.5459438,162.7476861,77.36587968,101.9591845,131.8125222,137.8922274,135.7657936,148.5596505,92.54286633,87.48846658,132.8752534,112.2764946,206.1678411,81.8565164,171.514655,81.26108986,65.99707459,123.1474959,102.3998033,90.65111423,91.35538218,153.4048896,161.6189379,89.56546717,68.93554157,150.958809,102.0915587,118.6128196,127.1547876,101.4137619,79.27067429,150.4734491,68.98128556,99.88820492,146.2206452,219.9703077,103.5095257,158.368341,122.9282141,171.7877213,133.5644564,119.9519167,124.8105831,132.6783744,125.2109627,84.58791294,98.01013956,115.7407232,113.3009318,183.8164521,129.9147094,122.7368169,105.1133379,175.0436873,105.8360407,89.73717303,105.0317542,96.89636233,117.7961236,89.21132601,152.3587317,130.3229792,79.28132841,108.7070943,162.8210848,142.7347817,213.9703725,73.54596399,115.5969846,122.9546476,160.4023072,151.646707,121.7203799,105.9037688,127.2574136,125.0802462,146.1966581,171.091829,92.10118111,103.6971845,122.3038685,153.5690083,79.38857798,152.4180813,120.9787906,77.73549843,88.64287465,110.3268471,115.1549812,126.486898,195.9802833,85.3981305,100.5360185,74.40409514,128.391672,89.78655572,80.19745824,93.92156452,143.5584904,143.2612266,69.45872197,97.12094975,126.5543559,120.3147401,171.2931312,115.5325892,109.519179,115.320402,108.3533963,110.9597712,168.0548028,143.4934129,78.8756321,113.1128161,164.6902005,114.8324422,146.5248331,127.6411594,113.023605,73.36549853
28,248.2320068,111.199024,121.6297737,91.0698033,99.23806252,137.4575952,110.439429,148.8496871,69.67036723,94.25724433,95.90567377,110.0966806,107.4359913,152.3814553,115.0357299,168.3960063,146.3816186,120.2124059,89.17672634,130.4963462,88.36415287,63.84718516,102.7876839,79.25288154,94.88082469,85.79711325,106.3749175,109.7285699,118.6999882,218.2820341,127.9303319,96.19184095,134.1863943,146.0878889,149.3511965,121.0598363,98.45874087,200.9851597,80.37642892,109.0667365,123.4730958,82.61863605,126.7943158,104.929444,87.72349504,101.6590121,111.1373119,111.0789074,72.45257068,104.7632984,117.6562191,107.9546811,91.07800739,107.5826619,106.336178,156.6005039,96.20791855,130.0048741,95.38723741,122.9698148,109.5673759,116.613368,89.29750883,149.0778138,93.78325823,101.8469891,96.81423847,104.4053684,86.04712276,63.36842666,128.5496662,103.404607,140.8127491,106.8598847,107.8891154,191.0537202,108.930132,88.14148086,154.9613983,133.2388577,132.3147324,172.5659885,74.66598123,100.447568,130.8935658,141.0943833,127.6081346,147.9247617,103.5562541,97.57560495,124.410309,123.4396344,205.8078954,89.60984857,177.8721503,79.78017346,71.63687062,127.1782779,110.0726943,89.14065484,97.22114919,150.6519561,163.4031754,92.41357478,67.20902942,162.8878674,103.8928321,125.2345739,122.5376546,100.2834065,86.99672039,147.6490003,68.46623395,93.64512008,151.377531,209.2677065,105.606064,157.023261,132.1092719,168.0304527,135.8118402,122.8440502,121.7171471,141.6249554,118.4215666,87.56017309,99.50901924,118.9219141,115.7949692,195.4105404,129.5163312,131.5548001,104.2058876,156.7436037,105.8254325,92.21518809,113.4067442,90.80851232,111.3959676,92.39987167,147.1458284,125.7342595,81.67207991,107.7384341,183.3324504,145.6822115,230.6963817,74.93713909,118.7531576,113.9813141,153.4875958,152.3813429,119.2093571,99.36193952,120.2304551,125.5530588,151.0532712,179.7709655,96.25037962,106.3610686,120.3285017,162.3782491,84.05818867,157.5427375,116.8245921,74.61755812,86.95393945,113.0537524,112.7357565,133.9117942,225.2206141,82.00010876,106.8871442,70.80907696,132.420951,88.91390828,76.30934316,95.04600281,133.6477453,133.2187676,66.78575494,100.0806813,126.0366191,120.5757564,174.6222274,115.8231253,113.4716743,118.8065684,112.9540898,107.0734817,168.2805468,136.2283949,84.41908302,118.0554844,165.6301084,118.8723044,155.9088746,134.1739927,101.2612421,70.3418176
29,255.4760331,114.5881,118.8690265,85.68376382,97.40920041,128.1433047,103.999783,147.5639292,70.20082946,92.83003246,93.76891024,119.8156033,107.0577617,164.2891552,108.2103417,176.8592477,155.5908837,121.7494989,95.01619232,126.4981937,80.50200262,60.11237823,100.8372701,76.66796271,93.35709736,81.35042964,101.8098328,113.4454579,121.1597087,209.1345469,134.0872669,98.36090388,130.364561,139.3460721,153.3873646,142.7066747,96.21010454,211.7708074,85.89204611,106.7955961,116.4781649,77.98856233,119.8987122,107.0998577,91.19582357,101.4867038,112.0877507,100.2251089,68.64772468,106.1747952,131.2656235,108.884541,89.32775914,115.9099832,103.0767751,154.8749648,89.38903067,134.6538258,98.32103315,120.7723557,108.4617989,119.334508,89.12891928,155.5167706,99.93841025,104.8928024,100.0541426,107.602018,79.64330949,63.74454336,135.3628373,94.67345657,154.2201996,110.8327461,107.3347353,200.8832257,113.056966,80.52400303,151.4198601,136.9604204,130.998058,174.1755727,74.88502935,103.5820712,117.3644586,144.3580068,134.7416973,165.9704946,112.7687169,102.1693121,128.2415399,115.5283362,222.029971,87.17906767,183.9822681,85.46904583,73.96038577,120.8837766,105.4694585,97.20604087,95.3307774,166.6266043,165.8744662,87.2069385,66.97076418,170.5400953,102.7962251,129.7128495,122.6062353,96.59312783,93.60073323,156.0437274,65.83755189,88.63086915,150.0863935,214.0663191,98.75430644,179.5048585,123.5458352,170.2941208,128.3610211,124.5021189,115.8815792,137.8574504,117.5365764,90.15762343,109.2548145,112.9976661,108.3476057,194.4253676,140.5565853,125.0862403,106.3314341,151.6704423,104.145961,81.06821272,112.1580301,87.45879494,112.2200247,96.83740313,147.4481599,128.9267156,80.57584626,112.5760153,188.8653992,150.4722383,213.805425,82.36681386,117.5468671,112.52099,163.6177285,145.5879197,120.793866,101.2003084,126.0195609,132.0449803,149.7714185,156.7883,104.102856,113.1927378,128.7155035,158.428339,89.13302955,164.9586413,114.8596301,74.11838639,80.65731853,117.9116146,121.8022854,124.5160259,214.3296338,81.56595284,114.0537557,74.52848686,138.6090041,96.78449594,77.14837744,102.3149759,132.2551122,132.2262589,67.97895494,97.19173115,120.6090241,124.5232453,176.7206063,112.0288008,124.5442323,119.4366787,114.114093,116.5255585,156.0824806,126.7788274,87.35043885,103.9290425,165.272057,116.8936231,158.0900358,128.5746465,104.0500975,65.56813385
30,249.4540818,108.9024646,116.1718081,88.65853756,109.9242978,135.2458094,113.3922033,158.2005771,75.12040457,88.67859544,95.202257,122.9081424,112.5929735,161.4590301,109.4957507,171.7075697,150.2185119,126.8180485,90.69334577,132.0209515,78.31486708,58.94582617,100.1208026,79.56601473,106.2491249,78.72802566,105.6553809,111.2307344,111.4872826,225.223045,141.3414534,103.2868733,123.3297506,132.1721513,152.9761747,140.6813517,94.37150731,226.4099422,80.88645181,100.7762688,123.2932777,77.79077896,110.7415955,104.5678944,93.94761723,94.87684437,108.8917988,107.1522584,66.14616059,107.4328866,139.2509722,113.5380919,90.84347792,121.4131081,102.3219229,162.4834155,85.63086369,129.9151976,110.1856631,131.5206087,106.9294886,122.16312,92.63777222,159.8180593,90.40020812,104.9262105,96.08478871,112.5968455,76.89060933,62.13605451,138.5847387,89.32439224,151.1969083,113.4197795,104.9500056,197.7816531,121.2824557,88.20680193,150.3138959,133.7509526,133.5807265,173.0510538,68.57289685,117.221196,116.8562628,142.2411501,135.144639,160.2074026,115.9104362,111.7915633,132.9561504,119.1439469,240.176077,86.89995975,191.1045605,88.48642162,73.86658153,120.6974157,109.7308443,93.06177355,93.27091817,170.8857913,154.7659798,89.11564526,69.11489389,169.7382015,103.7821755,141.6601479,130.3067854,102.7848039,89.11482434,160.7172546,66.05208467,84.36824725,142.2084236,216.9272776,106.2649998,177.362367,139.192241,170.9222048,131.9385793,138.5055328,115.7674296,143.6260175,124.7961894,92.4791138,101.9422065,114.0321692,110.5094255,173.726871,151.7294375,130.1759585,110.8776633,143.4955452,99.9318879,84.58792868,113.5801947,91.06450011,104.182946,92.31555188,146.3772161,124.5371195,82.09217095,118.4043424,193.9135962,146.2689174,227.4975832,82.25819467,124.3075034,116.9174594,170.1486035,141.0992952,120.2558838,105.2142337,122.9439604,133.531049,158.5308214,164.0333957,107.1210531,112.2070017,121.8824143,173.8971305,86.01156439,168.5914446,115.6297189,77.42552459,79.18062387,102.6854522,126.149457,124.1191336,215.2147617,81.86428985,105.9459747,70.41950043,139.2775862,99.51580097,76.89681704,105.5664351,139.7525281,136.5048267,69.11199423,95.83660844,131.4067002,123.5516612,182.8053919,116.0726615,121.6486651,120.5516805,125.2879357,114.422616,151.4527011,119.0076607,96.21144839,101.0305918,148.6971565,126.3128728,186.1426478,126.7131109,109.658613,63.90252413
31,262.7631121,114.5012274,114.8425803,85.71416235,110.7315637,139.8646429,104.6865264,160.1780008,66.89309936,88.94301156,92.24042333,123.6653974,118.9934285,163.0543702,104.827005,165.9914167,144.2088866,133.0869339,101.4461277,127.7769841,72.67726672,60.32497027,101.2061782,75.0520731,108.4605578,76.25781241,108.9814373,101.1235869,116.119006,229.9500618,139.8207844,98.73044991,120.4285271,136.0181743,149.0068071,140.7869367,100.0972665,220.7643684,82.87270345,90.3898562,121.3531476,79.51412436,119.893517,114.1384784,96.2602206,92.4017404,103.3578751,104.0687277,69.82504301,111.7791795,133.9431296,123.6504517,91.12343003,125.9948665,97.76776656,148.8222632,86.56193986,128.0606245,107.4006833,124.9911281,107.7202279,123.7997561,98.7111018,145.4512494,89.10907166,111.2816926,98.45608829,118.2044527,77.44810545,59.75591255,134.1289863,83.17130238,154.0060888,103.9789613,102.6960678,192.0624143,126.6941629,96.2108839,158.5247487,145.7025232,136.2531263,177.5733355,76.36413211,121.5867042,105.6614986,132.6931616,130.2596849,161.7846234,109.7124028,121.2877215,132.3889059,116.8816512,253.4558567,84.11777023,207.8291766,91.61413709,76.99173547,130.4883631,112.0017327,96.83307787,92.73339984,167.4548969,147.0508054,82.9010568,66.88071093,185.7833092,111.0957265,146.228235,127.1640012,98.91057498,80.07451864,149.5299914,63.7097668,80.94883379,148.1329205,219.0847568,104.9352563,180.3390839,138.9104103,191.7706717,134.9115292,133.9704731,118.7140508,151.4998205,123.6710096,89.44015291,108.6923844,110.5746214,104.6240564,164.0434642,168.2636506,131.4824298,105.528273,131.0928937,97.85570223,91.57314238,115.4627105,92.35257199,102.9686323,86.84366804,148.6895346,132.2595789,82.83717334,113.3675626,196.799893,140.3553151,219.8221542,82.80768494,124.6955344,117.0778336,172.2570145,141.254399,107.6321096,109.2764803,122.4950835,136.5114419,159.4230245,166.4387743,107.2566746,103.815904,123.8468814,193.9366338,83.16061109,174.1942619,114.4063612,80.83993412,80.94642164,102.5668709,125.1380427,131.227868,199.4867119,83.31467133,106.4093507,65.34699517,135.807092,101.4033669,70.46675269,101.0839045,135.1889317,133.0388442,70.39145477,100.4391622,134.5112352,121.7988023,182.5073842,119.8169692,131.669319,114.4669775,122.8821715,116.2237003,152.2375749,115.7584018,99.97349341,93.66101403,153.4197255,131.6271906,193.6065876,118.1364632,107.4999707,59.71583134
32,252.3582361,116.348786,126.3025079,81.66142951,118.4362121,145.976955,97.12812248,171.9471904,68.06073004,85.75444363,94.25903725,115.287517,116.9208687,176.3230162,111.6845721,149.1296156,128.5349881,144.5657833,105.4857054,120.299165,81.97109361,59.44052203,96.90695952,79.0651865,96.26788026,80.91699635,111.2989764,101.4185733,115.4915739,232.2953005,129.2906553,95.84321097,121.2120091,129.6853275,151.7880365,142.341113,94.57098286,211.4908862,83.88770169,88.30380688,121.6240523,83.84262834,131.2543738,112.5346779,90.33895028,89.23787996,116.7374276,96.41283471,67.87495975,122.3001637,123.0450314,117.9249706,92.36945371,124.1901039,109.6703788,145.7637551,82.70711981,135.3051675,107.7886857,119.5491402,118.794384,132.6007513,110.3812643,144.4076569,91.97517222,119.0701709,97.22597012,110.4121816,74.5351481,57.09281514,134.6346607,94.41226624,149.2467512,109.3474847,107.523968,195.1059434,133.3051006,100.7963646,148.3433326,140.8813378,137.2880632,171.43587,80.73551299,121.5784064,105.9572319,131.2994673,122.8513288,155.2221434,128.4133026,121.8322755,125.9930151,114.8416593,256.0338918,82.20723852,213.8331129,89.44422215,72.52653343,130.4452598,113.149887,94.84807713,83.08525895,168.9643021,142.5334002,82.5014932,64.36455789,178.7320837,106.4790969,145.8865539,125.661074,94.16872322,86.05122374,148.6433083,61.0550714,80.75204296,148.643711,201.6272958,96.51368997,178.5226575,134.5429267,216.849952,127.6400609,135.9941853,115.8178066,157.4648398,124.774942,86.59270597,115.0721471,103.8949629,101.1831019,150.4774875,163.786104,137.0069273,97.46829458,132.5892096,96.47727927,93.14314838,114.910827,90.08284598,99.32560965,92.90747271,161.3098722,128.3370491,74.89224453,110.3056759,204.3423421,133.0735273,226.8659866,83.16246902,127.8319946,108.7180879,178.3588383,154.4601842,113.3991058,99.86746619,113.4793617,127.8997275,161.5410826,168.99014,101.7839065,108.8612986,119.3372658,217.0371957,81.58527607,181.9974072,117.1976279,81.09521237,86.96600627,106.4150989,133.2030512,136.4171301,187.3698566,86.36149093,109.8388098,68.25402403,133.574506,100.0870205,74.34373849,99.70308039,141.3053036,141.4253468,66.40836719,102.3309954,146.7393496,124.0725065,186.066537,118.7851594,147.6798261,114.0597524,124.827118,125.9725278,141.9896784,123.1168135,103.3347306,94.57068145,151.7132178,142.7865215,208.4363851,110.1537424,113.9509445,61.55922402
33,245.3682135,125.4416051,124.5994889,80.49589939,119.9977523,140.873773,94.44219113,170.5631591,69.57191394,83.56009043,85.08592505,122.4684495,122.9100846,188.3213203,107.6399175,144.6894289,117.7965675,135.4392998,113.2893844,121.0359975,84.22420117,55.26988173,99.81564215,77.44499006,106.481858,85.82684244,101.7327674,87.83405398,110.8269165,231.0667866,129.4584647,100.2685149,119.9138411,133.2378684,156.5343428,149.8164019,92.86017276,223.0014316,83.7279494,80.12862018,114.3009149,87.13181158,122.6660946,121.0836168,92.65964947,95.08145346,115.4080102,95.73471732,71.05470941,132.374788,125.6992258,114.7612333,93.45443887,127.4047295,107.3941192,140.6944101,80.12224201,134.0207327,117.3941217,122.851692,114.9739426,126.107741,100.1346265,145.1163055,92.14904016,114.5216121,100.7753853,114.0657821,75.74026498,58.25800463,133.0877597,95.727284,157.8699741,117.6444132,107.8920313,214.2171041,123.9890889,96.54579479,140.9906218,132.5558199,124.9547826,181.6596116,85.13331682,120.1349732,96.95340897,135.2119404,125.198899,156.3553109,142.3311231,123.4689308,124.0577283,111.8712322,274.7537466,82.09058227,217.518647,93.79891462,72.99100369,144.9854708,120.166594,95.26133614,81.47591613,176.7498262,134.783203,91.98862641,67.70761113,169.7166304,112.1788857,145.177722,131.8272226,99.74557534,85.35312683,161.1148942,63.7865734,80.11651207,145.782347,211.6265722,108.2074266,184.4373128,138.1709351,247.256492,119.8249382,147.0395195,119.8024795,153.8064913,132.6876271,91.39864327,119.0296338,101.5890043,97.32497502,164.052776,183.0870367,146.6564106,92.41487814,143.3692396,100.5348728,92.67347953,120.0426335,85.86009671,106.9880903,93.3681634,159.464975,125.787705,71.0647304,116.9829685,199.6551578,139.2820392,217.3235938,81.56664765,143.9917361,111.2865859,187.1482736,161.1514734,115.6601751,106.1362029,118.0115584,119.1134824,152.1912799,189.6046656,105.1550621,107.8026159,121.4805265,212.3628467,82.06957833,182.8852418,114.7767832,80.10542771,84.50263363,113.2770178,139.7700711,139.4703809,190.5264653,104.5420794,102.8034658,71.67432561,135.482174,94.02729193,73.92672232,103.6042923,152.6572101,153.0091211,70.33752297,97.91641183,149.1422655,118.2109426,187.5693479,133.446759,145.4584722,117.0944621,118.5722215,120.4265322,139.5392757,130.0596128,99.17633534,94.63848781,131.4935728,138.3572861,216.0355069,114.1148622,109.5751111,66.42036413
34,237.9159561,131.5754964,130.722067,84.31204545,121.5091496,143.6548699,93.43786159,174.652793,73.11316441,87.43880653,89.00732476,130.814947,130.7765261,180.4846173,114.9783769,141.5712528,114.8138953,139.7167005,105.0376396,144.2884801,83.52222815,53.61662685,109.6394167,80.12860888,106.8556043,81.98229886,99.41644301,86.93295647,112.8359918,241.5563368,125.4732591,109.5923237,116.6447224,128.0123219,158.6776852,149.4615966,91.82562549,210.305127,91.89329126,80.78470794,115.143112,81.5757287,120.0268176,121.2756304,102.0224272,98.80218155,120.7825279,90.94426147,73.15568838,136.8853532,127.954741,115.7290697,98.61341859,135.0255816,102.895954,154.1029833,75.48335715,121.134532,116.4446855,121.8565547,118.6149229,127.1799496,107.7981516,142.1530438,93.38973204,116.6431283,105.2920276,110.3049872,77.47730134,55.91973289,132.6705892,105.052514,155.0016858,110.1405154,109.39516,235.7013322,131.5047434,96.7520343,135.4459028,147.0231262,124.6151374,189.2176127,91.70899971,124.6728695,93.091168,142.0965843,118.3325619,163.332249,150.8671174,116.4708102,127.5945176,121.3979912,275.6612071,83.80838839,231.9789723,94.2769547,74.26145524,141.0685508,131.1327595,97.48996168,88.00724527,163.2954642,129.0870074,84.26435444,61.57360577,180.0724897,113.4463211,140.973178,122.5336493,96.15463095,83.53449043,157.3326204,58.99203454,77.3369856,148.0186027,224.0106002,112.8640521,181.8403366,139.4703029,232.4076817,116.6747553,152.4207632,126.9247236,159.8951265,137.7144482,100.7058102,124.2826454,101.5354696,101.5212566,157.3612356,180.9866505,145.6907442,95.36261809,143.9640087,103.4157573,88.3554619,114.3143913,95.64558882,105.5047532,103.7597664,148.41259,130.5208383,72.26388001,118.8673126,204.881722,132.7632417,211.7267522,76.17867017,146.43762,111.011034,186.9832513,175.6792559,104.1175132,107.747594,115.750683,123.6761101,160.0308739,205.652231,98.96434209,104.1581096,125.453104,219.8619819,78.14938743,200.2928494,112.758492,75.82500782,80.76957436,111.2179877,130.93396,141.2814139,185.0500641,106.171245,97.8743685,75.46496458,140.2668395,101.2636656,68.80184527,103.6538049,159.2086945,151.1008264,65.63628484,90.18227199,149.9136116,113.8133204,196.0467387,128.1545152,135.1066739,116.5892521,118.636538,124.806066,140.3465488,135.4111136,97.60729193,97.46390117,132.2623993,142.0224505,198.4943516,119.1888803,116.4740565,62.78410393
35,245.2111959,142.5284671,136.8860918,80.34793042,140.9761043,147.4380756,96.2640142,166.3455002,78.32522449,77.27715235,89.96928322,147.2068532,118.657538,186.8151837,124.1233116,128.4159371,117.9409055,151.7870286,112.4754637,139.9216197,84.06560002,51.15697485,110.5276001,73.56519106,109.4289439,77.2932689,98.12232895,85.88093123,116.228715,249.5480465,127.078147,118.700629,111.7593286,123.8642033,151.736258,155.9022218,90.50029308,236.364589,89.86241751,80.10179192,110.150371,72.43886441,113.4106026,114.8017386,108.8967171,104.9485465,123.3575104,90.93970779,73.15042339,137.392941,133.9777675,103.5193851,107.3268178,140.6146433,101.5573768,157.42973,81.77482475,116.458859,119.3371036,130.2603482,127.4182711,116.0485223,107.295854,149.953389,95.93115307,123.0250011,106.5729726,113.132076,80.26612844,57.9169969,132.4898336,106.4797009,154.3182021,121.052398,117.913446,243.8224886,124.3383205,97.64574122,138.4780949,135.9275016,127.4176166,200.2476802,83.61844111,119.8162109,87.61785133,150.0694225,116.2847274,152.0328575,163.9363345,113.7295618,128.4325496,113.9541646,265.2706121,88.37142644,227.934394,98.65516856,66.30175493,152.7480084,133.6999531,95.1615248,91.36747274,162.0975767,127.816062,83.66446233,60.40067305,177.1443861,101.2277948,130.8810848,114.2627003,91.91999537,82.51054218,173.8267101,58.35672234,84.51301812,135.9700281,237.9279307,117.3383973,206.2414041,147.6167403,243.8886939,124.1648719,158.7958894,137.9888184,151.9163353,129.5317664,106.6076059,131.5416886,100.4084506,95.84653067,152.630958,185.4408111,157.0445091,93.37371956,139.9198843,102.1075959,89.45869892,109.862378,95.94040397,109.9379091,103.1047707,143.7379232,135.1466302,76.34957142,119.2929767,188.3646277,145.0899549,218.5122613,75.11138475,157.480733,108.9845436,181.2020641,156.9735086,102.9904068,108.5198046,123.3050767,132.1692993,155.3287428,215.5312707,97.2861719,103.56857,128.8278846,208.3975281,74.77785288,206.4780489,112.0091925,84.63712748,77.27959526,119.9398098,138.22277,159.4984768,192.1765446,106.1550083,94.24989836,77.40891479,145.7549729,107.4691962,69.21146155,98.77699382,163.4904364,147.7188774,63.45028672,91.0666841,149.5787575,112.9206107,204.6717806,127.8442485,145.8607442,110.5606484,121.3920146,126.7188132,138.0530266,143.2616957,98.97206424,100.9601059,137.6719406,135.24014,198.7473941,114.3528011,112.9634445,61.62476261
36,253.8830381,151.5518649,140.0301481,80.36753819,151.0717034,144.6940738,91.28041621,159.8359694,75.09304422,78.17552867,90.59240611,141.8029953,116.3229945,187.1941618,120.4915743,124.2914286,115.6250513,154.1685443,107.3667599,142.8613997,77.59371005,55.16133026,107.6270031,70.14824992,111.8041827,79.80985271,90.86167757,82.10106317,119.577523,255.6353064,144.1947803,122.9051938,110.599525,129.5478528,154.1923379,139.1641889,82.99443387,228.4981122,94.32056174,76.73464013,110.2151011,75.03669675,113.3519046,116.4392527,100.8405135,112.0805144,122.6009045,96.84044528,68.74128237,132.5290019,132.1831696,110.2407179,103.7312786,135.9587256,100.8015587,168.2327874,89.73477905,123.5969199,128.2816402,114.1070897,123.0203654,122.9633566,108.3882164,149.4130035,93.82188996,121.6023384,112.6420561,122.4745487,79.91003658,62.2632237,136.5782213,107.7658911,163.4662883,113.5834703,121.6811994,263.5219505,119.6408901,93.27457968,135.7425486,138.5739437,120.6464578,206.4865115,80.2967125,130.6286754,91.7691845,158.6390718,107.4956669,153.2662282,176.3676023,105.7301413,123.2542826,107.4168239,281.1528533,87.91478213,224.2611991,97.33894891,69.51574567,145.084719,129.2206742,100.4174063,89.19420944,167.1086654,129.3041518,92.04029762,65.09367375,185.1778448,94.3587216,134.2247758,107.9827351,87.18196362,75.47333343,167.1159372,55.88127466,90.13237298,133.189784,243.9819731,115.4582165,203.047134,138.231127,236.8117467,134.4107671,152.5760861,132.8561267,146.6835118,134.7754836,117.2525606,132.8329909,99.2774087,96.70674043,156.2851847,196.8887506,152.9639534,83.26420047,134.2732943,107.1895022,93.41337609,111.0003564,100.4902077,106.6429095,106.400449,135.7061061,127.1950316,79.25674534,124.8311745,188.6428853,141.4373827,221.1799818,70.64281019,168.4126558,111.149075,174.109039,148.4143125,104.4428073,117.362463,129.7480238,130.8484376,159.045041,232.2409754,98.42212937,102.6967489,134.8254399,212.3740266,72.00884536,218.7086009,113.1272364,84.09719728,73.57505514,117.4516302,149.1681168,148.203833,180.5112568,108.9673931,92.69127154,70.92441624,148.772625,107.6310341,70.49859639,105.3685741,164.1530654,160.3408506,65.71171927,99.4965825,145.4033075,116.9504652,195.3004409,123.0873982,149.459097,117.7809683,116.1157875,127.5822038,144.3287617,140.751121,96.49891156,90.56949909,142.2224058,137.5809767,193.9101787,109.6880091,104.0553686,58.39777728
37,263.6092155,154.8951576,144.7027214,87.46290977,164.9609156,143.6668163,92.03215067,147.8671467,78.36232761,78.51215443,84.016821,139.2343623,109.1376224,160.0911668,127.9157736,119.8950499,113.1288169,142.9875643,108.8688835,139.9451646,75.85950926,53.20364885,101.3288928,73.08364085,109.7558653,81.71575632,93.53238191,80.23450152,109.5036378,271.0335586,151.7282831,115.2562907,123.5123553,137.9214277,155.5656834,142.8502552,80.2188128,233.5813288,92.5832817,80.95447012,113.8735909,69.00993094,114.0531565,111.3112746,103.4958669,107.3449009,125.1069576,95.53408357,64.04208358,128.7356748,140.7570706,112.7556097,110.7355948,131.1257548,100.1252766,173.5711603,90.16468503,121.4279164,138.7766248,108.3192249,124.9545274,122.9404349,103.6802354,147.4374154,91.36440086,115.3847087,122.0175733,123.4534942,82.42112719,69.85284952,138.3537513,108.8281861,154.91331,108.1480073,118.2022368,276.5159032,120.3452067,99.98258411,147.6227986,139.1046251,124.5341629,206.786311,79.1393928,143.2937577,93.93855124,143.2133089,101.567113,146.5381811,190.3464797,100.8649574,131.6788493,105.6977615,281.2876953,90.45249471,249.9551178,100.0379542,74.69498444,149.4589946,124.8778267,104.5954115,98.75660064,151.9602166,132.2310662,93.14704523,65.60743346,187.6950448,97.62945567,120.8144382,120.561615,88.7442778,74.60761359,179.703507,54.38558092,85.79000945,149.2978184,249.7657216,117.6401302,210.0971652,129.467768,249.2151124,132.2283174,160.3251904,124.0530409,140.1237643,145.9834759,113.088487,128.3209653,97.73851675,99.56005529,155.1708205,212.2126513,152.8395072,90.79016332,137.8723172,105.9424699,89.27683034,101.6080962,103.288492,116.8939603,100.312332,142.6381647,113.9746667,78.60470999,119.3575662,189.825497,155.8916174,202.3753402,70.72264929,157.7146102,117.55317,166.5802498,145.3258908,101.6788235,116.6803854,137.7185127,127.8081526,161.124087,222.1464608,101.1850261,96.67336509,145.0345562,217.0485835,75.90789614,238.40769,117.3129134,80.11238975,79.32598109,113.7983199,153.073204,157.7694034,193.0027699,108.9211746,104.3010463,74.42784613,143.6235845,110.4677147,75.65252478,105.412796,184.5103503,158.6544202,68.50041106,99.4027181,149.9390062,110.795553,187.7083322,126.098601,160.5774745,112.8499139,112.20092,122.9694314,147.3272118,134.0112817,95.59663191,98.43135001,123.3758172,150.2099278,190.3835793,103.3374876,94.23443371,55.68206877
38,269.6720873,174.8427792,137.1498256,92.27043937,163.8651798,136.3125973,93.0465718,158.8050394,82.4577945,77.10248767,86.83447409,134.7851014,106.2034885,165.8235257,127.9228548,120.3523953,114.3427228,150.9222191,102.3240171,141.6440742,79.32561942,52.80524244,95.97803701,72.51560454,108.578354,90.66570246,93.69214107,78.59332733,110.1974832,281.6812662,153.1520533,126.0738369,114.5999675,134.783951,158.0069074,140.3177211,78.46357797,237.6724229,88.93932762,74.00209998,111.7645976,65.37792078,113.7708245,105.4395797,114.3159472,110.9148492,120.320042,93.01488831,62.54664407,130.5219608,140.0602336,124.2095193,116.189262,126.6853489,101.8694662,172.6877443,95.4146592,130.2847499,140.583229,112.7209345,119.0001225,115.1591191,109.5350205,148.1600915,90.86956851,110.7188931,124.844284,111.1669472,80.23949176,73.81662027,129.0818322,103.556931,164.9248821,104.6989689,117.7420427,265.8725609,114.9440537,108.6756762,152.7633471,143.3674612,120.6045478,206.5348088,83.4175503,139.6423027,95.63589184,148.3053497,96.06954602,147.8375021,196.6174623,98.83701043,138.5730268,112.4399622,281.2474759,91.26807792,243.160048,105.2101665,71.64999014,143.2306328,129.7841453,102.8414459,102.7347249,146.4600265,138.8972132,88.01051831,66.41847381,202.9068813,91.3004823,122.611205,117.4323648,80.82137087,74.00119205,191.2162031,53.34111216,81.38983197,153.7479794,230.7518258,111.4450741,212.4995364,127.9329471,249.6743573,125.313531,162.6212879,125.7557851,140.967209,151.6534745,118.0981801,128.5095272,92.46039053,100.0830569,157.1120838,225.1819082,145.4126947,90.77393947,135.7143181,112.2825452,87.15976832,102.7055806,105.585522,117.3472801,99.73105323,144.2147743,121.0629816,78.8913146,131.1937875,203.8494615,176.3145488,208.2209044,66.46230764,160.6154681,124.5616103,171.3506906,144.8175846,95.36386853,121.4615473,156.2486302,118.1388357,161.0644058,239.8663922,107.631981,94.38484087,145.7435126,201.7876431,77.89577967,242.0971429,117.7523252,80.90685356,87.96687353,111.4654157,151.469921,173.9853506,189.4934261,109.3727244,98.53647696,77.8899642,139.3909938,115.1070111,75.23881099,98.69900686,174.400944,157.0427695,70.00152668,101.6691372,155.4558922,117.746579,204.3290474,122.9626423,158.468117,116.6275755,119.4508025,120.5889954,153.5266893,129.6615649,98.75811982,97.13930854,115.9674565,134.0163357,194.9129759,99.50822966,87.07412689,61.35976104
39,266.3858188,182.3255632,128.0147119,90.68531228,167.9322779,126.3438835,97.15194086,151.17115,80.41180577,72.40395035,83.26723018,126.2921293,108.8654339,156.9204904,124.2741791,119.0718112,115.8440537,142.7888536,103.2646289,141.2080641,80.37265866,54.99727996,97.67912155,74.0568276,99.60829526,89.3627842,95.18620733,76.70825663,111.9565925,298.0587068,147.6744959,120.9088434,120.5963907,137.4461624,170.350928,135.2732595,73.31288533,231.6691056,96.37342518,73.55869466,129.8967471,60.04329743,108.3554534,104.7055768,111.5125015,117.6913136,122.4049448,101.3580092,59.81430886,122.5628573,144.4365101,120.693568,105.4488507,127.6018736,105.6193902,178.2453565,96.02116646,130.5381133,136.610977,113.1594946,122.0133334,117.2906992,109.027834,150.4163141,89.99306483,104.39969,125.029242,107.829864,89.18235432,71.57102049,134.2008952,98.12391967,161.857817,104.2892851,124.4235057,267.6290232,114.3388108,117.6365211,151.8340706,148.3077854,116.8303244,210.2076685,90.75026365,141.5608681,90.87797556,142.2774826,90.58076582,148.0254222,196.3727187,91.30452767,132.7621145,113.0429155,291.9698097,88.65489067,257.5935122,99.72256804,75.1920691,141.5184867,136.4002594,101.8532033,112.2486716,147.1409099,149.5352256,87.41600863,65.09420721,196.229846,90.60156099,133.0208423,124.3489532,78.8064724,80.79811185,178.3189269,53.81169969,92.21079807,167.9276191,251.7820954,119.6765505,229.6006825,124.8497119,239.8242901,128.9390652,157.2974021,128.5282301,132.9436595,148.9669459,123.7247789,128.4415818,94.03339435,102.1275018,168.0864776,202.6474518,138.8420087,97.25322673,135.2156617,106.4944208,88.03189902,95.23211973,111.6318859,123.8003334,101.1154121,148.4842787,119.9460119,82.71276237,122.2940286,203.7211854,176.5543401,223.2263291,62.10852894,174.7219246,116.5061809,179.5390657,137.6353975,94.35643901,121.4067746,154.0402525,125.8363215,154.7031251,249.6540722,109.2820897,91.62978849,133.5097491,205.2170751,81.73269255,244.2537362,115.2153528,77.8763619,91.36008322,100.4039726,148.9649968,176.729658,187.896996,115.4697956,91.93107883,74.67818747,136.993158,114.8302796,74.35194028,111.4767456,175.9295028,167.1674007,74.59257414,99.93517748,154.2765956,116.0486292,202.0404366,134.070742,160.2946047,122.6135548,127.6039259,142.2309048,163.1345064,131.9031495,107.1608588,94.41892724,107.0711483,134.5351161,203.0665778,112.5361227,89.77853897,60.32022366
40,280.7548894,198.8149077,136.8496897,90.61235894,175.8362864,140.3992296,101.5002069,157.4670688,82.66856515,68.97800309,85.69619853,135.302244,108.8521842,146.408734,131.4153672,121.3906127,129.9959093,146.5803293,97.88149541,137.9843596,79.62000345,61.77951541,106.0438123,77.06140322,94.00138584,99.99676106,102.0957572,76.16534226,119.1171455,295.1323211,135.0773316,112.2370121,133.0965634,130.0536214,176.6133547,144.880882,74.73944523,216.8673828,89.05308872,76.17036028,125.9844128,60.4337439,109.7961956,102.5573228,114.3686022,106.6418791,112.081918,97.3609865,61.36486269,127.4199221,141.8239892,119.9697674,118.3818199,120.8890748,101.9376184,160.2614786,91.2581273,130.7122389,140.954452,113.20312,116.8266276,127.0175171,110.8241912,154.1801825,91.16845321,98.26896811,114.2361615,113.8842046,90.75958768,68.36292935,144.3854321,84.51291258,179.9931043,102.892534,117.2496454,291.1110283,108.8785873,121.4578217,147.901909,146.0663661,118.9227277,203.0496905,100.3732183,131.2331565,87.13292463,151.1907336,87.85803815,138.0433521,216.5751321,91.22833557,128.2264653,110.8867424,296.2636436,88.34734237,263.6545838,97.29250139,74.12165252,141.2688894,134.9528926,99.17808855,114.1643807,155.2189384,149.5813366,85.49990075,66.61617107,201.4044454,96.06835248,139.9491359,128.337434,83.5509609,88.43539135,163.9181556,53.89676618,88.64147117,163.6545235,256.0334474,119.7407646,239.8141158,129.5595251,242.2048517,117.9799072,156.4174408,126.7931295,127.844893,158.0561853,129.3301835,132.8731144,91.85441241,97.39846526,173.1548878,230.9756166,141.2538266,93.64658031,136.3670347,114.1579483,85.27147137,93.51582337,109.1493271,139.0012051,97.9678609,153.6021985,125.20111,83.71155329,123.2887594,205.5729142,160.6809687,212.3761092,62.12782384,195.6025325,101.0208236,183.1402331,124.90202,87.66099017,123.8412542,157.1323955,129.6080963,162.0506083,236.3496005,101.3151365,95.42967782,137.3533084,199.3463639,81.01380044,247.5063811,117.5755687,75.54455445,96.02722093,98.22554283,166.4313491,180.8107164,207.6558903,108.1522529,98.57948625,73.73263437,140.0758115,120.0179975,74.00479931,121.5404564,176.8811858,166.6029836,80.68941443,91.29364297,148.603082,115.6320686,200.9294212,122.5236056,166.5599562,128.6992125,129.9893945,165.3160094,148.6273793,138.2253533,100.0850726,92.81668235,110.018244,131.415863,194.8014396,94.17607463,93.68408316,59.9933536
41,266.9641447,196.9702519,146.6249087,92.04939396,181.2944886,142.5768615,104.1292977,143.1864513,79.7708468,70.08175632,82.09693058,134.636504,108.9706085,157.9429027,132.4953446,117.3947216,137.2165409,147.8606845,92.11788993,132.6320848,86.75055565,62.2866671,102.8884585,87.62828838,89.36044389,109.2044704,102.1628836,82.66573387,119.8616205,311.7702045,142.5600694,101.8466724,132.512661,132.0814904,188.587272,156.8777375,77.32777794,220.3039841,90.31935142,76.97995715,131.376922,55.65313741,111.0285218,101.0127754,111.788463,107.6548272,121.5108548,105.6889855,64.22401357,123.4305027,145.5673879,123.8035225,120.43307,120.280281,104.4199736,160.7805282,84.32432167,139.5409546,148.0598417,113.5655628,125.2589216,131.9043871,103.8592004,157.5932533,95.60482142,96.29575582,111.0889832,114.0323965,96.70611704,72.4443729,142.8704372,81.51798991,174.5187666,107.2084439,113.8657701,292.4896256,109.8712447,119.7044566,171.7204361,140.8430165,105.8404124,198.3230898,98.26400122,128.3906567,91.78994086,155.1829886,91.36896704,152.6462104,218.5363307,94.23751334,138.2155399,110.6478031,305.4789125,90.01117015,274.3266462,100.6651683,76.22271951,136.839533,136.9377804,99.90326081,115.9564179,163.521505,156.6765931,83.78864444,63.22958214,211.4934527,100.6981181,146.903564,122.4995832,77.7607065,84.68788809,155.6715094,53.72120774,87.73133879,165.1312706,255.145428,104.2750654,247.9179878,131.846722,261.0886194,128.0170665,175.1690258,141.0628267,130.5759824,172.9829435,126.7511054,129.6568798,84.69213433,98.94922627,192.0117081,244.7273603,136.8724077,96.69632426,138.0839496,114.9526222,84.98487704,84.66254873,110.3782914,135.2374075,97.54879189,148.9144264,118.1196109,84.83196204,129.0075491,225.717753,147.6641381,199.4568202,59.30717099,197.2319846,104.5121835,190.5838504,118.6365079,101.2938532,116.8740358,157.4653132,132.1055922,154.9059296,238.4131765,98.67253442,95.61011839,139.8990678,198.1055481,81.91466813,253.1592772,121.4706618,77.34222791,100.1063689,92.70452017,181.4756639,219.9528815,203.682314,105.0397108,95.3214212,75.48778591,135.2518357,114.8091232,79.17488633,131.5980178,189.7823351,157.9137586,80.33377898,95.8981769,148.5383562,121.9459211,189.4883668,123.4038745,161.2025488,132.1957915,129.975189,176.9848191,140.7234854,134.6847148,91.89666651,90.39679982,104.8095468,138.7015989,216.3202514,90.38915466,93.3881364,65.39188745
42,251.1211822,199.7540555,147.244832,93.93029001,180.247888,155.3499976,102.7920573,146.8347859,83.79413019,69.17914661,82.21383869,139.3434102,106.7110727,159.56356,125.1413192,112.0308511,135.5182608,142.4162492,88.11549265,130.3988679,82.23146722,62.90247126,103.7254064,83.10879006,85.73421325,112.2876459,100.0267717,79.02401648,118.2891422,323.3915658,154.7981726,95.69108128,138.7230898,133.9664204,160.8319758,149.7688062,77.10292165,215.6529266,89.38934455,80.62403808,130.7261784,58.17316719,102.3029803,94.14511005,109.3286114,117.8317762,120.8764625,101.982272,67.87204542,128.1451069,140.4560603,132.0036217,124.9237062,128.2568729,102.9479674,162.1198751,81.6315722,132.5102926,147.3575192,114.0566476,119.1407209,132.7956106,105.7698061,159.5190653,103.9478987,99.36548846,122.6127841,114.9008333,94.22021286,71.07649461,141.3508322,84.10065684,187.3758705,110.2870731,124.2019872,296.0804923,115.8221158,123.8700563,178.0366592,145.8386273,106.9633925,192.878019,109.6114602,132.3349649,92.94001093,141.5430677,88.23105859,149.5342321,225.2960048,97.14348088,129.6905534,116.5042379,314.7395914,93.00160962,264.7830579,109.0306067,69.90335785,135.7722684,136.6712018,103.431318,111.4267774,149.8676282,157.5332315,87.28182189,61.85261727,232.2797811,102.6844196,146.5718028,119.9817417,79.29777799,90.0795432,141.0433937,58.21488409,90.8945451,166.5043542,264.0978554,101.1970871,260.5860508,129.858245,245.7327348,128.0158827,186.3694419,141.3988251,138.7331022,162.1256575,126.7697081,132.364448,80.81529029,90.89282865,196.9152451,245.1982064,129.4963345,107.6755803,126.8477819,111.3733078,80.53994758,86.27290885,111.3952111,139.8712704,98.44849201,132.8880582,113.099184,86.54554578,128.0660577,242.9200186,160.9851471,191.1894592,62.22781155,208.452064,102.6693307,189.9570654,116.7783303,98.03044772,118.4504295,151.5914507,124.6037545,145.0193069,244.7368757,109.0740697,94.41392442,131.6559417,193.6677639,89.21787803,266.4846225,122.5678372,78.47811,92.61693987,91.21360842,181.689616,226.2176881,204.8388856,97.37215642,100.645109,74.4813173,139.4918932,105.1632052,87.06090692,157.1224441,192.089161,156.4908945,76.54380472,98.91308927,141.2112338,126.6374449,187.1843241,113.6539594,163.6108489,124.1124905,124.5147788,173.7243018,138.5476076,134.4380722,91.56704398,91.70024395,107.6990155,139.5402705,222.8884308,95.33126703,92.21799827,62.70318964
43,249.781259,196.1422612,147.5800685,96.10118599,179.3104203,157.4187808,103.4334887,147.0556794,87.89876564,66.07194154,89.85703564,132.9059283,101.4094242,162.9866765,122.845078,108.305636,133.4380085,161.6637065,86.61535157,132.015775,87.0285549,59.74769568,96.9040125,91.45771924,84.22858105,116.8222592,100.2714817,84.12973047,132.3142211,317.0028756,149.4864803,93.08098661,134.1239401,125.2619664,164.4144501,143.6683799,76.42823306,226.7250996,93.99735569,79.76063317,126.6669458,58.31920434,104.184561,89.92267882,105.3560613,128.2918569,120.471879,101.7867482,66.12911527,126.0909574,137.5777208,134.7795254,118.8271264,124.9342621,106.2820229,157.6187569,78.8491813,147.6621005,143.85119,116.3149442,123.4225469,131.406141,100.4158877,162.3050178,98.18868412,97.30857849,132.6162337,118.6160306,91.07770767,74.8992404,128.5279602,86.53527977,199.2638202,105.139879,124.4462454,267.3248361,115.8352764,114.2551556,159.7190245,145.283122,104.8668964,185.3920353,107.6279654,134.7889888,89.25908419,136.0948036,89.46734978,152.0914683,238.3810401,103.9770876,128.1939847,123.8618917,318.6650229,88.83181867,266.9345141,107.4831547,73.43543188,145.6715493,131.285996,103.0483899,116.2689906,148.085219,160.3702397,86.81081555,60.39167439,251.5850773,103.0490107,145.3425121,126.0861038,82.71534635,93.2789855,142.4026793,62.61616708,94.49832025,173.0477842,263.8713327,95.99178293,245.6692414,128.8904658,251.6464875,129.705216,209.0554843,146.8955209,145.2088245,153.7202533,132.1786642,145.0907927,77.50210092,91.3365705,194.9168171,251.615934,131.6452056,97.16433929,135.1165837,111.3140682,75.90277691,86.12557869,112.6514511,142.2100069,91.61764061,128.8046903,118.712913,91.08522185,126.5394148,227.2679443,158.7038689,194.4066163,58.17304179,207.8897835,106.1936548,203.1378984,112.102496,97.45458829,121.2674408,152.8675068,128.767448,152.3820076,254.9593473,104.1276781,96.9114364,126.438522,175.4701975,88.89796147,270.3806172,126.2040181,74.72529473,95.01491141,78.61640099,183.7140402,220.4815502,187.4039465,102.5245246,110.2147462,73.0948052,140.8400173,101.0272647,85.6780914,164.4837936,186.0728452,146.8647087,69.53992934,99.77432659,139.0515709,123.318673,195.4248148,111.2233894,173.4012181,123.3538051,116.9919762,159.9345531,139.0086689,138.2294029,87.61154092,93.70152937,110.207786,144.0802823,241.4649853,93.66420632,91.11394507,62.37043981
44,270.1277676,189.3403697,155.975329,92.23601071,182.0030424,161.3352374,107.5036783,138.4134619,85.26970762,67.25836118,77.63878473,150.1272464,106.4499687,165.793873,138.6479751,114.154239,129.381131,160.6700769,78.61581919,136.3867639,91.15726674,60.40715612,97.3357064,87.73394451,79.82865747,124.1785913,101.448766,83.48747856,127.2043085,301.4444464,156.3418049,88.60552551,140.8355563,128.8980342,176.0060202,148.318741,76.10796314,222.2148392,96.05748411,75.38057454,126.0838257,58.09313888,105.8506036,91.3482097,111.8336142,133.2562734,120.1099159,100.1761899,70.14443522,126.5356692,134.7757498,137.1994842,127.7849475,124.6110865,109.8039843,143.9415991,85.840981,154.5915065,148.3590901,113.3047499,123.7666568,127.2238682,101.888941,160.3586515,98.941003,96.02229476,133.4981842,112.4732602,83.81873271,73.43971064,136.913071,95.35028952,197.9381059,107.8953092,136.9655254,299.5935942,120.5860825,110.7280112,149.5461135,154.0444474,122.6145222,178.3612902,108.9752811,144.6386565,91.87086166,132.3670079,94.16449854,147.1451717,252.0580703,96.96835439,122.0900155,143.7816734,319.9190227,85.31301655,278.2825851,105.4847025,66.8249637,151.3283442,135.2928126,103.4150941,112.1489509,145.7118557,152.158203,77.26374906,54.18640273,237.0042378,114.4967343,154.9335162,118.5728305,84.96647538,92.57759275,148.3812402,64.03736275,94.59282977,159.8567958,279.0992247,93.93369909,245.3651817,125.8070033,255.5803213,135.8065748,221.1441861,145.0161884,131.7162125,157.5930478,135.0359995,158.2969964,82.02799309,94.77882132,180.7105811,228.0283217,146.0970285,95.87653991,131.8963009,109.2245891,69.57994427,77.57751395,114.2928244,131.6380889,96.58791457,124.1523101,126.3419926,91.1242473,133.4278778,223.0251273,168.5718157,204.1934753,58.6663136,205.4594455,99.2409574,200.717224,110.1071859,96.80818813,123.7036978,157.0849439,144.7464421,158.4830579,235.8446131,110.6757542,100.5948443,134.1563427,165.2135774,93.74309094,283.9085912,132.2036087,77.12885419,96.25811329,80.57844186,185.6660664,223.4169177,185.5423871,102.7450064,114.1939879,76.65516682,152.735745,104.1139295,80.54070502,164.073294,178.1261598,148.2160938,68.55553343,106.1165507,126.8850191,124.5566396,207.105238,104.6985196,172.1323653,122.8379571,118.2840766,152.7264565,136.9115943,148.040168,88.70055055,83.59601881,113.1823143,154.4064712,235.8023797,100.8575439,85.17131811,61.71623379
45,261.3817887,189.1352377,163.0610641,91.40380578,178.2255332,175.6011913,103.4355837,146.7639574,83.14589318,67.98494471,74.82622632,160.4152582,107.6299189,166.7693549,143.9269792,105.7968368,130.140966,174.3836051,83.31366453,141.9701085,86.29435084,62.97283381,97.58852626,87.86420977,85.08510343,124.5039586,98.66266619,78.88796966,131.6619555,299.4832292,152.584787,90.0335758,140.0180429,123.4759443,157.1615974,157.9701699,76.8136745,217.3634525,90.87868887,73.38896743,131.5946098,57.37235173,101.5281476,95.9940232,115.3595322,123.4672337,120.6091901,88.54285406,72.42920132,123.3583295,145.8419597,137.9373384,130.0863431,135.2704246,103.7308444,159.1138609,94.49742719,141.3957101,143.6557216,110.3867764,130.6134027,124.1571071,104.8078076,138.8373353,87.78398589,95.91858835,146.719399,112.6076067,82.90751548,75.5962787,134.8115364,89.55852218,220.0089476,106.1374864,140.381002,309.5399926,121.3897014,102.3505588,139.9072881,147.6675893,129.6165157,187.9588534,115.346097,151.8833032,88.84117228,121.5203702,97.55321167,148.9591446,250.9296178,100.6422382,137.6340284,144.1752873,303.1914725,82.86161554,281.6984266,103.9618923,68.35239713,137.1096215,135.8035407,105.1945481,120.2309169,149.2148307,157.4482608,76.43073415,47.88485536,232.9898348,112.8002846,161.822981,116.9074981,83.3582561,90.04504893,145.5315456,64.15238857,91.57543367,172.0092445,301.5919947,98.04797944,229.5001833,114.0549462,249.2720975,127.274821,222.0285434,140.3560034,131.3209631,156.7396278,139.4760586,158.5199244,81.76017798,100.9678618,192.8616186,214.7462887,138.6964959,92.85966919,139.6236148,106.7071473,74.27777664,74.36707931,113.5386481,139.9993727,101.6275155,123.0495519,116.945414,92.92354524,134.4862872,201.9813632,177.9506188,200.9599211,57.38212618,202.772859,101.2201543,213.9702462,109.5157094,95.68189275,119.3521729,152.6901314,150.1234927,158.9503946,222.1732042,103.2135904,103.2874934,144.2272401,161.2675895,99.89956226,295.0698341,122.4789643,73.85037971,99.56907383,77.33035675,177.1916899,228.5241324,186.4562883,102.9989228,106.4288278,85.17536885,141.2284059,107.0182307,85.94281764,169.5808857,186.6812958,151.0307078,68.60481808,105.5519604,127.1658901,123.8913308,204.3607624,115.0446117,158.7926673,134.0379831,121.6314583,145.8174534,132.5193922,147.6155969,86.28185822,83.605884,113.9384173,157.6696066,236.5521484,99.85996246,80.96556077,64.02232337
46,268.6988611,184.2103947,171.3791634,87.06471065,172.3786377,178.0786618,96.89113976,144.2337602,84.01350563,71.16659601,79.86802071,158.5575415,105.0100929,165.0104761,141.4637369,105.1078995,136.8477561,187.4158202,83.41510247,143.1179574,88.70269078,63.5844052,94.17137572,92.46129603,83.01650234,132.0603271,103.0742825,75.9512591,144.1087765,296.8393118,144.1886736,86.10167165,141.1096161,107.7315049,149.7184443,174.1442258,77.64290048,214.5761303,90.57908603,71.614846,123.7928002,58.5814553,104.4302759,96.64685104,112.5995111,135.4444481,118.8372365,89.51724773,71.78515833,114.3187,147.0085858,134.1633293,126.9981295,137.9251862,100.6127602,162.8070946,91.47831633,132.9799649,142.9908919,123.9067921,136.2638902,134.4886352,105.778413,128.5435344,86.85927036,100.314091,145.8814647,110.720666,81.28208987,68.0417878,140.4512438,88.48312528,239.0280505,105.472806,134.4255717,300.7701596,127.6341681,107.2401844,147.7122448,144.3264893,130.2159338,188.7588551,112.2083093,162.0874152,85.47500349,116.9088899,96.60217882,149.1854988,263.2106546,98.41298055,138.6805795,156.0198521,323.6602111,77.1811535,288.5169987,105.3996951,74.05473609,134.4682157,126.3266588,99.89356464,128.3759789,158.9066341,148.9411672,73.66381439,48.63159762,253.6432235,112.4650028,183.2118968,108.437004,77.2666539,89.49160609,152.0797247,67.04945667,92.35851115,164.3930118,311.1380287,103.3714011,251.5647751,111.8036036,252.0707368,125.5876676,209.0147181,151.3319567,143.0962363,166.6595237,139.3847676,149.3958459,76.95085714,94.99724874,202.1854692,206.1323318,132.0397281,94.8001289,149.4100421,111.1148338,72.43773795,70.9077658,109.2664811,144.4676966,94.91194144,135.2808621,113.8501213,83.12396714,132.532348,197.6547912,171.442883,196.8399566,55.90345353,188.5968911,100.6167572,220.7876967,110.0239485,102.626669,114.0691846,148.9189566,143.1493655,169.1662791,222.0436418,96.35712325,108.9360246,158.439584,150.6078425,96.25229631,278.214662,118.8612511,74.3071332,101.0293269,78.5067511,185.06826,225.128893,188.1198452,106.6762916,104.6800057,85.87895877,140.2412013,115.8752915,86.59135546,156.0830935,196.0425494,158.8098573,70.63272122,108.4129483,136.2756659,127.6996754,214.64691,109.5242235,160.4604655,136.542262,132.1048497,144.1824854,139.7051294,138.6445979,85.21659584,79.07053165,114.5218728,151.0255307,221.0007459,101.1632626,82.08269585,63.18566523
47,260.2769017,187.673935,172.3757734,88.42621758,183.7912883,170.8738316,90.79772955,145.4729553,85.86653589,68.84056924,75.57066309,155.0164223,111.4290964,171.6703214,140.2441855,116.0071637,136.3064354,202.022098,83.78165686,144.3351814,87.03132385,64.07340001,97.30325334,95.39770926,83.48075279,132.6146266,101.5933765,78.10777513,142.2314847,291.9948597,151.3073657,87.39034153,154.7665866,110.6427229,152.026229,162.5112275,76.50116037,241.8283515,91.96638814,71.3271369,132.0648123,58.07994555,90.63712358,104.7080184,118.4354804,133.6692956,119.7411751,91.47663984,76.00565598,116.1640357,158.3881628,138.7989007,134.0344992,141.6669421,102.4760787,156.6413254,93.79625117,124.8314347,147.7964519,118.6720684,126.7105727,140.5695028,100.8406224,121.2971491,84.48729285,105.0485502,138.3793769,100.0434265,74.58793037,68.18821042,141.0649378,86.22729912,247.5451347,103.890933,141.2349634,290.1848233,127.867285,110.3526465,153.4187976,132.2416361,123.1274615,198.0045148,111.2765004,172.0096763,79.70061812,114.3910315,96.09769577,156.2934132,259.6624137,97.89362953,139.0144346,141.0371404,311.3982393,75.89894475,281.1208039,107.4136443,73.72405024,137.8906407,126.1930653,96.05147134,125.6867596,155.9141921,147.4504151,70.21303734,51.46289612,237.4388262,112.4592397,178.0453973,111.5527813,83.97281021,85.89228035,152.7231516,64.33089677,95.29419702,153.4314757,264.3330194,99.83134727,238.9345345,112.0676752,261.0625156,117.7445761,208.7672893,143.2708304,145.9615368,156.9133133,145.050924,151.3003763,78.78272963,93.72822042,205.5087548,206.9146296,138.5552814,104.2712872,143.0510828,109.4226905,75.98971942,66.35059154,105.4855904,156.9620846,96.02980009,141.2186469,109.0587657,75.22986819,132.2510827,205.337214,167.5649127,200.6962518,51.18976765,192.4027517,93.87148712,220.1655611,106.8299025,104.3934658,109.5359019,146.3622896,147.3371427,172.8744828,254.4918395,99.54700843,104.9632741,150.2352383,157.2551878,100.9286448,255.3911074,116.2857287,84.77141041,94.14285719,74.89293149,174.499408,224.4363678,190.1255502,105.2375054,114.0241957,91.10072369,135.1883626,115.7512987,96.91971061,147.8510448,193.9378434,154.6635385,70.83186502,108.9134499,139.3467688,112.9130275,223.0345779,100.9491985,168.0710944,140.1788424,120.2699029,156.8811998,135.217081,136.39032,86.59393808,78.88215477,112.6980929,146.6026298,212.8426379,100.2945443,81.47451859,61.48189999
48,258.6322229,209.3995355,154.671216,97.12811833,190.8857013,162.8931466,93.50597158,151.3858711,87.82677721,67.26631829,72.39199619,156.207405,95.0381992,166.3286713,140.8781083,114.8165613,129.3390157,204.5970139,90.97714777,133.2305399,93.94274651,59.35251697,94.03087051,90.39654167,73.65756895,119.6090894,101.8638448,81.13942425,140.5946486,298.3932338,152.1141554,83.86465519,163.0892207,107.7243137,153.2251779,150.440799,76.26153023,251.8581487,91.05847588,78.75957517,134.4823751,62.36681578,95.08603099,108.0259177,115.7138617,126.9990158,121.7659498,88.68970316,72.69807916,111.930123,159.2190876,141.7157522,138.2144998,153.2516755,94.42227664,166.0602785,104.2057273,122.47879,153.526747,117.3322171,112.3025548,136.7447277,91.94123048,118.4053242,88.73469893,96.32975195,136.7157864,99.24120646,72.98043091,65.97825472,158.4907835,92.63173192,256.2091349,103.724881,137.892765,293.9068891,135.4736489,116.2229424,151.0385379,133.3025023,133.3722764,194.4129435,111.357212,172.4844582,87.97305166,119.2760202,96.333406,156.5507338,269.7152536,100.7921881,134.5621231,144.2866574,319.283567,77.6878784,297.3173714,102.8542616,76.35785748,156.4510649,130.6773945,100.4669048,122.784381,157.8470634,151.3887408,74.07220923,52.45667949,227.9600603,120.016685,167.1242169,114.8009331,81.6422627,92.7708598,152.2810952,68.21754394,94.94376488,148.2273552,258.794508,95.20059044,234.7801761,117.4151546,270.9790389,116.6286317,227.2062244,141.0252998,162.5489732,146.4744597,161.5419951,146.7452647,77.83566478,95.15050217,193.1409778,193.9373002,147.68673,103.3180674,143.2567758,115.5059633,69.72014283,66.22644807,102.3294964,149.5327523,103.7935147,131.146579,110.6124035,72.45067942,152.75647,204.893235,159.2884038,211.5578782,50.66025293,177.1642514,92.57585086,213.200962,111.9574306,98.83426963,106.2417472,142.1014387,139.8299186,164.2923111,274.8444386,95.62421234,104.0396594,150.9671731,159.196533,101.8921183,257.6768357,119.8082656,84.60238447,89.64074898,79.5048174,169.9545762,215.4504458,204.0911266,105.5230285,116.4027572,89.72631973,129.7044796,111.6435291,89.03099463,152.8407694,193.7753187,165.6946023,72.1826728,104.6085268,141.9015217,115.6365917,226.2320699,99.55731391,190.3207799,150.9158278,119.5875392,153.1888677,140.1224881,143.095809,89.04114348,76.21639001,116.5315458,135.1820954,217.6124006,97.45828197,77.44961518,64.47949287
49,284.4278123,221.335511,161.4500715,94.1200911,198.7242998,170.5715395,84.51803629,151.1822322,89.84442795,64.48355251,69.23407283,151.5814345,93.25438197,169.4359311,156.4113621,109.2930593,129.1955502,199.4285795,83.79799349,128.1080205,81.26975184,55.60827692,90.3119518,90.2193148,72.83488586,124.6389956,99.24639214,87.94414866,157.0264067,286.5337673,156.2531764,76.48867954,158.7011793,99.9248769,157.3866032,152.9993028,79.92840466,259.6915358,94.81465689,80.30068524,127.6672693,68.29723929,93.0438416,108.3606308,119.3040706,125.5683602,120.3474872,87.12513482,74.32880577,110.1981759,159.0610184,137.1325086,130.7504821,159.3395088,106.5983293,154.1289625,107.5101275,133.2664679,154.4097506,122.2494504,113.761181,134.7540706,86.2616376,117.0380136,94.43328987,92.60074911,136.4300059,93.41841103,75.14487278,69.53444844,147.7759301,90.94188079,271.3061252,101.0445097,142.1981349,283.7946151,132.8607465,113.5253281,167.6478004,131.1420162,121.9879971,188.6204249,115.0295696,173.344187,91.38742536,120.8213244,93.04405723,147.7791922,258.8367976,102.5262279,126.2208095,148.5733446,342.0194411,77.78563568,298.6181816,96.08795788,74.99099657,153.3334932,125.8836807,102.1301073,133.1390254,156.1500585,161.8441796,74.23524206,52.11932069,220.7802579,115.7261767,162.6234599,107.6309785,77.15656195,98.728515,144.8995815,72.05389196,108.0283315,151.522129,256.7767025,96.21216085,256.0989568,111.4498795,261.0374288,117.664954,234.6750555,140.612196,173.1532372,129.5694828,162.780032,158.6399026,80.76511351,92.70666611,211.7182155,206.0769759,152.0195273,106.1576509,145.9693368,122.0451527,66.69930559,67.400499,95.11343487,151.0402902,103.7827986,129.5763948,113.3072274,69.43433356,136.5195227,192.8770517,156.6992161,227.4723521,48.47567577,178.9405694,100.7879264,198.6408475,107.7572787,94.9082486,103.4174805,142.9876434,151.8692132,180.2831814,266.9730917,97.90061432,111.6855379,140.2953887,155.2440618,109.0536852,270.2478246,121.2948698,82.67574493,86.18965807,85.50062668,171.3618292,212.9419703,186.4245063,94.08003755,117.5274082,98.75789192,126.2468924,117.119376,90.43590332,135.6977477,179.0088761,170.842665,71.9163406,98.62160818,149.1543275,114.5300669,231.9356321,110.119938,178.2686078,154.6354172,130.2491228,153.5289174,144.6611083,143.0433204,95.34866025,80.19500039,116.9294243,142.0880248,234.1220607,93.33432094,80.00411107,64.36699003
50,284.6273107,223.7367567,157.5496805,100.3431242,208.5018689,176.2338539,86.97348427,167.6392069,87.82275772,69.0404695,71.47089286,160.1683724,101.7850646,165.3562511,145.81052,103.7242109,134.0870366,190.4846813,82.60475561,150.6226189,72.86062321,60.51111491,93.66447406,94.48346146,70.81899928,129.325155,93.85086623,84.28011805,144.1440724,297.5893987,158.9976732,74.52876224,175.2259695,95.68807663,154.5273682,139.1911681,77.0646039,251.9761557,90.47003332,76.36635845,137.1745826,71.22693535,99.5879431,96.30820439,124.1609254,120.186689,125.039595,84.91931478,78.10600718,121.7038278,160.042282,134.6824667,130.7874077,171.9660867,114.8143162,153.1867596,117.3002701,136.2078672,162.5693007,128.6431873,108.4513849,126.5810308,90.65795861,127.9234127,99.58166315,88.29531318,136.9582167,95.74855229,76.46851052,67.73190075,139.8028569,91.96023247,288.0937766,105.579825,140.0709556,295.6438536,127.077262,97.77043883,151.7464916,123.7086814,130.6558177,187.2398904,120.2314681,166.5489763,86.35525678,117.7908891,92.87828379,159.4239089,246.6827834,99.47776237,133.5298309,146.9533799,359.8342163,76.77763664,325.1735587,97.99849692,77.91240743,152.694329,128.7342508,100.2371385,136.1178108,151.4201186,157.0534662,70.98763473,53.37091844,208.033907,114.0597771,163.2243865,118.5657184,80.39655426,98.98797521,136.439316,73.61489654,114.9515007,150.667048,248.7626474,101.4456851,232.648719,120.2606534,269.9109592,117.1441339,241.1276213,134.5539971,174.7247125,126.8071009,163.9963704,164.5019856,83.51532536,96.77772254,214.6481465,203.8227347,151.6147767,107.8448628,149.4715386,120.1773447,60.25536559,68.02945304,98.93738307,166.9207536,111.5390415,124.8378834,109.3602686,73.55693129,134.96287,198.410561,163.888323,226.6224558,47.90635029,181.199131,100.3161936,211.5447848,105.4814957,94.24430877,98.03947132,153.5196251,161.5066334,186.1882215,277.4616825,100.0702357,119.8526458,136.2910493,152.751769,103.5546427,294.6809925,123.3755548,86.12853349,94.95579303,87.70865041,184.1909503,216.3422801,187.2318843,85.41643431,122.5887288,99.62805434,135.6634534,132.2102111,89.8554861,150.5766752,183.6729248,164.2873238,72.30877823,99.81356777,138.4461998,112.2666057,242.0488503,110.1734998,175.6944455,146.1514515,142.7571404,158.5397988,152.3379938,141.6263196,92.7963771,84.84422165,125.3016251,150.7079167,233.9745555,90.68147758,84.00135567,62.9886001
51,280.9383092,217.1718791,178.8083539,99.42712555,223.358578,164.0621462,86.55752658,163.8243966,96.44302293,69.39165082,77.64890657,185.179438,100.7644052,149.3517745,150.338479,96.67906983,133.575494,196.1441456,86.12037134,161.3053285,73.04350557,63.77220656,91.45887579,107.9195654,68.09107435,128.6669499,99.34151389,79.51053348,155.6563096,328.6312771,164.566407,76.53115182,178.2350079,98.65618606,156.5691815,152.6241173,78.76808314,237.6141799,87.99264252,73.88481199,143.1896011,71.76696223,93.3124309,93.78243249,122.8089111,127.2638114,125.8060889,84.79638145,75.2665548,143.3678396,166.0808211,138.6328938,128.4677834,175.8011376,104.7123074,166.1198157,117.8934696,128.1673414,159.3239756,124.9200304,115.5571067,132.6293028,84.37290059,127.048173,97.31602315,92.43927901,132.5550468,103.7462251,74.88364838,67.11180877,139.3693459,88.47571867,305.2101197,104.0127244,145.8418961,320.8382054,120.9984066,95.61584389,158.6553864,121.76194,127.0696825,197.8487841,133.8083721,165.6947175,90.78151844,123.3242679,98.42882741,149.5379815,253.4919776,98.10117038,134.3378409,155.5242262,346.7735183,69.53996002,340.8436834,97.38666559,75.53221761,143.1997209,133.0331246,97.03351927,135.5427177,170.0714859,164.962196,66.66297615,54.96615933,196.322461,118.9497295,154.8170237,121.9202398,82.14095769,91.7975981,134.0840241,73.28045672,116.4987653,146.9663474,227.2525373,101.0446108,237.0804934,128.3510738,261.156419,124.1832272,238.3009041,141.1417926,170.5305374,140.2496522,166.1049525,156.7870679,78.01367293,100.8896998,211.1913501,221.7008837,138.5705456,107.6252183,158.6765532,123.3455808,60.80751083,69.19530522,94.38148734,168.2972941,112.6189366,136.6412881,111.9928808,79.39119188,122.3783852,206.2187196,157.0051621,227.0496417,47.17919713,179.8619152,106.8021747,223.0472553,115.7836847,91.05837287,92.89713718,153.0887031,178.9319799,174.906229,272.3539478,82.42186106,131.6379676,147.1476523,149.1661902,102.1852497,282.6452522,119.8237685,84.09527744,100.7140793,94.66026516,180.30975,200.0806614,181.8417304,85.20462952,120.0867182,115.1115396,146.3343547,133.926167,88.84212855,155.5214629,182.8265189,164.9334094,79.1377443,98.70934893,142.4395901,115.7052227,247.5939721,106.9545816,163.0097681,141.3968637,158.4501397,161.4934884,159.6205686,144.8304228,98.12580061,81.50822184,122.4600909,162.4677931,239.900482,83.44273703,83.25716598,53.67656094
52,264.0314962,236.5296201,178.0091374,95.95848309,226.1624201,152.7315761,90.18266178,169.2091103,94.64464628,74.22595835,73.06395896,191.760593,99.12064664,158.5337953,146.5563701,98.47975584,135.8239111,192.0904641,92.18808735,160.219006,70.48789991,65.86687602,90.78934222,108.8858168,67.35472489,127.1307281,106.4213644,78.04192808,143.9660437,336.8475471,172.3475067,77.83339039,176.7247131,109.041776,150.5357011,153.9155071,80.06328688,232.7326232,96.13248568,73.08712266,148.2402253,71.02860453,100.9891302,90.25255582,122.1620816,125.9274956,138.2633958,93.77747519,77.72109001,138.0874262,157.6909534,140.3059084,133.8072746,174.9400288,101.4182277,157.2461482,119.8022381,124.1983839,156.9492195,116.4562418,115.5147671,135.4995295,91.14806419,129.0359158,98.75452897,96.9813995,131.9936673,106.5671257,75.62894634,66.98067534,141.7356651,92.12241176,294.3780211,111.4389276,140.9486989,315.7195892,128.218137,97.68392066,157.8709718,125.3736583,124.0264447,212.6845543,131.8713461,156.4654409,84.34662938,125.2313657,96.04462917,156.4674438,250.7460251,93.52461672,130.4762355,155.7230317,370.9837093,69.87338483,336.6332768,107.8725282,77.36343582,132.6625363,140.2355005,93.27188365,132.7083211,188.848111,169.3399938,64.84910316,57.78384393,196.612347,111.2358071,162.4111506,113.6423576,86.25688907,91.87940701,130.075628,74.10714203,117.508851,147.8415358,223.5464863,100.3241693,236.5231489,126.5693133,268.59562,133.1034908,235.0411715,140.7917766,158.3545993,154.5623404,157.0691494,153.6291816,88.9109489,103.8716628,228.7953695,214.7301188,144.7798857,105.2290499,152.7220775,134.7570937,57.93790347,65.17427256,92.32540245,154.9382601,104.1778407,143.7872038,115.8636083,79.58228552,130.2495343,203.2729068,148.2785738,225.8527167,52.01754699,172.9465578,97.98210069,217.8900645,111.188118,105.1844323,100.8662645,150.3452682,188.6879617,175.8849253,268.3103569,90.25821196,131.6979524,126.733742,142.8029986,99.42152414,274.2066655,117.8556271,85.006676,96.10685745,96.32979235,189.2706202,200.7489774,180.30736,83.17358605,122.8241902,114.0855196,158.7032862,123.358761,91.92741648,161.7722483,187.4059439,153.9457501,75.55070549,95.01102754,147.9563221,105.162688,267.9331228,109.5252474,157.5547921,143.262079,151.7050776,145.1786101,147.895449,153.6742665,100.2353321,76.38812417,126.1767843,157.3015897,229.4675982,84.17714086,87.45505996,57.15524795
53,265.4551297,254.0797683,177.3493096,99.18651551,229.7984502,157.8386363,97.68848086,183.8520099,92.02115393,68.31853173,76.39652514,198.9921299,87.57039179,155.1569025,151.8458699,93.06500471,133.7723229,184.0289192,86.29062904,166.740234,67.81382846,69.54522715,89.57432214,104.8212387,74.62602743,125.5921067,112.0022134,81.87666951,161.900377,335.7711651,164.5835609,86.04336629,173.8483066,107.7843159,136.1881579,145.9648289,75.98205472,222.7080851,94.97109128,69.29439392,151.4868658,74.52645562,90.23994929,91.24634562,120.3277715,123.6191613,141.8353656,92.8754707,76.7578739,147.1903059,157.999169,145.7265371,135.9507694,181.3645843,101.7751998,140.2406913,117.4359966,127.1409907,168.3681778,108.107104,127.960659,137.7990459,90.51296613,128.7438188,102.8042177,101.5452584,134.568224,111.3856902,84.4104732,68.03462875,146.7454021,91.92414486,298.276509,106.1415035,133.7454957,327.9613495,140.9507132,99.3196624,171.8412011,125.4692912,126.5412135,199.2266664,130.3518296,159.392055,86.52836486,118.5491306,93.77733232,160.6535847,259.7946059,89.31330775,131.1224168,150.8049746,378.7216813,72.2300255,337.4514075,103.672831,83.03171601,138.8141427,146.588919,96.2487543,138.1953829,193.496536,159.0257552,67.56274788,56.581967,205.894289,105.5626355,158.8511198,122.2689166,91.26729347,94.47066779,126.0214195,66.93152962,108.3052167,157.7279912,218.3430183,95.94115892,242.9661446,126.7285315,263.7591462,139.5350551,215.2007185,125.8731778,155.0961322,154.5583994,149.9377683,156.4311222,82.54453599,109.6964864,238.610327,239.2033086,140.5726651,107.5077533,165.896789,138.9842061,64.21579239,67.80359063,91.68048957,151.4737082,114.4172644,143.3411252,108.5609524,76.66196309,138.9370064,202.5540848,163.9489318,244.1515313,56.76993243,165.3594904,104.5263187,212.1830241,110.845077,111.2478566,95.50604322,154.0889229,199.2501113,182.6754802,278.5318168,91.00847417,138.3947556,132.723855,148.0073414,100.8288022,265.9549762,122.7383093,79.81718303,101.458512,98.71536626,207.6784843,197.5667765,172.0417984,81.69727691,129.9809147,100.9586555,169.5497611,122.6601151,94.28781822,178.5369362,184.3837223,155.9060603,72.29849728,111.8230457,146.6702593,112.2106974,285.7050076,109.5984937,182.5103061,134.9375529,168.7436855,148.5813801,148.6704391,143.5121855,111.4574479,75.39878849,127.1181761,169.2626451,236.9414795,81.79756011,88.29865208,57.00370258
54,270.0030867,274.0479832,189.7118715,91.88178834,224.9209843,145.7857814,101.0351886,191.0635101,101.1861247,69.48924609,82.35712489,215.6388762,89.1326472,142.1687189,154.1664994,92.06333178,138.2734796,173.027099,92.00053677,184.5725261,70.11376841,79.58239322,93.48833185,104.5536461,73.02287238,123.1058486,120.4263582,90.06837703,168.4529442,352.6381541,166.5196519,80.50385609,162.4127197,116.5930306,142.1551576,142.3721777,83.2162915,206.9494173,92.47955871,67.57916456,151.5419579,75.43195061,91.63193761,103.8047302,120.0104255,123.1600808,128.9048727,96.16917088,86.47539765,141.6951073,147.0334888,156.983211,129.7673197,166.8111686,102.2045254,146.1979192,115.6925344,128.0830491,157.3703989,108.1468919,135.0156867,135.7789194,88.69146352,139.659866,103.0466726,106.7030134,127.0983302,112.4652645,85.18886503,67.28747746,146.8560139,89.22878593,337.7468537,102.515856,123.9175553,313.9454129,129.6512869,95.92578749,178.9218627,132.4737531,123.0591857,196.8045647,133.0506409,167.3759157,78.29090362,123.5493758,91.37445913,169.680121,248.936536,83.31664313,114.9421697,151.9945796,372.2939318,67.6750032,349.4912599,105.0610999,78.71281998,141.235274,158.6413477,103.8309202,129.7145423,186.6578582,168.7873372,69.79639462,57.43363126,208.2243465,111.0192862,152.8980386,117.8807103,84.04393045,98.91453257,121.9885516,74.30064095,107.7178705,169.419789,212.8182386,99.50263261,243.7983719,134.7510801,253.4140196,155.4090434,222.291009,137.1329746,147.6337944,165.2119155,141.4270048,154.1582197,79.97306027,107.5576739,217.928777,230.086899,136.5287925,104.6908606,173.4768674,144.467536,58.87023165,71.47794909,88.62803086,142.2095377,108.5101287,158.6548141,117.6764186,76.79846657,139.5042555,187.1988108,142.2829698,225.2145568,60.15347688,156.4829188,105.1178597,221.5045323,115.2963632,115.2599237,88.3454277,158.7857836,200.2475484,165.1984217,280.5170906,81.69216372,130.492704,146.0825342,136.5051036,102.0297268,263.343055,132.5604765,74.8610049,99.2153772,96.92049412,224.540054,202.8399946,177.9085329,76.65806595,133.0741508,113.1047908,166.7702563,124.770256,88.53691211,173.1654132,187.0370069,151.2501386,75.02431062,106.5111356,142.8796517,115.7344953,309.7274965,110.7499939,171.0864159,128.9475723,166.2350453,160.5591985,162.080782,151.5314853,111.4791469,79.65393418,135.9613906,175.1689878,234.6660897,77.97470027,94.19158588,56.20216363
55,285.3392932,273.9496657,204.5792316,88.79101397,226.8415641,147.0027139,92.69539256,189.855386,105.2659248,70.35760805,82.55594236,198.8058627,95.56945907,151.0504805,148.7979009,88.27221183,143.3184789,161.3899116,94.70991039,181.6018537,73.43922767,83.60548502,85.63039111,101.9788481,69.45698151,122.7903904,119.2519419,92.3998827,173.5446027,341.612813,161.3853275,83.06397002,154.698532,116.8839132,136.4571447,154.5011948,80.77913265,194.9254329,96.39928424,68.27507424,134.5017714,79.65257595,92.88414799,97.74864443,118.6841028,136.8816531,120.0377806,97.90404306,90.42977349,128.6559454,152.890687,148.5725913,123.415076,161.0017024,106.3638363,144.9353697,125.6775754,126.334767,163.4517181,118.2766374,137.50685,137.2413627,91.60120206,153.5611291,101.0385223,111.2601764,126.6004922,115.6168085,89.91611331,72.35881681,138.5877817,79.74836527,352.0820807,108.5992712,119.1785691,296.8406634,131.7550149,98.60093253,185.1882437,136.336519,116.2096548,193.8146282,131.6540187,171.0784776,70.48147256,126.5883242,99.45920792,177.2558959,248.6092358,83.85193321,107.8043095,156.1682745,340.721404,66.29551434,358.631443,105.1787003,80.3683303,132.8618667,168.3962452,108.0572935,129.7405707,198.3744045,164.1971259,65.36833608,61.40751843,201.4222636,118.8703643,167.5658389,121.5654455,87.68318185,103.0689166,141.4699473,74.23862498,110.9660273,168.7718226,227.3787619,89.80331341,240.341985,141.6069948,284.6251473,146.840565,227.1012513,140.0329564,148.6087017,155.2205958,133.5735569,151.3631674,79.93018585,128.7002935,239.0918279,258.7519954,128.0311659,111.2924825,173.0242293,142.6107119,60.14525448,69.90976148,92.44740627,151.2554338,120.5996768,171.5477534,133.8778345,76.53491035,136.10348,181.0343529,154.3271114,218.6715246,64.98256657,158.257093,106.3639584,224.8071435,114.6684501,111.6869649,87.64867114,165.0126376,190.3364986,163.8874976,289.7059121,89.33909757,141.6600309,137.6409062,135.3971337,106.8848783,266.8579157,140.0668937,67.2331985,93.13266782,96.0720001,227.967889,193.4712668,184.8353097,77.00745094,128.5579989,118.7654623,169.926642,123.2710665,91.21864261,167.8157041,194.6626931,144.3818808,81.24401741,114.3446719,137.8282691,123.3283319,326.795587,103.2099591,169.8239754,131.4616946,175.9612995,158.0224768,157.1304157,141.7076407,112.6217193,80.73064714,143.9476873,168.4755549,234.3023949,83.96020433,98.82992621,56.74282601
56,286.9028135,283.8818487,182.9060263,85.45725273,226.9095727,152.4881195,87.98172818,206.5720993,109.0454712,71.0047176,84.61357388,202.1442145,101.6955191,139.9690156,165.1031004,83.5709397,148.7391635,154.453082,85.45936957,182.4515866,70.59637469,85.79022636,82.88763815,97.53186379,67.68558334,125.253581,105.3216006,91.21619539,168.5779001,345.2589567,153.466828,81.70739212,146.7029426,117.5973941,129.7050461,150.0523564,83.42808377,189.1801201,99.59351833,70.11170776,138.1878567,74.49449213,90.28754069,103.6439776,123.8029696,135.7996036,120.8981345,90.87072372,82.19497212,142.3461785,149.7181136,137.8505322,124.7101671,168.9004075,118.4414431,138.8432474,137.6675139,125.5354274,170.7322377,113.0922994,143.6233132,133.3177367,89.06272634,136.8904685,107.651102,115.5567839,125.5301577,112.3035987,93.49382249,71.74431726,140.3520706,79.62158571,353.2261704,104.3090093,117.9680875,286.2825613,125.0106087,106.0439905,204.7293439,132.5705758,106.3272701,202.2595174,128.4553711,162.1860937,70.11754309,126.4704386,96.95499473,190.3317726,243.6196547,81.82474777,110.00411,146.9301174,336.7512617,70.03500432,344.9323437,96.81641335,79.55238037,140.4798396,168.9565494,111.756847,132.1221179,204.5197931,162.4956281,70.02854483,62.33098193,218.6375834,122.3140946,158.71557,111.3245322,87.36681581,95.33303291,141.9986899,76.06517535,118.1088733,165.0005619,212.8887443,90.00715367,235.635622,144.7887713,294.0986218,156.9495318,238.0908534,138.7985267,155.8943498,147.1737881,141.3836788,153.6350774,79.41142186,126.5071023,249.4649454,250.9697877,133.9927445,117.7209059,186.3287082,147.8931908,58.82063358,72.53394786,91.57145641,166.3593365,119.6883267,177.5872063,130.2353757,78.22007908,144.0012602,170.5174525,163.3411863,219.0276407,64.98501606,159.5866472,113.8658556,232.884637,114.7356975,112.01038,87.4883604,156.1538331,185.3465713,169.9947642,292.2804801,93.00773467,135.1358845,139.7795865,138.0886239,110.6643963,276.9266305,146.0295482,69.02649274,88.64824789,102.7846212,235.0387822,193.0618301,182.1029741,82.22982147,141.6069332,114.7896782,185.5946919,121.6944032,88.13602032,166.5508366,220.3833388,144.560375,82.38002984,108.6614795,152.0194464,131.4351811,362.4642891,104.9960888,162.3085361,129.9002837,173.0033116,157.9905691,155.4097739,154.9459472,119.8610819,83.81257598,142.301698,182.444649,236.5165772,93.38986094,105.3348017,59.57728936
57,270.7811283,293.3611769,190.1893289,91.96536688,226.3727895,149.0682536,83.39188167,212.4502778,107.9153557,72.04387019,81.64355678,225.3059492,103.4073949,148.7778216,163.3299247,84.49002137,153.8352289,161.1858331,90.11397726,203.2654857,73.15532489,92.12421517,79.88664702,96.76134368,72.08407513,125.4741503,100.7972881,84.85108554,170.2107951,356.4379445,168.2551746,83.74080617,142.8954241,121.3853304,130.1948757,152.6363632,82.0589171,185.9099597,103.7676061,73.02067391,144.6850508,78.42928622,86.92471236,102.1629581,132.0396537,131.1268149,119.2847673,90.16230051,83.59248965,131.6040574,153.3484147,135.9165047,116.6964645,192.2350768,122.0720864,134.4715443,136.4242034,116.2266607,189.5667944,109.7673798,142.0237811,126.3248748,87.01657476,135.6493419,99.58422658,120.131867,128.1292164,101.5530017,100.911412,70.65582675,137.3238635,83.58126318,322.9847775,96.60772697,117.3726201,275.5818405,115.0503743,112.7873806,231.3278483,132.321817,105.4290299,192.8824557,126.8224446,169.9041943,69.28053478,131.0377427,99.56459512,177.767349,256.2572861,80.24260523,110.7968497,148.9213405,322.1613387,69.10854571,345.0164292,98.60144047,83.01826669,136.9539292,172.8944192,113.7828258,138.2028376,217.6338402,159.4458889,71.45364436,62.57419029,212.9265523,124.8864388,157.5250974,114.4261266,88.38515472,103.8894301,133.6628262,77.71768628,116.5574129,161.1279755,205.1451469,90.32960404,237.7973985,158.2686554,299.0374125,159.3207087,224.1318952,143.4425384,163.6464364,146.8770319,133.2390557,151.3835239,85.6697024,128.9577694,259.3838983,254.5205499,126.4367095,115.5949628,189.8359452,154.2175721,59.82774198,68.83608137,88.44998671,173.8914262,135.8666384,157.6876013,131.826456,82.71738925,147.6664693,180.2206253,164.397517,217.9392933,66.1502362,163.4138179,111.5754537,230.3564849,117.3993093,116.3658789,82.71375522,158.1078568,189.990504,171.9969876,279.9077044,98.2375307,139.8884557,155.3261696,142.8068676,114.9589815,297.6638987,136.5187311,75.15839849,86.91912388,94.64096951,249.1044177,204.1663327,176.1335218,82.02447473,138.9101478,121.5679766,176.5133389,131.9555724,87.13020897,162.8120246,207.4584731,141.4277012,84.11777626,107.0507973,146.2555791,130.6062859,382.3870446,109.0137872,159.1207785,134.885343,173.3659406,151.63524,145.9240188,156.2659914,118.6596223,91.49291713,133.2935429,180.1519837,234.5718212,91.52970842,101.0938384,68.80040832
58,265.68037,263.2368478,180.7835395,90.26567402,208.8983906,150.6656746,84.16683771,217.9551438,101.0562991,75.06907164,81.5582869,229.5783523,104.8118716,147.8955688,168.5694478,89.14556498,164.6786022,151.9649981,81.74092467,211.3983342,72.68555848,87.93007527,86.85891282,92.67360316,71.68522169,121.9341597,98.13455595,83.3346371,175.3797424,352.2398326,174.1214149,80.35131046,137.7347511,124.8594961,133.7920642,152.6534339,81.62354712,167.4846757,98.15789776,74.71903401,153.0968321,75.46373083,80.31011052,104.7037323,140.655994,127.5871082,121.3528461,94.12770756,87.5671226,126.0555324,157.858989,133.9535496,121.7506189,171.7448226,118.5659739,123.0836925,138.6956633,122.5560653,206.044352,118.4220597,135.1564092,124.2240323,90.54161258,139.2791901,101.9010876,121.8588157,122.5286726,101.2122167,99.95385652,70.68374079,131.320023,83.80226297,310.713027,89.92019592,116.1230906,281.7704153,114.5766666,115.5766193,231.9252221,129.5883833,115.9284466,195.5679243,121.872552,171.8210358,64.45915201,141.4472369,100.7118745,184.4977594,266.3284574,75.67484307,116.4377978,163.2368548,337.3678826,69.15107369,346.8282492,99.36018308,80.24736589,131.4978651,179.6926633,120.2399622,151.0710171,226.9794939,149.1920147,74.50584787,63.37853318,209.7669457,126.1990414,161.1187397,115.3430526,103.8006049,101.680712,126.6808477,87.83091099,119.0769997,154.7640303,200.6080271,88.45113035,224.5012393,152.6660631,305.0652932,151.943227,242.3970953,143.0148281,159.0633376,145.3573549,134.8682868,156.360971,94.01995991,123.1830881,256.2587332,260.8293864,133.2478724,118.5093343,179.9021029,153.4524168,57.5250539,70.56022586,83.44939306,176.0922265,138.3970353,162.4253613,134.5580042,85.30284895,153.4975924,177.0026183,171.4918004,205.2314767,63.94969371,172.8845854,111.1329584,237.5308466,115.5896031,115.2692762,80.49635746,176.9162282,187.5939892,179.7329489,295.1943831,100.5479581,131.1482634,150.2851696,142.333885,121.9909892,284.5894783,132.7384976,77.16790519,84.86041709,91.13308235,238.0567298,223.7094114,168.0616133,83.18642651,127.9532194,121.2281168,162.8590822,136.7593349,93.07246421,154.8511091,225.2761703,144.3083689,87.07615473,102.9606968,145.3485201,119.1902702,405.2114779,108.1389426,175.3864213,133.7415157,149.8183096,149.8238115,131.69109,166.1381696,123.3783026,97.80875666,139.2213106,197.2336065,260.7192971,85.34745669,101.7406199,67.10998088
59,259.7775203,248.3230297,171.3798861,89.84908746,235.0728615,162.3841018,86.11508207,224.1862709,104.1989498,75.33519943,88.34627505,223.0336699,107.3471173,149.5829022,165.9557078,93.24937599,164.1555966,159.0784292,88.70324367,204.121328,75.01874714,87.40139573,80.22858547,104.1841404,73.89258411,122.7188014,95.21003431,80.01158705,180.9214194,378.9028365,167.7679121,79.88090404,150.4797552,122.8016069,144.0277796,168.7850103,84.78493895,172.5723838,98.25547252,77.54281315,165.1989569,75.75010539,80.64680654,100.6191179,150.9912653,127.3717101,127.1454932,87.85889961,83.01741323,129.2324642,156.8088223,131.8309139,124.7194449,172.0421025,120.0686305,119.7416043,144.8104405,116.7730869,204.8766154,129.4655933,142.2922198,128.9461945,93.78842813,139.0796306,98.30102119,119.8474235,122.3880205,104.1618714,90.69135957,67.18190887,120.9954131,91.67884908,294.7673673,79.09678215,113.536686,258.8010894,116.304882,122.2389941,239.5650756,133.4759196,122.0477182,205.9322166,119.9533427,185.6360098,69.4132989,145.2081896,97.22904688,178.5101236,238.6920616,72.10214831,107.343952,152.4175731,321.9803648,68.44117796,347.9489557,97.52371935,83.72325429,117.4334406,171.2481234,121.7997479,154.1812735,247.4478435,154.0868774,77.2729233,67.68420935,213.8776981,123.3985324,179.3284159,123.6675155,92.51575519,100.3846779,128.6724496,80.59258123,116.6843106,143.1861018,199.0860773,87.37068256,231.1396645,155.5248202,273.5160589,148.8495389,253.4800724,142.8037566,147.1744371,145.7328651,144.6659749,163.4926222,91.79548469,122.4056535,238.0322194,267.3125875,137.0975059,112.0949416,170.2870529,165.9817447,58.17275036,72.42000603,81.8661508,181.5043173,136.1129286,154.0071617,135.785981,91.19887868,137.4958451,184.4058903,165.4309577,213.2313176,59.909289,184.9771369,118.354071,255.0079253,116.948445,104.5426209,83.75799762,169.6910281,191.8630662,189.9187417,304.879757,93.99500125,136.055749,157.9145068,147.1471704,106.1466212,303.3449661,133.870515,85.58976985,93.27112649,85.53861543,251.4193767,203.4569633,175.0523351,80.04472033,136.2695324,125.7254462,164.8519763,127.6668579,100.0173936,157.8483695,222.9237316,136.6970491,90.24484804,106.7057505,145.9141274,116.0834671,441.4418844,107.364765,186.0440148,132.4227911,136.863205,157.8187712,127.6722788,168.1278102,125.9511323,93.15982122,126.3421828,204.6333665,251.0970215,85.74723521,105.6884758,71.53702762
60,271.1852195,241.7087581,181.879135,84.99505371,250.8946271,153.3323909,90.44553559,227.6778813,109.0544862,72.26604513,93.18344039,242.683163,108.5816013,144.3998854,165.8260574,91.32955364,161.6769517,152.2543487,80.88387069,199.3777375,69.22264353,88.08752617,78.55879225,108.5128896,73.29207325,130.1314941,91.78470071,83.23355294,173.0816129,395.2143764,158.4295658,80.42587299,164.908576,114.8100615,140.867665,163.303791,79.00582387,183.0435691,89.49581521,73.46346699,173.8967123,70.34088311,84.97023133,102.986076,159.2328505,130.9457148,126.110563,85.51492279,87.77820992,123.5982772,156.6494407,142.4204113,125.657329,166.6562998,116.8622722,124.0614489,150.8724168,126.1630495,190.3482881,133.7917497,138.1655524,131.8221859,89.93968548,140.3670239,101.9917407,125.0305553,126.2892069,99.03830167,91.60125162,64.96162631,136.9777965,93.72604448,281.2044165,76.54212001,112.0645079,254.227232,122.6615701,114.527009,266.2572227,134.8675875,123.229294,183.6038836,121.769979,199.2327829,75.42122185,148.9194545,108.0807652,176.3188849,218.8849141,75.49027816,101.236017,137.8447348,342.0348979,65.88359313,341.3582264,94.92931681,85.06550533,115.3591723,171.7971632,127.8521721,151.1905824,239.4515945,154.9648007,77.28121077,67.66966973,232.7159031,119.8976372,177.7591831,112.8933112,91.73028846,94.11472465,126.0360459,81.54464985,105.3099715,160.7341822,201.0533485,91.17066591,224.1326491,163.1312105,272.0181077,150.3179091,238.6305364,140.8587545,144.6898158,151.5354311,142.9531263,178.3590409,87.84132857,122.694342,237.6091367,277.6974043,141.0193323,104.2931768,172.2033451,168.3269146,52.33769247,76.48841313,80.49365737,173.4346422,142.5645098,152.7222968,138.7576217,93.25167791,135.6387599,183.8650758,155.688032,211.4806308,66.21986753,172.4404275,108.2024441,281.8234745,119.1748838,98.18848012,83.31780451,160.3329278,188.6271322,192.7167838,337.0651342,95.53747412,137.0894604,159.8144865,145.2215658,101.2933817,310.458124,135.4390135,78.18328174,107.0918446,82.28405269,247.0402036,201.1999683,192.846716,83.87338167,133.7227327,133.2472314,178.1228297,121.9075617,105.2258119,163.2446131,230.2002692,137.572993,92.46619841,103.2107073,152.0924752,109.7226727,460.0014567,116.5582524,183.5204231,124.8717546,127.7876287,148.6276304,157.7760619,177.6853791,123.2263591,90.77550811,123.477473,217.8032582,245.5444801,84.08647194,114.8507842,72.48157783
61,301.901136,249.86985,176.6568459,84.89744821,266.8986717,167.1983055,85.5926658,238.7385353,111.0210282,69.39237276,95.45694377,256.3990525,112.8496891,141.2984193,149.4204546,101.6642739,145.5659278,147.7449893,80.46033438,205.2045945,76.19683346,92.58511565,82.91651244,119.5529936,76.73226125,119.1679038,91.88861168,84.09680468,173.9336789,407.6002577,145.8710512,80.76003875,161.9251416,112.9784197,146.428703,150.7798617,78.46654915,182.7008578,83.37878687,78.93833147,171.1640175,67.14825248,81.65291413,101.2526334,153.5930171,133.4112646,137.3185828,88.22907458,83.33357933,122.0972424,171.1671894,143.0427735,127.4273283,172.9712592,132.2671681,133.5470793,147.8530208,130.8149739,176.7097878,138.3814991,138.4107652,139.040236,93.10324838,131.2238235,105.1851109,115.3393754,134.5024681,95.15107311,93.37556768,70.10449242,141.9311225,97.90892533,290.1318044,84.7771478,119.5779948,263.3550633,120.6735055,101.8277074,280.8841823,132.1993598,126.0258264,187.6102116,129.6699999,206.2686811,74.91444034,135.317224,112.6600913,177.2760684,218.2730811,78.48147879,94.51565258,141.5909483,355.8838176,66.29720264,326.8732232,98.21382939,87.93044691,118.5608704,165.9500711,135.7101464,165.0496487,236.6383588,168.6806222,75.57128247,69.25530825,220.1426922,116.2280077,184.6840131,105.9240925,84.83261607,88.88541727,115.7106363,81.74975016,104.332529,186.0486975,231.5828471,96.0162044,233.1479072,160.5475421,293.1267557,159.6247709,233.6410901,137.4550171,133.5757387,150.7680004,154.3687338,195.8331613,83.34717536,126.1757406,235.9694586,304.8855602,145.7400985,102.049186,192.8078685,172.7155197,53.06072312,78.09970031,88.57854689,169.0175012,135.1521399,155.2982495,141.1420024,97.26020976,147.4158225,192.5774821,154.4387316,205.9177522,71.69995048,178.9698089,99.08934791,293.4140726,108.4767839,99.28381108,87.09074836,154.1989334,200.2468949,203.7961944,336.7102965,87.6998061,134.1994706,167.4300496,140.4339511,98.28992993,299.8212285,133.8393213,70.41573845,118.0190432,85.8097211,242.4091651,215.9903162,188.9476814,73.91111795,130.0262961,131.2513733,177.0896886,112.1727581,105.9510625,167.3427864,232.9206752,132.5520721,96.51028623,104.5988344,138.5973435,110.6843387,460.1669523,119.7226107,184.8025936,132.7021782,123.5962581,148.8996926,148.0763675,191.4399285,119.9118979,91.2081455,135.0481536,221.9011323,251.1072023,91.91513708,104.8586506,73.70613623
62,319.6464846,253.697727,201.1132926,78.56338238,284.1719965,161.5397114,81.0894667,230.2352571,102.1167661,75.94718097,91.05203848,253.4532539,111.6333419,139.8542506,167.4325603,96.64220368,145.3855437,153.9048723,79.25283003,210.0691101,80.64141008,96.69186413,85.94802805,109.2783975,83.82075501,121.1943625,101.4246766,84.34572949,180.6249975,419.0210851,148.6706278,88.93310013,163.2183033,128.3870099,143.9368394,158.0096017,76.27353832,155.9158284,84.20213779,82.72135107,155.4821467,64.5387995,80.7108905,91.82602689,137.8563575,131.3422528,127.9782855,83.92751931,87.04161782,123.3817162,164.7413475,150.7884113,125.501279,179.559864,136.0665279,130.5884939,140.9585605,122.5055606,184.5651811,139.9924548,133.2352107,140.1293408,99.42848051,134.4220541,111.4114142,111.4615345,137.821053,102.2218529,95.90565286,68.64834888,147.1376167,90.71784733,295.8468493,89.91420598,128.0246124,257.8379503,117.8259763,100.05061,277.2226272,138.4856875,115.2610325,198.0117837,130.1515288,213.6919728,70.24266588,135.2468094,107.0918123,179.9533191,218.0554661,75.81957342,100.8137386,144.2708197,338.5718426,66.18450446,317.8964358,99.62759473,90.81588869,119.1000409,163.8004862,127.2393459,156.1454835,247.3969064,168.9202842,66.50959422,77.45550456,220.444811,114.1766336,183.9793626,105.7251971,97.00222561,83.9341207,112.8530702,80.65608856,109.4069563,193.0271609,238.7484086,90.40764242,252.6565971,161.0409057,296.8079825,157.6875574,251.1784969,130.8157857,125.2901664,149.4997242,153.1622708,190.5683928,84.67352192,127.9532279,234.3867383,293.81069,139.1908396,99.91659946,203.9615296,166.3425921,51.61444192,74.37105899,93.90265213,177.2157858,128.7272652,168.9270364,153.3886359,105.7311876,143.3545093,188.1640785,165.5269032,200.5491193,71.64760008,164.3435074,98.56356625,298.724719,105.5800094,101.2288609,90.86776933,166.9136517,189.6345034,187.1092625,352.7861641,91.24724042,135.4796403,164.1911772,153.6916011,96.08961279,314.6314622,141.0351556,75.19554549,112.3776869,83.58928533,251.6309615,212.1938104,191.0499139,76.78434005,133.1447202,138.3473184,176.2907315,116.4301198,126.1353202,180.9743744,255.985263,137.9143824,89.97067482,114.3834935,133.2821701,107.1361637,448.695426,123.7805817,180.0987245,134.6496366,136.206581,149.2227128,142.3545054,178.1306043,125.201403,89.37230413,135.0685625,218.5450418,263.7132135,91.97488987,97.72382328,80.67116867
63,338.0702949,257.5669307,197.1839569,78.79826351,274.4574678,181.9309872,82.55671426,256.293916,100.4676406,74.07208803,88.68853938,247.1524384,119.4150274,142.1769506,172.4645334,100.1598809,145.8291856,162.3161149,82.41906964,219.8010818,77.42109118,105.5337263,88.58788941,108.436082,73.97526483,128.3342001,96.92174167,77.96585721,178.7699116,415.9667876,141.9339154,93.84343712,150.0545234,122.7668825,152.3283086,164.0383017,80.57140525,148.2606431,83.9634332,80.36316691,161.7658884,61.71814134,81.77860753,97.42669563,135.6668183,142.0326492,126.3373494,81.88470413,85.54061269,131.0767714,164.4061445,142.0633003,125.2362434,188.4271468,132.618014,136.7150412,136.497256,130.4518416,175.9708968,137.3166322,139.5335829,143.2709863,105.97574,139.9393105,119.556558,118.2984819,130.4066382,106.8268227,99.2748377,66.80275682,141.9063346,100.9231897,301.1866087,100.3826505,139.1356328,265.8555295,113.8456317,104.4605592,266.7004546,138.4061481,118.4144546,195.7898862,125.066995,236.5289773,67.89646656,132.8614166,107.4347076,177.9028711,219.1613828,78.13601674,98.31880811,137.6439551,307.212803,65.89675778,296.4527799,100.5155502,97.59458094,118.4864906,185.3134147,121.7574342,172.1716138,227.5640161,176.9388093,66.31496056,89.30005767,226.3608321,110.6088078,199.5301106,105.4551651,95.73322998,87.3593623,103.1907041,85.56544292,115.1764833,200.3358947,247.5559899,90.64887584,242.0134905,166.465523,327.8304952,149.8037885,239.4769107,141.248327,124.3230738,145.8185416,167.0245338,204.3472851,90.1238241,129.7110395,212.9170998,289.7755532,139.8951202,91.53081971,181.5337836,164.5897177,52.13859179,76.40101607,86.27018156,186.5502247,139.8037736,171.169706,146.7721622,102.7840157,134.394629,193.4940883,187.864789,192.4738001,71.28916713,171.489047,98.81432556,272.8991452,106.9915733,96.09479939,87.75178498,167.095588,176.8326462,188.9483055,304.6305737,85.3797292,140.7375978,166.0734327,157.8339222,89.72819605,345.8234815,138.5184834,76.43857148,116.2810596,90.66911317,252.7456555,219.8265151,212.3260092,73.92955171,132.1385832,132.3705058,183.0499922,116.5985116,121.8373705,186.5115234,268.3023585,145.3144799,88.0513469,117.824044,117.1211189,111.436411,489.6989593,118.1932384,175.485097,133.7893244,141.375514,141.8153692,148.0449425,165.7772575,125.6663052,89.74532272,144.5716216,203.7787422,254.2032119,90.18915433,102.9614111,88.52508377
64,339.9342669,270.2501003,188.7815105,80.42459733,288.6358942,200.8686736,83.15042937,269.9771471,107.6820601,80.07051958,86.0583411,245.4447998,118.3080414,141.9955056,184.1121421,102.4238216,154.696063,176.1697366,81.45085863,209.2492731,79.78174272,99.35810704,87.94117709,110.8892613,76.54840904,140.4602887,98.847,83.53635377,191.0553017,398.4567587,149.1389559,93.31360478,150.2005507,119.8778026,156.9443327,169.4820989,80.311708,129.1747921,88.46629797,79.66098946,149.6706221,62.63679003,78.59785552,90.15192633,143.2696941,133.8909633,125.9939709,78.63393749,87.68853273,122.2788072,156.7839579,141.7639181,130.997625,178.4327124,127.4362191,155.3843976,134.3960558,127.1899528,169.8056976,127.9865188,138.6410341,141.7328345,114.2809981,138.1415017,114.510896,106.1022458,128.9900727,113.0953873,100.4339644,69.15831103,142.6388742,104.5505142,307.8626007,103.3595112,134.7923484,251.9357876,118.8357387,91.64662388,269.4344094,132.5164926,120.6362363,195.6262078,130.1095207,234.803933,74.75727204,126.0314121,108.2423355,185.0980575,221.6510923,79.01048717,97.45625223,138.5903709,307.2012395,67.15415642,288.4863906,94.78230268,99.89533388,114.4948267,173.7222841,122.2050982,175.1878828,216.874107,177.187851,61.84740632,91.80778898,237.4552579,112.0140178,214.6737197,105.5381738,91.6692989,88.34175065,110.4261664,86.19792212,125.6756619,204.7960141,234.9516165,90.79302103,239.9710149,172.2790145,364.525587,153.3594827,269.3295931,148.0829674,132.4664254,143.1052347,169.9725684,199.3620776,97.12580741,121.1552648,220.1650798,291.9191624,159.4172582,95.06022028,180.3477578,169.3375484,47.89433103,81.33554304,89.31996513,177.9848807,148.0866798,155.5193892,168.4953871,96.53175677,134.4923309,187.8721175,198.7746378,193.720955,68.77334327,161.1534447,98.41182875,263.2918818,102.2246834,101.320393,86.61553501,161.9480891,174.6147743,197.7958374,297.8112959,89.78374211,154.8397069,173.1451599,149.9861918,90.37926578,339.755784,152.5003405,76.8480426,113.5008747,100.7290118,239.3309401,217.2175879,214.7834413,71.22510465,139.6219033,135.2906112,179.906924,120.6524534,125.2803384,192.5284196,262.6871013,152.6766269,90.04212152,122.2301563,119.5440258,108.1380268,481.893827,124.7883899,170.0135772,130.703137,149.1334947,147.6872794,151.2159657,160.6100075,129.0382395,92.28913979,151.4972681,205.6391699,296.4376172,89.68872673,105.730797,86.00953572
65,385.7765545,295.8928209,183.3076649,77.52168921,275.3773576,201.1318113,83.23358462,292.3192367,104.97814,79.81289761,87.76532196,256.4632348,119.5112671,142.1983164,171.3496477,106.2542208,143.0912077,182.493653,83.01625846,209.6891533,85.1303204,102.599059,88.1185057,115.3738682,79.95184502,142.5458889,96.88291579,87.97737954,198.7362648,385.3289084,145.728861,92.54991065,170.3198513,118.8633338,157.9523491,177.1844111,77.85994978,127.5681282,85.05679339,87.36253805,153.1144738,61.9814846,77.68271927,87.61966302,148.4342593,125.0110877,122.3004877,88.02260377,96.00896826,137.1866202,158.277365,150.1793264,126.1603143,172.8462815,125.1772745,149.8436089,150.3942889,130.6881312,158.6092793,132.9674672,150.6539608,130.5469057,110.2410745,128.0276275,113.8200861,106.7422879,119.7835329,120.7519504,97.65366318,68.08267378,136.4181121,98.74949653,317.1629417,109.5815914,131.7371997,231.2881243,118.5255859,84.987299,285.5558367,132.4242052,123.6712099,200.396138,132.7175737,258.7274723,70.38722936,129.2120866,108.6553842,198.4310233,219.6218031,79.46045425,98.4820746,157.3159028,302.1492592,71.24115317,275.1469731,94.9424303,104.4236873,107.7508529,179.4462647,124.2131765,176.0930768,217.2953645,182.2100278,65.67443301,85.49084714,254.914112,114.7663767,201.882316,94.20729789,93.22161608,92.76590186,120.713969,87.50475416,128.9725232,208.4635239,247.6840914,92.08238467,217.6439312,180.4321759,380.202734,147.7933661,279.4449604,150.3152102,135.9695331,158.7277707,157.5982571,201.0218087,91.89324024,128.3023059,235.8221457,282.6308661,155.49964,98.00016212,190.2826763,162.8336559,49.76512506,77.80168185,89.67840952,176.8730132,159.105279,157.3387886,160.1764321,97.28406416,137.0952501,186.0891852,203.9714572,190.3933968,70.77989245,171.5196602,105.9173083,255.6423646,109.6043429,104.257363,83.1662703,167.8073561,177.4895326,200.5192279,318.7315683,90.8821198,153.4886442,170.3087966,154.474147,90.61069155,345.4446658,152.4891996,84.8094466,104.5810103,114.0221943,243.512684,239.4710603,232.4109338,73.00026594,134.34753,141.5906406,186.3035615,124.8137357,119.6221302,189.5328703,264.4100386,146.6512688,92.56948432,123.0967573,130.91902,106.9559032,505.8315932,130.6518329,170.4834795,144.2982048,155.2870355,150.3721643,151.982926,149.2463356,125.5984855,91.16950295,162.2462196,207.2555566,314.3604694,91.04974204,113.8509131,90.9038893
66,382.5144838,297.7601378,180.1521603,82.70618204,248.8907948,201.2522949,79.27951951,302.570555,106.5896542,78.26391728,84.08180622,260.2498408,117.5288848,142.3625081,164.4710541,111.4110585,138.030034,180.9504017,89.00327977,205.4288935,81.28280105,106.2103875,90.32248283,111.1796152,79.0756594,140.3970194,90.05422119,93.11800458,201.5618227,383.0668715,147.2212208,81.81180519,173.5980641,123.6798336,154.0677964,183.7761047,74.93745537,142.7165431,79.73133815,84.57287288,160.3767873,59.23161762,78.94239162,92.76808972,153.943408,133.312946,119.3888426,79.99384636,88.83469914,144.3133054,150.8581148,152.8888406,134.0332676,172.7770425,130.1565495,144.1566322,138.8440402,134.2486186,157.3400431,127.5944089,175.1437482,127.6764446,106.5578358,112.4486509,117.4209756,115.0792442,126.8684603,124.0378732,107.2446264,71.14694273,141.5539984,105.3889209,333.8112768,105.401552,129.5760999,247.1495228,115.1343397,85.51545497,282.6031423,138.8544271,124.9176302,212.039439,137.3830341,285.7720244,66.81597195,130.4573144,109.472783,189.5932937,198.4520783,83.15973024,96.67117601,156.5996098,322.3255363,69.19259898,266.8783534,98.62768583,96.24948495,111.9534125,193.3461721,119.7562487,183.5613195,220.3395295,194.7437686,69.59997013,86.99995061,242.1019047,120.5059926,191.1739196,84.32737954,90.91050699,96.75884555,123.6282631,91.80801925,129.8961537,204.5599323,248.1367991,93.35910009,212.1023675,166.2891413,416.0114721,149.2233758,269.7610387,156.2544679,131.381427,140.0701125,161.4322715,209.1901553,94.2348865,124.8192455,240.7710983,278.6622381,146.0262192,99.06684436,182.8312974,162.852266,49.42235183,75.33709738,92.32117763,181.3480576,157.7441002,156.440218,160.8814233,93.49364073,135.7582621,187.7488935,203.8223016,182.7702449,71.38000281,177.1271915,108.3674012,272.1534041,118.6075783,99.71190498,78.25012152,146.6801165,193.2776198,203.4812779,308.8337589,90.56722792,165.8735107,174.0378734,151.4581723,102.3758889,354.3312669,162.4480265,90.31425597,104.5438336,112.8152366,262.3974485,227.8341672,229.2161418,74.86286131,142.557217,136.1904816,182.8495759,118.5516598,129.0608874,199.0241498,238.7930448,143.3216267,100.3332735,120.2592714,134.8491553,109.0188864,522.4981934,126.9372385,171.1636626,145.2227704,156.6586506,151.0038869,135.8316884,155.488447,115.6144715,89.468163,175.573601,198.58359,320.011604,89.66871626,118.3575515,84.53917384
67,389.1574852,313.3171586,186.466052,82.96299901,264.5094707,229.5565623,80.29131572,294.0582447,111.4881117,76.24755204,87.00182295,248.1887941,120.3518817,147.4644899,171.7919261,109.8068736,135.7818471,184.7927764,90.17786445,187.8884428,84.79497804,124.4414097,97.04313558,100.6762668,73.74471468,149.9887149,90.40395343,99.6813094,213.638209,389.6479901,163.1015023,88.63348581,167.9999149,125.1005138,144.1103035,178.397205,79.46438341,145.9095849,86.47691301,81.51860032,181.0661378,62.82528312,83.75692256,99.02898263,153.5945032,127.5198612,119.8239533,86.98926598,90.43495317,149.9650524,151.4256583,161.9034495,157.4582546,179.7525908,118.7050343,162.3025358,148.9406695,139.796547,152.5882463,124.3054451,184.3627013,136.5646027,105.0775828,110.1403788,118.2652523,108.8957877,123.311828,112.1507085,111.8763594,72.8602082,156.7325054,109.5353977,342.4076243,109.5457709,130.7772737,230.4690591,122.645717,95.43494101,269.4619317,145.0166935,118.6355377,207.8904459,152.6785059,277.2777949,70.87477955,127.4285528,108.4464057,175.4812183,203.0267309,82.14418636,98.6540418,159.9385039,308.3254272,70.12201273,271.3620661,111.0700174,107.2397174,111.2433853,203.7998085,127.708357,178.555925,228.2393603,208.8322653,70.63994661,86.10563475,232.4099952,124.1412296,205.1262726,83.16548903,91.34503504,102.6608963,125.6574849,91.64007555,122.7690943,190.520837,237.9675956,95.8306958,202.6940707,168.5291599,459.43881,149.5626115,271.8799793,158.752206,126.132401,132.0156246,159.9056457,220.9899873,92.93811184,122.254105,236.6460614,282.5855355,139.7226029,91.6756242,186.1579504,155.2310322,51.67174848,81.30063472,85.23158575,173.9910775,164.2031913,151.8263863,155.9982752,91.21562701,138.3200484,180.585496,177.3462135,187.6824174,74.31201931,170.1618129,113.4893498,290.2431405,115.8864981,92.28924373,79.71105923,148.1990054,179.3763703,193.4373209,328.6833311,93.80007958,157.9561994,177.7358886,157.4764428,113.6668209,355.9468162,172.5581469,82.59188827,107.4420578,115.6286426,288.7623521,236.6360633,227.929465,69.24483427,139.7753971,133.6453902,176.9722933,115.7292381,125.4915064,200.2812061,260.589227,138.4244259,113.9933356,121.1528414,140.081316,103.9247713,540.7813433,122.5926315,161.3869471,156.311238,158.06799,156.0583542,137.8948171,161.9188832,107.4845532,93.01405255,179.270928,197.350618,325.072749,86.64537367,123.6221313,91.40059888
68,413.8815579,298.9243351,175.3620277,86.7399228,267.8949284,218.4923869,85.98548012,310.0769823,104.0507882,74.68538531,84.37564941,265.445698,111.199503,151.242777,170.6385118,115.2933374,136.2057947,205.7936833,93.02851399,188.407527,76.75784337,122.29047,98.86227829,94.35780783,76.21282615,149.1059901,85.1951093,104.8531488,202.9633098,400.1449187,159.410001,83.8659822,164.6983793,132.618356,144.5978737,186.6733895,84.16848817,138.3845028,86.35283839,82.26027126,164.0843074,62.38308195,86.10247191,107.9344927,153.8452366,136.805733,123.8609473,83.37552089,93.80288769,143.057378,154.8692914,154.6292805,167.5521503,184.2424791,124.6523495,151.6301794,138.4025021,136.0229498,146.0545331,124.2559214,183.7587095,141.1788855,115.8553482,112.3534242,122.4718393,110.0285656,129.8505175,122.226183,119.7907309,71.75213044,155.4464843,109.8438354,372.818249,112.9593288,129.4040714,237.2578634,118.8892006,100.3313426,242.0890413,153.1939782,109.8648068,202.3522506,151.5020223,271.0886081,69.20423379,123.7150378,105.5614931,179.5020671,224.9371465,76.90831236,95.54835763,162.3045498,306.6873374,74.28606619,267.0517567,100.4650298,104.2297731,112.1021062,181.3584977,127.7199422,186.8238409,234.653243,201.5945814,66.26863189,82.51265047,233.5786269,121.3091667,204.901363,84.32735476,96.8246365,104.8625839,123.7830308,90.42419136,123.3223535,200.9330536,234.1667105,103.1253428,204.3727803,162.2036046,444.725475,149.2211592,278.7289862,146.94626,125.7569713,126.9209747,165.7624734,203.1734302,93.28442805,131.6882597,248.1135264,308.6937433,136.4759693,86.27099832,180.2626481,153.538507,58.14752879,85.91021846,81.91785846,166.9998336,158.8019659,159.9219958,173.98147,101.2790263,141.9821604,165.534581,168.9335526,185.6173236,79.6940448,188.0278057,110.7118885,293.0595896,114.4511057,90.5452304,85.02310799,161.5158621,182.475001,202.8870077,311.2057312,93.04132416,158.1442356,190.9690553,171.1529137,109.5744965,357.4165332,177.4997679,87.12335533,101.6548702,107.1806777,272.4143273,243.1613238,234.3611666,71.16142705,134.2012266,130.2972501,182.1838421,114.3498485,130.1652572,187.5451071,258.7065324,131.1034879,98.84897652,120.2751166,147.8825695,111.2276512,525.8852852,122.5834818,176.9820336,164.8192324,158.8827552,152.7468343,154.3402889,150.5828288,106.5890587,86.95400884,181.0884635,198.2827218,324.2741478,89.09763947,132.2339863,91.03971694
69,425.9885848,279.9565629,197.3470185,87.06346357,278.9173962,222.7846247,91.56493642,301.9305892,110.2953425,80.91467836,92.62657309,257.7789502,125.2397442,144.6531234,179.3066621,112.8087334,126.2160902,208.1641119,97.29458873,204.7985828,79.10283965,124.2434793,99.54456257,97.0208704,69.78365685,157.1719086,88.54362307,110.9325384,222.1370674,369.5074724,165.6423244,81.39982451,165.6985116,125.1741577,152.351363,205.0139957,90.1171764,128.7497063,83.48585424,85.36466295,166.8392754,65.37973265,87.7150602,104.3021843,143.3594643,137.6203862,127.2041975,82.5575809,106.6032385,149.1540334,153.9824665,164.4732519,164.6430933,183.2687699,132.1577701,151.8765968,144.9588905,124.0698768,144.4981359,129.0902592,180.9685733,140.47397,126.6314326,114.1807258,128.1010558,110.7862973,133.8333173,122.0124634,120.6877048,70.6470352,155.066639,118.5057821,385.2992486,119.0089597,133.0684768,245.586291,118.903055,102.7597412,247.6140175,157.9134953,112.8946645,208.4434045,147.0712721,269.4530972,67.17303386,132.6189895,109.9349919,185.2194536,235.7148542,80.64079934,98.07543813,154.0719649,297.0128575,76.67961686,260.1437759,98.134003,99.51185982,116.5048708,201.9075444,127.5507674,200.5469715,236.0530608,217.320743,67.09041114,86.09193497,219.1839195,114.037209,198.012621,85.5638768,91.2045221,104.1033482,127.6009846,95.58256095,128.0895133,208.6153709,241.2954548,105.1034175,177.9097624,172.3265428,418.3482265,154.6310676,299.5916475,146.01669,121.7520534,130.661769,159.6467394,209.3352003,93.07210319,130.2413317,244.9810599,310.9891734,130.6652374,84.9215437,187.6068845,147.746052,58.96624558,91.26914152,78.44980919,171.7432408,170.3422839,158.5419423,161.9109887,113.1111296,148.6427295,151.9571292,172.6643384,209.8295629,74.18694978,187.8328914,101.7176263,279.5630408,119.8538656,89.08968246,78.65764799,164.1396041,180.8928316,200.0417398,310.295372,92.160244,161.0831495,179.0784216,164.8278661,107.4028122,358.6873313,187.4461449,87.20407403,103.0681846,104.1144059,291.9190663,244.2225879,222.1470727,70.17837316,134.4176474,128.1928096,176.0279063,120.0689856,129.2556608,184.0891082,244.269766,134.3996383,100.9688923,129.104798,136.5446753,113.5030513,475.4258279,114.3175669,184.0248896,165.3938643,148.738886,163.1788195,169.9803543,141.668182,109.1400349,88.34001553,188.6429418,202.8884545,315.9792561,83.83304851,126.6567141,94.65334444
70,416.8183512,274.8434795,193.0805839,94.0673292,266.4862322,230.0863233,94.64344995,294.5934673,117.8463531,88.25549955,96.25975944,263.2094335,126.7415135,141.9212298,174.2455737,114.9078287,126.6535605,187.6090403,107.0002117,204.338446,84.19269349,128.2504321,101.5241116,105.0112095,72.13131098,161.0114669,84.35578196,115.8340191,219.441695,355.4146859,167.5194797,84.35225267,167.3716165,116.9686058,146.3433516,209.873726,95.06853614,123.5178307,86.06860236,83.88435713,168.1686422,67.2490672,84.7033096,101.2728655,135.1589253,142.8821208,129.7625531,82.28776297,110.8351968,162.0857237,149.1314296,169.5659053,168.6928738,185.7865999,128.155113,151.751962,141.8691307,126.6245894,127.7919107,123.0532501,178.3020589,145.3203563,129.8921502,117.6710037,120.1907555,113.5341033,139.8090428,117.6543296,130.8229436,71.63575138,148.667508,111.2205274,375.5363223,117.0769611,146.4121304,243.3797779,118.3929256,105.675629,267.7480197,148.9968161,108.7414928,224.8988403,139.1146491,253.2527095,72.0171919,126.799479,116.0734139,187.299496,230.5745804,80.30846374,102.5555711,170.044258,285.7396294,79.2533145,262.075947,93.77232563,93.65424951,122.989702,205.2631546,126.0803003,194.3511902,242.7749952,217.6249822,70.81457991,88.03948962,207.5453422,123.1625156,202.9008143,84.84778025,89.24992788,101.0127199,130.548971,92.29444665,127.3796687,220.1711358,260.4022983,103.4780976,188.4864904,166.780218,439.8159723,144.16224,296.3369374,151.0057905,122.8021446,126.4650292,172.6246102,209.0831848,88.90990664,122.2262588,261.5076956,286.7663829,131.6418978,80.52938763,180.120064,157.0172064,63.67887891,88.98549523,82.60874635,172.4748721,173.8131807,157.4671458,154.8895399,118.2327997,138.6622021,143.2611751,180.9412188,219.2618518,68.49914989,186.3922172,103.5045034,294.0129786,119.669754,85.59447915,79.27189549,153.448755,185.6942233,197.2528798,303.503588,93.27730141,148.2646124,187.4751771,160.7244437,101.3794676,371.9319003,195.315647,86.14859912,99.78028466,104.9275891,296.9378973,246.5755254,232.8729301,75.31868335,134.3507474,132.0978633,167.4173696,124.5523401,133.9452144,201.5100793,244.6042406,136.0444958,100.9989535,130.3844462,140.3165193,110.922114,469.254877,112.393302,199.0178293,166.8671598,154.4122942,161.8062309,164.3659292,138.4914636,112.9955779,85.3695407,186.1944498,215.4733392,314.2783184,83.79291545,122.5141098,97.96503841
71,427.9690674,286.2901961,194.9848033,101.0743493,276.9076098,236.5484858,94.9923599,332.6073317,125.3837579,85.14658886,99.46191821,280.2790435,131.3044482,147.9512166,169.5853874,114.9396353,122.677607,181.4014062,103.3166518,194.7058352,85.63982467,132.5929424,107.8491244,99.64213642,66.87093966,160.8518299,92.48336571,101.0830633,226.3710145,348.050472,167.5279839,87.85908425,163.7061721,117.73618,174.3709266,206.196255,95.82304834,129.6612066,86.79744066,78.09656555,167.4417793,70.51853712,96.11079396,100.0791178,137.2381102,163.1128682,131.9117317,78.07093834,117.4448043,158.948263,150.3511673,173.7429971,187.9138567,182.1679691,127.5399525,153.2694979,148.4994533,130.1574007,125.1203174,114.5328498,169.0610547,150.0558833,131.6452218,115.3300162,118.8852444,115.8518612,141.6662133,119.412477,130.5025807,65.62905298,148.9757219,114.5420347,398.7962732,109.7882075,148.6677857,236.1101149,133.0249124,108.0831875,303.2407693,163.1787372,120.0092385,228.2530479,142.2407437,248.3912803,70.31687391,127.5557091,115.5662505,194.8308299,221.6186471,82.18099292,96.66256894,165.0107797,288.07783,77.17796476,247.5369174,94.74138,95.54872813,129.3035105,213.0114343,125.1579102,200.2036223,219.4284818,223.986534,72.06211141,95.81051894,203.2285186,127.8024527,210.8162537,89.70128436,87.33352194,94.87392391,123.9781134,95.1386701,132.1487448,225.8847926,262.4750156,105.4348339,190.126908,164.3201841,441.0742266,152.6548045,309.9874521,145.9121131,134.9713575,119.8203698,185.4495218,222.3271141,90.58113233,139.1973623,258.0419563,269.283971,135.2443204,89.13017483,170.1015525,160.6639812,63.16811084,88.1041897,84.02703729,175.4409619,182.0280143,149.6817845,143.4218265,111.134241,133.9161589,146.4428824,185.8369742,236.2742257,64.00989659,174.7968173,109.6637516,298.387617,113.268399,89.76858417,81.64455652,152.7457783,195.5023635,197.329744,313.3989133,93.6310478,157.0416878,195.9952071,156.507673,102.3063886,363.3403577,189.9127466,83.33189606,98.22252516,101.3184565,297.4898488,247.5471453,229.7190415,74.62725236,128.5660684,134.1031201,160.2407958,122.4953938,143.7188342,200.690477,255.9268896,138.6495744,101.2216008,128.4203851,152.160301,112.5868228,464.4346777,122.3551981,193.0471678,159.0964049,163.3302363,155.6532898,148.6031056,132.3502136,123.3755771,85.57926325,177.1342853,235.5265014,316.5231622,89.4475102,117.9459089,100.8969348
72,468.8667849,285.2460842,181.9178944,105.0916608,255.9458761,242.8347632,94.26112884,350.8323455,118.7527501,85.0350078,99.93428119,285.6495755,129.2547498,147.444929,171.6427808,127.4101051,119.2921931,176.3685624,96.49569594,192.7822633,89.95096837,134.0098852,115.6397861,92.4475617,66.77128449,175.1742726,94.51648861,94.86198392,220.8433479,352.0244743,177.5219517,97.58678053,162.5696157,115.8299162,183.6931441,185.7109361,113.4625136,132.9816295,78.86380387,82.84770747,165.6216647,79.50642325,93.86451918,98.18882986,140.8344763,162.0396522,128.1747874,76.19410077,122.8503364,164.9668074,144.4029679,162.841956,182.9382184,171.9243889,138.4884884,159.9330269,142.7804633,142.7634357,129.0485678,115.8182891,166.7730217,153.4271093,137.1605561,112.8051699,120.6845814,110.6547185,137.742638,129.6697296,127.9823496,66.13861085,144.4175062,110.9509278,361.8129589,109.2217462,150.7262677,237.1507608,143.2612751,122.8035092,285.7651641,163.3559703,121.9414386,213.7861435,149.7439479,236.1867534,67.34214886,136.0004072,115.5458861,201.9358126,218.4005113,88.65610293,89.26833326,161.4748037,283.8687457,75.73182046,240.0816399,89.83964323,96.56153766,141.3917353,222.3304291,133.8924169,209.772006,226.0273872,218.6707355,72.08185567,93.890457,197.9520141,127.1204037,223.1006145,87.49582196,88.7250517,94.28063152,126.7718558,96.55371097,126.5458406,220.8740532,254.4837957,97.22485178,202.599231,160.9705227,427.9751073,145.7781509,325.901122,131.0415573,147.3642339,106.0693413,175.3769428,221.836496,83.96667421,137.1068517,239.944096,278.7470216,139.9210899,82.91975474,159.1407354,164.2520921,71.74258748,91.54396821,82.33303199,171.8117353,186.979356,147.0302675,143.7459414,114.7088271,137.3765523,170.6510107,190.6825304,229.2184462,64.8122931,183.3736061,116.4382307,322.5300633,125.8877274,100.6067792,92.57462181,144.6735855,213.494334,229.2958184,344.6950901,90.56934626,161.9077198,198.5037232,156.2763891,106.6202979,357.325731,184.1019103,82.64730427,103.0903271,101.3769726,308.8755936,243.2576272,234.8618034,80.3194274,128.4160144,124.7580293,160.7608874,122.7795396,140.1316017,214.2865562,260.2132835,136.2447546,110.6829291,131.3023745,138.3659879,110.7499636,506.4811047,129.5491593,209.1170843,159.9346763,167.3328722,149.7172783,155.7540212,127.0445417,125.214932,76.5557833,177.4371098,242.3599792,322.4045362,90.56703994,116.5899687,96.12755738
73,492.4374602,299.0136409,194.9679812,108.5833913,256.258919,228.2108262,102.3260183,313.3765271,114.3409298,83.56744388,103.4983914,263.2903964,121.752599,150.9866288,167.3084657,122.7030332,115.3863066,164.5604386,98.3041835,188.2934099,85.51905849,127.9518638,114.2207019,96.1958002,63.66376188,195.4233966,92.09076755,91.82874866,218.7462163,377.5928413,174.4053141,99.8875248,171.6995049,115.1163931,194.4976787,173.6752808,105.9533885,127.8296319,78.75892959,89.77104923,167.5172647,83.35998526,97.81425566,97.04305637,146.1035955,167.1926347,122.4435676,84.27866128,117.4464211,177.6650959,132.1261022,149.4561695,170.4889581,187.970518,146.2071489,163.9266258,168.6203226,143.4488347,128.2483636,112.6889859,160.9628163,152.4443848,122.9670611,114.4450385,118.7225492,104.7470827,127.4433545,126.2504176,127.7396203,67.54865077,148.8332331,101.5900526,387.206419,101.6449203,145.7469388,229.0121218,142.4779126,115.3865993,288.7363562,157.9921843,123.7937579,226.6408454,134.7817597,236.1005989,65.18049197,136.4519582,112.1829717,192.0164641,227.3676296,90.5408538,90.45076992,159.2423925,252.2789674,73.84360594,238.4400888,95.15978079,95.17457094,141.3413706,195.830598,137.4504204,232.3612713,228.5474992,229.3610291,71.3658836,96.82205743,216.2326319,129.8007852,213.9825843,89.76151056,90.92848339,93.38953694,127.1258223,108.9779734,136.6845537,227.6303634,269.5914269,96.47930348,207.7871676,155.9895071,408.5288093,151.5863318,351.2261151,123.7986718,146.1263062,97.44461242,172.4474999,217.820892,83.40098972,147.3488991,242.0472445,286.8242311,148.0225069,74.2828261,154.187118,162.5628205,70.42724424,90.95917277,82.51090302,173.3449016,172.6551217,145.9993469,155.5989862,105.9106848,127.6567046,167.7307374,173.1789649,220.6033032,67.10436016,164.7453733,118.4606005,288.0783026,129.2843705,107.8734075,92.8994204,137.4717195,219.3068364,226.3416529,340.3865858,90.28113667,159.4213239,205.2669159,158.9939585,103.3988461,342.1395518,183.0234007,78.46558118,90.82337237,100.524254,315.8960481,251.6140578,227.4718575,85.84242515,126.4259025,112.2223242,157.7266801,142.1342354,156.8303013,212.3946632,279.4313803,123.0532175,107.0391375,127.9088539,145.8521126,107.2571481,488.8026483,125.1895194,213.2878378,153.4503978,173.3273902,148.482224,146.4720307,125.8443434,125.4240258,77.86270756,171.0765864,231.6108405,306.6338135,93.9557941,114.4968484,89.6760429
74,494.2278917,307.1803551,215.5808706,112.9442136,265.1768839,241.1268194,94.04460947,305.6874889,118.7971683,80.6099337,89.42945721,268.4710943,124.3798121,143.7308837,187.8788225,122.383294,114.582029,162.8139469,98.69826348,187.5930359,81.80349787,125.4344687,112.5349521,106.1314735,59.83995237,189.8165042,99.49425219,91.67433194,233.4574096,381.1179226,168.3629359,103.4224823,163.8924337,117.8764983,186.4241632,191.3310175,108.642442,121.7002106,79.82489236,84.3220521,188.7068907,82.16191398,107.1010954,101.1943785,144.3164029,155.175573,113.5295237,83.29775698,119.6435502,172.6323203,131.124828,153.812383,172.3618602,178.3703122,148.4148382,177.2569268,174.3721429,133.8739495,122.6118495,110.9071803,165.9535723,159.4839932,122.1764156,113.0704518,103.2884616,109.8484688,131.0486196,129.3041584,133.5147617,67.21675191,138.7673412,106.991917,407.5775052,116.722198,152.4517091,213.2679798,125.7533984,119.2197738,290.0310376,168.9583191,127.2046823,217.9626196,140.974503,233.7337328,59.25895156,133.2589244,116.1795999,184.0458503,227.1900904,94.95436957,96.0217411,161.4615425,242.3640646,76.84733894,237.8035898,102.2935138,110.9110137,145.0095808,199.6806692,137.6086283,246.396537,204.8697707,224.6458098,75.86284829,93.67064011,223.1159229,125.4426505,229.9504729,90.59328813,95.19075966,91.25845176,124.8921218,110.7409556,136.898581,226.5475909,259.3988766,95.32519366,210.2541433,175.5767246,440.1747447,143.9904298,361.3636632,108.7955971,134.4072823,101.0786209,188.1630233,204.866151,84.30567594,145.5882186,207.500256,311.7584244,143.0980041,73.72340365,160.080961,159.7435682,75.08539127,94.23178987,82.57473207,174.678001,172.5645158,143.2716777,176.6615929,106.3133033,130.3483014,160.708537,184.2559749,220.0657505,63.55481812,162.1400773,115.6417833,287.9623342,136.7244453,113.342552,88.31442559,129.9440129,211.2986446,245.9066122,375.6220957,88.93453518,154.7109196,197.386545,156.807712,99.56401081,361.6665449,191.353945,77.37393456,86.60947644,105.6640943,291.0283116,238.1106266,225.5296057,90.4274775,138.0860208,109.0704553,151.7456272,137.054197,167.2143616,208.5971203,286.1224095,123.9298436,100.6353612,122.9368526,154.6286485,109.0663887,538.1038045,119.6608883,214.5073406,162.3396169,172.7942265,144.9413802,152.2511445,132.3545812,144.632938,71.42472208,176.9299416,247.8074184,304.5755245,97.29474825,115.791575,88.33463511
75,518.3335188,304.2251576,205.1262306,117.9063777,247.0723444,240.3900778,93.90311591,321.0428054,128.076451,83.55689171,91.69505993,290.2875635,129.3573949,157.7641145,189.9491303,109.0189588,120.0484559,170.1045727,102.6841292,190.5894799,79.89014715,129.9976997,119.2006621,96.46740984,59.44353945,180.2602206,96.13797218,100.3209762,236.6437156,363.0406077,168.2688523,99.5024929,150.4901381,123.3698142,190.4969283,207.554102,108.8920508,123.4851308,78.52514391,83.04014153,201.9027061,85.86296013,102.8295044,101.4938967,148.5766673,130.2110251,112.5823666,91.84509663,120.1973113,169.0786539,118.8348189,140.4324797,179.6516186,189.0867517,146.1614247,187.2349437,183.3521251,152.5297855,132.8233673,116.0999954,165.5147333,153.4901005,120.1803931,103.8553292,110.958049,104.3474426,134.3993093,131.5554613,132.1678309,66.06142444,130.3785223,100.0704723,428.2348335,116.9497171,151.1532622,214.8747575,122.1691774,121.2905839,299.3978997,172.551156,119.8473129,212.8928044,138.3496593,219.5252413,59.15816183,127.6058046,121.6679603,185.7837197,223.4046194,96.14306178,98.51741421,172.6369696,248.0239082,76.67026869,230.1466239,96.61065668,115.2930429,147.2107201,215.5957969,133.4163536,223.7459207,197.4881757,229.7473429,73.73844177,95.23746047,215.3465253,128.6429641,231.1898387,92.16214868,96.31353508,85.66600723,123.486739,116.9741144,145.273411,239.460224,282.0742199,101.4321393,212.5774038,170.1690567,401.6925491,157.5719124,344.5900161,108.0542098,147.8226292,108.4230723,196.5879048,201.6468325,79.36450354,149.7053601,226.8822177,311.30966,144.2286862,71.41591537,152.0771323,166.335667,82.0693179,96.83747195,79.70563487,177.2113541,195.4090146,154.1561923,191.0941522,105.8808529,132.47526,149.9834212,180.3753105,212.5676282,69.20668605,151.5851492,112.0417346,294.7377829,145.846286,122.6772449,89.64432719,129.9807315,215.9183577,258.3523576,364.3132469,98.58684341,152.6806565,176.7586641,164.0558254,96.85102121,352.3405418,186.1142123,79.77926497,86.18892966,110.3941943,294.9441412,248.2491496,238.8233142,93.94015768,143.7874902,111.0940727,160.2779328,137.0507786,156.1013148,218.0850356,276.5004754,127.1953764,112.9632067,125.9927147,166.8512004,111.9210356,547.5431237,135.5574751,200.2810171,162.0671311,160.5375738,139.820474,149.6280902,140.3333776,156.6635039,70.06609515,173.4939265,254.959966,300.7468051,93.29651069,114.1003874,87.55817017
76,500.9223885,331.7500638,208.1469638,118.8560427,261.309843,244.6290609,88.54316533,320.7034831,130.2393231,79.57680039,93.74607692,292.8350903,127.1482131,158.0298402,179.8413927,114.6682541,124.9377162,150.873777,102.1399824,211.7247314,84.62892383,129.9993387,125.8435478,93.94545905,62.34208585,169.9057082,100.1320832,110.9565457,244.9966803,343.1556624,171.8572349,102.0110585,148.0838359,127.8765038,199.1054019,225.5276719,103.3998172,132.8160119,73.39454106,87.45819036,210.2125011,92.46893293,93.34972637,111.5906212,148.7500459,127.5843468,106.4660392,94.73872449,120.9765511,173.5530548,126.6129742,136.1878026,196.7106431,201.4264789,145.8791673,190.3966639,186.6757778,142.3081415,143.6885573,117.0222235,174.6911915,158.9395758,128.4930986,104.9244512,107.6990699,102.3284207,139.8540202,132.931961,142.0319908,66.38920522,139.8702682,100.4020315,426.3557726,119.4705202,146.4412286,228.7308497,122.6614318,127.2856257,298.1870893,172.5587442,118.5217557,205.7308919,135.8953068,222.9981318,62.23195737,130.996421,128.8785662,179.9226923,224.7384581,91.76521092,109.817726,175.0369545,231.9461208,76.0409824,227.7790749,94.9114049,115.3411019,158.9649174,213.5283626,128.5390134,217.5777145,186.5453339,239.046905,73.82076187,93.28025624,216.3587121,142.5648804,239.0069563,96.59395695,97.44252331,83.76806547,122.8836225,122.4976289,152.9010212,250.4495121,281.9320305,104.2092277,215.5881679,164.9036321,418.4390604,142.3645219,352.1844403,102.1802899,154.0725487,107.9396658,197.492331,217.714779,77.84527536,162.1578142,230.1613932,310.0555377,156.3054608,73.20278297,164.0656197,177.0207699,82.90650206,91.14238827,82.82204435,162.5214514,197.0633258,157.2982403,205.714849,103.476904,140.8085805,143.0377111,172.3458234,211.3301425,69.75470827,155.5938386,121.0538948,290.4273152,139.6897246,121.990829,88.7445775,134.2141904,212.8591684,280.7425228,363.84457,90.6650511,158.1728633,186.9543888,162.3261449,96.50283454,378.8224105,210.7320445,79.70048384,79.803737,109.4308882,325.2359657,259.8566143,245.3711414,86.74279855,145.1038637,101.5889613,148.8502571,134.3578937,144.3640922,218.7461672,283.9811674,118.8375548,104.3320151,128.1697357,161.0538714,97.49127168,539.614648,136.3933177,212.3331104,155.8382157,174.8831272,150.2425835,143.8788434,149.8294599,164.8108332,65.45956454,172.2809355,281.1211087,302.144486,95.4461711,122.6319604,87.95445892
77,516.7685858,319.8406693,203.777468,123.1170435,235.2559118,262.423716,83.36140461,313.8291609,111.640223,84.66910067,86.23858011,315.0836417,132.6976102,158.0600057,166.0401241,115.7500809,117.8669601,149.4833266,101.1234641,196.256262,96.44133227,137.2737358,130.3937215,99.30599869,63.62925248,159.9778908,109.2988159,115.9327512,237.3525783,331.0994235,161.7377992,96.76111459,154.4345047,119.8722256,216.7317982,221.6712738,99.62506031,135.6203649,78.67448872,87.96789341,215.6469516,95.78121887,104.2818715,109.6514666,150.3978691,140.7901374,107.4890008,95.73097519,117.1828837,184.2901714,126.8739262,132.8902836,187.2986399,190.1436327,154.930743,200.859903,189.6231445,140.5267257,148.2742427,114.2855902,166.067072,163.3616417,135.8638849,100.5757986,107.775817,96.67100875,147.7290347,132.3523909,146.2217389,63.12550662,130.5123826,110.7216554,412.0822955,126.5196714,142.9478629,247.7381963,119.8557328,122.1043103,312.6551754,182.0890948,119.6707121,209.2015676,132.1749378,208.0115898,63.41954798,130.1379359,124.4703964,178.070074,215.2619528,87.59150145,106.7335957,179.6410426,229.1130155,78.21601459,213.4869031,91.65082574,111.2071457,150.3211925,221.8797175,122.4217076,208.6334187,191.4535704,228.4298219,76.56798231,95.72532129,208.1333119,128.4594312,253.1728369,91.42291673,100.2150138,81.81453586,123.2708624,131.2307234,159.3941885,237.0686153,304.234393,91.35991802,223.3795906,163.104993,458.0007395,151.2517596,331.3397874,99.77782404,144.2158732,111.9612725,201.9925249,212.429421,83.01979295,170.1325566,232.6325949,296.7099838,161.9323808,71.37442383,166.5943763,166.6609433,82.41379213,87.46018083,88.8468903,164.9631817,201.7504781,157.9749557,205.6584196,101.1244338,141.8764526,136.4480918,163.5626039,201.8600246,70.35291158,150.1287727,122.59495,324.4419281,151.7052873,127.6859557,86.9999322,134.7571383,224.1831372,273.7266944,372.5215579,92.40992013,157.4632829,185.7350127,164.958373,91.24302741,387.0337196,215.5203774,78.86015467,84.9821894,106.4675411,328.7667098,262.4458412,246.6294825,87.09673302,144.6571744,102.3905747,150.0923045,132.7292746,140.7251565,215.0861814,282.1865255,119.9174926,102.7611662,131.620542,146.9834805,95.02872188,562.5086449,135.7686181,219.7498965,156.4824585,174.9893594,161.5501083,152.023893,141.5941172,160.9904219,62.10976605,178.4106691,290.0688535,301.2489691,102.0907541,130.5317459,85.47261504
78,561.384761,307.9917835,209.1489015,127.0022467,222.4108065,266.4405996,79.5167186,333.0876367,111.5808282,83.74377069,85.53601015,293.6720506,134.3865256,151.7047771,170.0984077,119.5816249,122.6875276,152.0053651,104.2427442,203.8940546,96.25850252,128.5790028,129.733688,102.4044271,65.7046182,155.0557465,103.3909986,127.112283,233.8306382,325.5004623,166.561125,97.0033892,164.0548111,124.3757542,212.2733193,232.4472624,105.5921761,134.149723,72.21880445,88.47028453,222.6843447,94.07162608,104.3232826,117.9559745,162.8951658,136.8016808,105.4135148,102.1396422,121.17989,195.5846312,117.366053,139.3505676,201.8456466,192.8004326,156.9440571,212.2038036,208.9335984,138.3715962,160.9971435,109.2530983,170.5482908,164.1493507,136.5677953,97.60492589,110.7468879,102.3642124,147.3313152,137.5523896,142.8019412,61.56302542,143.1224246,105.6542928,407.6468459,119.9354516,153.9339561,244.527977,111.8460333,117.6715956,324.5747914,186.6777342,114.6617932,229.0803479,136.4773331,232.5019024,69.05318171,122.3553778,117.8998969,173.2422103,237.989,84.53145046,102.4184368,174.7864178,218.9013864,77.26118416,221.1114993,90.40022241,110.6792222,154.9089875,211.2653673,121.3718665,213.0042107,179.9399526,228.1419398,81.80439621,101.6879698,222.6599661,118.1086286,230.2378452,97.73132684,95.0588377,90.44323872,132.3436751,133.6690317,164.6849364,258.0924146,315.0755413,99.52621313,230.0241487,166.1785621,455.5749362,149.1153944,337.8721644,101.0694644,141.8511006,107.3000633,214.6167603,221.3147316,84.72301863,179.0906334,248.7257932,299.9511345,165.9694994,69.26309461,158.3522025,166.1213704,74.23856466,91.2881007,91.65712225,161.135986,204.560414,170.0567151,200.1886742,104.3482099,152.2438864,136.1871327,155.8692922,193.7545715,76.31004966,142.9256075,141.9575279,331.2916492,151.4153002,130.8437678,81.41298558,130.3044406,209.8933205,291.4012658,392.8507708,85.47318899,170.6639034,175.6201607,165.3119013,90.42881696,383.370314,201.1264111,81.37386574,80.79281634,114.4069698,347.0395234,277.2763816,238.6036386,89.0409365,139.462958,106.5643604,151.477525,137.0952827,135.7230735,227.7970596,297.5447319,123.8249444,102.6075161,117.7144393,149.7835065,91.98451985,577.036458,139.7919439,208.2462814,155.2270376,174.8736108,168.4929746,148.557354,143.3526328,168.654351,60.658303,192.8349449,299.4920944,286.5192154,110.3438132,117.4209551,82.8614944
79,605.8601857,323.3127502,204.8787297,120.1832175,213.8999077,252.8024243,78.4743378,336.2241073,118.4031804,88.94230648,91.67136438,278.5679097,135.2011465,152.6510589,170.3990198,114.3446037,112.561556,152.8321346,109.0135124,197.9699596,97.10382154,122.4772569,134.7692407,101.5435675,61.23822454,154.7195898,99.4896856,120.4184672,240.3257798,334.9854966,159.3721177,103.9707041,171.9407362,129.9956431,215.8318081,221.9921695,97.27049452,133.3164805,78.51471029,78.86318268,222.5567349,84.3063956,102.6613377,106.1819262,156.2610789,134.8319364,106.4183068,106.6903665,115.7742393,204.1562446,115.4997345,150.6114678,200.8477818,186.1509299,148.6004876,209.9386832,209.6021237,140.7996488,152.2483132,110.9524868,167.9147766,180.3815904,132.242766,99.11602445,114.5699075,111.1104887,152.7291008,148.0759979,146.6229253,59.48433894,145.7130313,116.0275972,411.2940549,132.6477069,159.3190197,235.9038152,106.0899407,116.4767563,340.9320828,181.0417729,113.0150197,221.1136458,133.6688147,254.361825,73.51395915,130.1302492,119.2045852,173.1252191,254.2378212,93.1511887,108.4866802,176.0473975,239.711514,80.04118317,206.9479099,102.3669964,107.2866432,166.9259372,218.9305995,121.223171,199.1549595,170.3543196,246.2759793,83.11742192,99.30937823,238.3381953,113.2226436,231.845863,102.0013288,100.5407883,90.23829634,130.0262833,137.8715376,187.792091,246.4239224,308.1407309,105.3817642,236.486717,178.6911825,436.361948,154.1879715,350.1525008,107.0598329,142.5828473,110.6588823,223.0933411,219.582306,92.51996456,171.9893045,234.3263667,313.3885737,164.260143,74.85679674,161.1516167,171.4849473,80.06309921,85.80362559,93.32530027,177.4029668,206.4390357,180.8475037,206.7176027,101.7612038,139.7994837,147.4341992,156.5990972,218.7267308,74.63411611,141.3163656,140.2119315,313.4113546,162.0950247,129.9143015,77.45988727,140.352601,219.0111445,320.5563721,435.4977411,85.73320823,168.8990265,174.8180174,182.8053,82.90837834,398.5348014,210.1892352,82.73354673,83.75821231,119.8389165,343.6903449,254.4586517,225.9388337,93.03675803,122.9104655,106.3484796,155.1126168,134.1304957,133.1619617,219.8863826,274.0875137,118.3998137,102.9695856,106.0982548,142.1253116,97.30968324,540.5788716,155.2309475,217.5179832,154.0154482,162.5918296,158.75582,159.1287011,144.7510244,157.6416045,61.39043932,192.9957948,321.8291879,307.4437737,116.7399481,122.0980481,85.3397152
80,594.1445928,326.4953279,201.9358334,112.1666156,217.936114,255.7115634,84.70325092,346.163205,121.8226368,89.85406936,91.12694116,279.6557246,139.9092463,158.7600341,186.7267036,114.1386107,119.9686355,139.9571336,114.7650027,190.7627016,87.95431695,122.4253644,132.8630593,104.0008892,63.28515529,153.7052083,99.42953602,99.98365843,246.626837,321.8434386,156.6688672,99.38381066,174.2975368,124.8469301,214.0211185,241.287156,94.45036296,143.4471004,77.39621246,76.86188917,230.2443972,83.0220399,112.5685028,113.8275255,160.018664,128.9550383,102.6552348,105.5010885,121.1620089,184.7702918,117.7902957,153.586457,201.3973375,191.7370714,159.6425235,209.7264232,193.5346009,150.5991461,155.6537842,114.8760705,160.9705743,186.2449379,133.6368427,94.34509298,115.2354478,108.6202526,140.1903681,150.3076707,147.4809158,67.66705599,144.8560582,119.1256399,405.4948571,136.1218381,158.5913518,213.5021072,116.8965841,112.2578368,371.5338157,188.0281602,105.2517008,231.239421,126.2336168,257.3878378,71.51232784,125.4456304,123.684936,173.5207941,242.9273917,99.35699032,112.0715169,176.9604154,249.219784,84.59088593,205.9682925,106.4466949,104.3785073,169.6252954,232.7687106,112.9471545,183.8867803,184.1833367,233.9746325,87.01405569,108.5536556,232.1225636,116.2701679,212.4239047,118.894806,99.52835957,78.42969852,123.2849119,138.8674901,196.1629564,228.7222657,292.2226027,97.53098985,237.7668261,171.3116024,492.0009136,149.5935494,340.1699747,111.2570845,138.564337,128.8716829,232.0871243,219.1473102,95.31956006,177.4530217,239.9136044,356.3620068,177.5986759,78.40979103,161.9801592,172.6601452,77.61347154,91.15132665,96.04196896,175.68694,214.0695289,204.4174471,198.9637965,103.9997011,142.0405943,163.4008985,151.5535925,223.2701679,71.3851936,146.5752588,144.9983354,341.6865805,172.841283,141.0150469,75.18935984,143.9669538,213.8477839,333.1527563,411.7846311,86.63457064,180.1004066,180.5843095,197.5424803,83.95426283,373.0217777,218.3385227,79.67532268,93.91103048,114.564848,335.8795795,254.5069245,229.3676236,92.4938967,124.1114668,103.5805968,143.0854836,126.8187743,132.6204671,222.3119911,271.8168966,117.6090444,115.1695219,102.2781811,133.9389357,100.1705637,537.7523057,146.7651549,215.6822664,153.5645313,151.0044216,150.6883065,171.1521221,148.8009598,149.6885987,60.41138821,168.9010862,334.4316347,313.8372713,121.3291438,123.2496531,84.20893202
81,607.0601704,316.6865769,209.5094545,117.9544696,200.6955009,254.5764591,107.3072752,340.4294379,122.9352045,91.46385424,97.29848811,283.9711102,129.8710318,157.181693,198.6752111,115.0236488,112.8879544,137.4416622,109.867547,182.8519773,85.34818092,130.753366,129.838312,105.7717744,63.1887664,156.3010483,97.47930565,102.0259202,226.3385733,333.4821278,156.371925,97.20515271,169.872828,126.9957894,207.927927,245.6426853,103.4298756,153.415551,73.46227748,81.8010929,232.8452835,80.57842187,109.8469818,123.6581241,170.301018,133.1755415,96.56460316,108.7262689,117.000537,182.7623588,108.2552729,142.5330899,208.2477686,181.2859859,176.7103871,219.5585879,192.4084166,158.5030235,158.0862445,115.2694223,178.2581782,192.2195607,141.7142384,91.72460333,109.6777868,97.66631981,141.8807184,153.6236537,147.3342217,70.3239552,138.4039105,122.6860445,394.9393243,131.5462729,144.5765207,223.6232545,129.2570976,122.1681946,367.3359955,197.5294235,113.0740353,225.0153569,121.5432226,292.0849959,64.31585895,124.8801887,128.9133987,173.9332937,263.3964709,107.0167037,110.6808649,171.0126438,251.904142,92.73290775,209.3810102,101.7645524,101.6681035,177.9975772,240.6117501,116.2899615,182.4065487,184.8751645,229.3389508,90.074976,99.15400298,241.6551929,118.4577941,243.9258073,120.0062353,94.85417706,77.07963192,123.0801726,140.4023765,196.9562148,205.7415827,272.9095823,88.14591943,248.6417296,178.5739597,551.3579249,152.1446178,356.7409994,106.1767534,146.7692748,131.9279947,239.9480424,235.9910452,103.2645825,177.5326272,227.1822467,331.7250062,186.7411155,78.18106723,165.0950605,155.3037381,83.54155815,97.22427347,96.87361759,180.6819504,212.9188817,218.7016893,208.6269766,104.5740817,130.726637,162.1355205,142.9974486,232.024148,71.65088722,147.3577193,150.4523789,345.5434405,165.2287662,144.7597484,72.95665185,157.8416794,220.1012967,363.4609798,401.2134582,87.33825631,183.6025692,194.7973188,213.569395,87.54945104,354.6612935,216.0851528,80.54715752,101.0950113,120.5884305,340.8459569,255.2322318,217.6590853,93.96346909,125.6143297,99.47454283,150.2509599,126.2439746,132.7759295,247.2827906,281.6410942,123.2283661,119.2266914,104.7853246,140.5043567,105.0360429,531.0772939,132.5478102,223.5414341,145.8723072,157.6128339,149.058737,170.5920472,146.5204291,147.6125354,63.4978185,162.323545,336.7035666,321.9520901,109.542173,132.4682955,78.19048236
82,607.6217498,346.3997833,210.0897471,112.4461425,219.4112564,250.0827335,111.0827568,342.3623063,113.7113638,82.25691432,105.9092186,296.5226678,120.9390186,151.4420879,205.8020111,108.9409947,106.7179087,133.5370548,113.6584365,204.6513462,84.93686707,132.3905479,121.0049924,108.5286551,67.47803119,178.2519003,105.6789591,94.46652772,226.7930988,322.0878664,154.0505649,94.26601049,155.5350357,117.4640808,241.1708692,262.1308489,113.6247927,149.3401184,72.88737197,78.475032,261.674658,84.17279545,113.2841633,117.1308083,170.0375054,135.4484651,96.23127407,101.2220148,107.5510464,195.0401513,111.3445436,144.3215537,202.9865961,195.3118337,171.4710237,241.0773788,183.3831599,151.3736843,164.337265,131.9933956,191.0754807,198.541291,145.3917141,89.52056863,106.9933259,104.5979724,140.2157553,149.0749264,150.6529175,64.85439349,147.6199922,119.3762906,379.2044144,133.7246185,143.7619551,231.0801994,142.2124118,124.1052433,408.7680344,194.3724322,110.1662526,218.1251696,119.9435621,273.8890792,61.44047841,113.7758407,132.5285601,177.5775965,234.7865013,125.8005375,116.7047032,159.7596708,275.7557924,93.11088884,206.9481453,108.1064793,98.30808485,198.3638657,248.510523,111.034397,180.3469882,175.6142953,238.8177668,96.00221814,101.0071212,249.7200466,133.7102313,227.8258628,110.1011399,98.23576039,76.82743285,127.8605646,145.5975241,205.8230907,177.428109,282.7621613,87.80141574,249.6335849,173.1311941,594.4148688,153.5361268,361.6629907,100.4041974,149.2135102,129.0768512,260.0564693,236.7880156,97.00669012,190.0719445,204.1624279,315.1357906,191.5110047,78.46570475,165.2709851,153.7693575,80.77288443,107.482368,103.1237179,186.5616268,218.0802153,208.8977208,203.5832605,95.61297318,136.7051832,169.6491383,149.0519757,230.7666215,70.54318148,153.6032409,160.3153183,365.4783725,154.4789538,141.9710102,77.87274872,156.8500711,224.7784957,336.0939639,381.6510336,98.18205424,179.2540697,200.1458042,216.9520392,86.30344815,365.401927,211.4733288,77.55005351,104.0549076,130.5314791,307.1510419,269.645787,227.8162787,91.16173106,126.3242265,109.6966512,134.8294935,122.3873768,144.8281718,243.1138456,288.9880744,129.8023594,117.4781431,110.4623183,143.3609174,100.7115133,572.03253,122.8079763,219.5874626,139.4532447,158.9048965,137.1688714,160.0200479,144.5228139,159.3795296,64.10006198,157.9106533,353.8632672,343.4156504,113.4314889,133.6751959,82.26328469
83,642.3159732,387.1844181,240.1394048,110.4155641,218.5054643,248.6439403,119.2609984,359.6191559,122.5789601,91.26239538,102.5244947,319.5071038,112.5248284,148.3876565,209.6450828,110.3864447,111.7632629,143.3951945,129.1216755,196.8946426,86.96244538,126.4268378,115.9508412,106.7601588,61.2892175,173.4087758,106.5803661,94.73908856,215.6384983,305.8981468,157.8370902,94.408586,163.412932,119.1027044,258.4636675,271.3454361,126.5785843,159.4752081,77.34472981,74.25661292,260.2900723,91.08375589,106.2264848,108.7564798,154.0484497,134.5176735,96.8642848,93.46128565,104.3373573,185.2145387,110.1217012,149.4182296,203.34366,198.4603198,174.7192288,238.5622379,190.4403595,145.3228359,165.0330321,127.0724584,180.3077921,203.1779962,154.794878,82.83708097,114.9117553,102.6784531,140.4450104,141.5494791,143.1894407,67.01792569,141.8537529,121.4815129,390.3415587,132.3864653,131.9545731,234.3298021,143.9055474,124.5759497,433.5432348,202.3115589,111.0790329,206.035365,123.0421662,318.2517272,62.01225689,119.5343023,132.1822241,182.0956499,248.2226145,135.0346952,119.0256375,161.2420883,280.5442543,86.56423984,198.5490981,110.4098177,92.60826552,198.9332585,252.3097255,117.0189211,171.5814612,175.2173163,231.197565,92.47836795,101.5234282,244.9259128,135.0321453,213.5256429,108.9067348,110.8002128,77.58115834,127.7844893,143.4187708,196.8232391,166.7252747,264.2381507,92.78654447,241.8058573,161.7804553,615.5847342,154.1785515,366.1521625,95.62666179,140.4132759,128.5428351,263.049697,233.8021622,98.45000539,193.4445161,200.6101143,301.2130238,209.0561568,80.21577444,176.4451633,151.0506814,82.58139232,99.25491054,99.5960598,193.8178241,229.6234552,221.8461511,196.4085522,99.89154225,141.9196983,181.9843271,145.9486113,247.8586901,69.07032473,154.9023061,184.3045057,362.1884979,150.4822462,145.6781054,72.09656482,159.5045764,223.0931862,314.6764375,415.4615751,103.637136,177.7928746,210.3342358,200.7205868,85.15374607,370.5364808,231.2340351,85.10898956,105.8462536,126.7849605,295.0979237,261.9736328,243.4945892,89.49604538,123.7529032,102.878741,139.7342856,125.55601,156.4152083,252.1810878,285.2059927,132.868625,122.1064934,117.7297635,142.5836524,106.8376771,598.8535422,120.7811342,241.8736293,138.6095268,165.3320425,133.2968567,154.4878443,142.6851082,164.401902,66.73724018,159.9326962,381.0763932,347.2709474,109.2722241,141.3271325,76.74649351
84,637.5399505,351.9450064,230.5345447,105.1791171,227.8292753,265.3777719,113.6253685,373.9088659,120.2978691,92.75963226,110.1208612,310.7315581,112.1489646,155.4931165,210.3986321,106.8905003,105.7826845,153.3141475,134.987045,200.9036323,82.41205506,129.5639318,115.7560322,115.5479181,66.98846069,164.3591829,105.8444998,96.59221378,205.2414483,291.0104614,161.1947286,90.81938065,163.6650416,109.0267124,253.7587753,270.2730238,115.7836046,154.4105309,85.76527092,70.86067503,256.8014924,94.12266378,113.3277912,102.8459587,157.8256483,135.8368299,103.483187,102.7109659,100.5892769,197.1211915,110.1308102,145.9784344,228.0482315,190.4185885,179.9111111,235.4264117,194.0675018,151.719497,162.9551448,125.2683322,183.0342661,212.9122344,146.4316006,83.25074336,113.9179653,104.1678319,144.1439057,155.2880921,141.6520231,71.54432987,146.9021833,129.3039637,392.7436166,131.1281699,126.6767257,233.4217404,145.2728843,120.4162986,410.2665932,203.2000693,113.2266164,204.6929397,123.6799643,307.2225052,63.71087741,122.1183795,135.5594718,183.7363146,223.2957276,132.5036818,133.5807378,138.3440209,270.3796911,87.73231831,187.7103385,112.8922422,100.901599,219.601226,255.6468848,124.7311997,171.6654717,170.7966332,235.1662502,92.77706144,101.9980946,247.5179194,133.4585158,206.3817531,110.9040405,107.1489487,72.99373467,126.2896632,141.5835777,184.3879318,156.6086564,275.0125451,95.9098634,229.1002324,161.1245945,597.6930517,156.0606316,397.203162,97.66067264,133.6595738,131.5327523,252.5930366,241.4553861,98.39663909,199.3306069,209.3942619,299.6754196,228.8365106,78.49485734,177.0489178,146.3592046,82.91344155,101.8066004,101.5294042,192.9407472,242.7498645,208.5624729,196.657073,102.2999854,139.5913154,186.5301945,153.5770771,239.93558,63.95644664,159.0288101,196.1970901,387.37184,144.8171151,141.1286379,72.43999242,163.6465972,219.7888352,316.50513,389.4089139,103.3890145,176.3129473,219.6474017,201.6598986,94.06219958,363.053678,223.8600375,83.60459641,99.42090607,121.8819232,306.5786472,273.8884876,245.0351288,94.75750223,136.4190126,100.7328671,137.3497296,135.8876536,156.1365126,234.7360599,299.5548102,146.1365424,119.9364598,123.4174831,132.4071907,96.3438377,664.8756473,116.9805044,229.1899248,142.4781108,181.4779984,142.6034521,146.9602835,156.3078082,169.3860621,68.04906664,152.6001676,346.0946368,348.9937232,115.7682593,135.3931328,76.20568577
85,643.2031454,340.7822287,240.5046398,104.2388108,224.0330182,275.3036367,110.7401097,398.3459235,128.3044373,96.21957814,116.267909,315.8633466,114.8031559,167.5194718,217.4580623,98.37494081,99.14807623,168.9258029,145.3401633,187.3282008,79.30318198,125.8711518,107.6545368,108.9252079,71.63925016,166.3321941,117.0241616,95.07373064,200.2180778,297.2306803,174.692325,87.66205316,179.5987897,114.7986324,240.969624,284.2828659,127.6498556,165.6781582,85.10900532,72.4015368,273.1571247,91.92326133,116.2435546,109.1721743,138.8243718,130.044371,104.6589837,109.8252006,103.8845105,200.3293516,112.3441362,145.61459,226.0531266,187.3722789,170.9786867,251.9921981,199.9522365,147.4841698,172.7596543,127.0340649,183.3787892,231.1639253,154.7936404,86.3408256,114.6067078,102.1665371,135.4390351,155.3163752,127.3962927,76.20981313,139.5383241,126.7679282,372.8202222,131.1248267,112.4028853,228.1441428,159.5346678,116.618984,395.6361396,207.1964632,113.1851166,219.5610651,118.6820728,308.0956273,64.96866946,120.9495245,139.7044259,193.3991805,206.6249554,132.6672652,135.1836089,137.5170584,280.3509928,79.26743043,172.9334463,110.3767564,101.5037614,227.5642566,270.9330548,130.2020906,181.9473131,171.1531272,249.9799192,93.05240879,108.5297415,272.6278695,131.9788727,204.0372578,110.9867371,105.7810565,76.62466373,133.2268149,146.698082,196.34831,151.7373563,276.8087045,97.89294489,222.1360667,173.1075275,631.4136878,150.2415434,434.8427114,103.5894627,139.8495691,131.7555678,262.630975,228.6740138,96.38914274,191.0836676,213.6354877,293.2042299,240.3330448,77.27357591,183.4595676,155.1614243,82.22526134,103.6442103,106.4331141,199.8233662,223.7814482,212.6959533,210.3679557,97.44235884,149.6852238,195.3077988,145.1437468,250.4642406,63.24461004,152.9316334,203.6046114,366.8304787,153.102376,149.7781791,78.23048765,163.9015821,214.9164428,307.0866954,388.5046352,107.1947022,154.1970468,236.5087412,210.0102461,98.50754613,352.1776,221.6710296,89.20059502,100.4190608,123.2002838,307.3355332,286.5008007,251.023545,88.748515,135.8534609,101.7843507,148.5276257,144.4094159,180.1887643,229.9760138,314.3004284,148.0607314,119.7825108,127.9788876,132.3126976,101.0842843,677.9206845,117.5865736,235.769633,149.7005093,189.6412313,141.1567901,158.3784345,173.6905249,168.3768521,71.08659246,160.1384517,335.9085116,360.6294673,115.0878519,133.9881875,71.79775599
86,635.4419128,348.27834,230.6193871,109.3877177,228.9699319,276.8883835,103.2707033,378.2617365,120.0136535,97.96481596,122.0290334,344.1729285,112.3687102,164.8843157,223.0690584,89.60978926,93.11849442,163.4779322,142.3644634,184.7433587,77.42104867,121.1230135,116.4689251,109.2715901,74.74316687,166.3131789,125.2497824,88.6209949,189.0975784,294.2338518,176.9255478,87.56081791,186.1135304,117.616554,237.6229807,291.5900374,118.9536001,172.9401473,88.55348894,69.53983339,254.6073383,99.90059911,119.5007593,108.8666839,141.8510043,133.1927554,106.7029353,109.3340715,106.7372522,201.1151652,112.1683275,143.9630277,229.6042414,184.6324189,168.6565944,272.6864378,200.6091172,140.8415392,168.2588803,133.3746003,193.3919591,222.3969608,157.7449032,87.837569,113.484444,106.223497,135.6849453,153.3383835,124.4340402,72.12681894,139.2939636,130.4700285,374.1652564,121.9190946,106.5422685,229.9516968,155.8149637,121.2878557,355.311425,191.2093207,109.8184237,216.1613656,127.5384773,336.4340745,65.1266921,123.489281,135.25836,192.0964584,211.8273178,123.5969492,128.903591,136.4697909,260.7160761,76.57975184,182.9186931,114.390719,104.1199627,242.7976236,248.4611347,134.8938563,193.9599575,183.6531872,246.892387,93.24319694,110.6176014,272.0017646,134.0777031,205.7468655,109.9132006,102.3651219,76.05376599,136.0973899,142.6475275,206.8103484,146.7645485,279.8678518,94.16024431,250.5411333,196.881976,591.1879895,145.2802,461.2370779,105.2962022,133.9316378,127.8030537,253.6457487,232.063424,97.6653263,192.841832,191.1094604,294.3478076,259.0712015,77.10871328,175.2309367,154.3911488,83.75427885,107.2618972,102.3993114,185.1960778,215.5144932,219.6254438,216.9007965,93.0658703,152.0627829,194.4339718,142.6982448,240.3366252,62.76758116,146.3169365,200.9480817,368.1434216,148.6306242,168.4672999,75.22309708,155.2512032,212.5798854,309.6079188,392.0038244,116.2690985,161.9416942,246.2151324,183.935228,106.4507496,353.4097431,221.9668893,101.2586646,104.4263248,114.1732289,313.4286528,254.9045528,224.848603,84.74609525,130.1462438,96.46419546,156.3408901,151.5968051,173.3696448,233.4377995,312.2504998,145.2385616,128.1366245,139.0304196,126.2159493,94.49746601,641.1675661,121.1517949,237.132944,144.6877132,200.6064378,136.127139,168.2776916,179.5443049,159.5582931,71.09043191,147.7196526,342.4794037,351.3048867,116.3010294,127.6034419,71.23686196
87,640.5174201,346.2929489,222.4479394,115.8219624,236.1528282,270.6164324,96.61126566,398.1149139,131.6999331,110.3468496,115.8972911,379.4174017,109.6534771,179.3651481,205.6339659,90.03534582,77.87034718,161.9086073,144.490592,182.0245598,78.98123574,122.4879404,123.2855992,107.3470371,71.32795519,167.319153,119.1035979,89.13755018,206.4768066,288.0310703,210.1190758,81.77221829,192.2539889,130.6343026,235.706166,314.9451608,112.2556006,173.0437958,88.14222958,70.42922932,263.8224752,107.3814756,119.4262657,106.3291202,143.6434156,146.8231858,114.5420446,112.0265873,118.7750251,191.9858858,105.6545171,132.8039717,227.4799428,177.7917893,153.4551053,245.918764,178.0605885,154.2890348,165.2269805,128.7559135,187.6538471,228.3729254,151.7436267,78.89238795,117.9625418,107.2948398,121.499885,150.1484909,126.7076568,71.64215543,121.2745697,133.4413374,401.1526965,120.22749,108.344174,229.095892,161.1358554,128.0506729,354.6381507,193.2126434,106.0397343,235.5482769,122.2235637,348.2681559,62.14276199,119.0294863,140.7796467,183.3202485,237.5978449,121.6081624,123.0310095,137.272131,258.1634677,78.47967484,192.0984691,117.263651,93.87211446,237.5026363,246.9723948,127.0999783,196.2604052,202.0420967,253.7053703,91.86005023,115.4597373,294.1517756,141.9498752,195.4917058,117.0409412,94.36400985,84.26271875,142.7925814,137.7957629,220.9852732,151.1951052,260.2169347,96.20666265,274.106092,206.2277455,618.7185215,138.2670086,436.3189148,103.7026202,138.9325695,125.4347655,245.350081,237.4180801,96.6347229,183.0967605,192.983652,300.0328242,241.8187409,71.04920326,175.6631977,148.7232286,88.55570368,97.9249515,96.65519428,204.4253382,205.4747634,244.8066033,226.0793472,88.43394111,158.4873571,202.180862,150.7606783,239.6993906,64.05056069,148.787504,206.5761974,362.5467273,148.610499,162.2042958,85.49379041,170.7312259,232.5154423,312.8288548,367.4478304,116.8861857,167.7407888,261.6894659,193.5994813,107.0171759,337.3220742,209.9210984,94.68768833,116.7802726,109.3513883,332.4718405,260.5177985,202.1983582,84.85558182,130.0316986,101.9642333,169.7516773,154.6818825,175.000187,237.5041119,295.9997849,137.9843719,136.4816681,147.6011566,124.7166928,98.95862276,713.7178359,122.1307503,253.8419657,152.4076323,199.9972841,143.7422649,168.9684148,198.8146298,150.4152086,64.57187431,148.5048021,331.3231581,338.9286266,120.4508773,130.293166,69.78824215
88,633.9154225,346.3532602,230.9053656,114.9732033,239.9123722,284.8192932,92.49994987,399.7052744,130.5796081,113.1435849,121.112908,397.2007026,109.405996,180.332375,207.1374577,94.20967366,77.16436391,154.7111331,146.861009,178.3126378,79.20097434,116.8751922,125.9664981,104.7696028,72.66413976,170.0863646,119.8680596,84.16615781,203.2396704,286.9057978,207.9043527,81.75876614,210.4550753,132.4018232,230.1256791,348.7720733,114.0793098,185.4926431,84.24904151,70.34526303,294.8041446,110.1863568,122.0560843,107.6880805,157.8324214,166.0769521,113.8400748,113.5881845,115.9199632,184.8607702,112.5453388,131.4739089,223.8302682,173.8663871,152.8138819,258.2191714,179.5333331,160.2441295,166.7367086,133.0162756,196.1884376,238.6791923,145.0423405,80.2363577,129.1515965,108.4657663,126.8351575,151.0790162,116.0498027,69.98335125,127.891304,140.4808975,428.6466605,121.5170612,97.70901943,233.0383437,158.1457041,114.356416,379.8843631,191.0400213,107.375689,220.661491,119.5678672,334.6065792,59.46662892,123.6406789,140.6884382,177.4385021,241.4532271,116.5123549,122.2371972,133.6024672,253.3255215,77.52861697,184.6139439,113.7038071,97.89943538,242.4741369,239.7394896,135.0179197,191.1715753,217.7265799,250.2614619,94.39193795,119.0848248,292.4466103,140.9769652,198.9547811,123.4934461,90.53092787,87.98585207,148.5311245,135.6414901,223.4129943,152.4283139,250.3667602,93.06650907,289.1524169,209.8319393,584.024061,143.7468337,453.5416337,112.4026593,131.0221313,122.4176679,239.3256602,223.1646621,100.2366789,197.6609948,215.2733268,321.7189292,242.5249969,70.72879072,176.1565596,144.5988229,86.60817606,97.56958621,105.6763752,213.9420687,217.7405761,253.0073443,235.5313758,85.85390871,163.3085358,204.9279625,156.9442347,236.3166516,63.50540149,150.7588453,210.5087428,312.2009998,157.3363949,162.9843198,89.11497076,171.1689621,236.0417891,304.1958229,363.7651494,124.4859774,164.1400415,283.8687371,200.4669824,110.8596166,331.8524875,205.9871641,95.15928198,109.9664961,106.0348921,362.8140045,248.0997377,224.0288385,89.21133524,143.150998,101.2052426,161.1878616,163.8379989,186.6586107,256.3400971,287.2871244,141.9718615,145.7361205,145.7110617,131.3386306,99.55325906,671.6864572,120.0361393,245.9599856,155.2936729,206.9707355,140.7632989,170.2763928,196.8610963,161.1364187,63.12037116,151.1562562,333.6861091,336.2037528,122.7353219,127.4396423,67.28729195
89,611.5162867,355.4509261,221.8339519,116.5637049,252.8100142,265.9280742,95.57275773,359.8606966,140.7168043,121.9644572,103.862979,451.1007248,138.2521813,196.5810135,186.830185,91.56166385,77.84084137,158.1741421,155.9792489,199.7630155,77.15881243,119.7740588,128.1493431,108.6020385,76.89160983,165.9356118,118.7788562,88.11980816,186.8521807,260.529885,201.1894575,78.98357551,221.9753899,138.3305249,206.9781363,389.9872061,115.992048,179.3181922,86.02219255,70.26131132,322.9399462,110.7008255,124.656226,111.7529826,161.8840127,149.6837993,108.21391,122.0886456,125.6874094,205.2406835,99.74495773,128.3262079,217.3691695,179.9396595,158.4206782,258.8573775,193.5233788,157.6257753,171.5146842,127.4704516,204.2273651,251.1710654,150.9290136,79.46359062,132.891625,107.0255791,123.4663118,138.9516344,124.7922373,67.00930346,130.0071141,140.9438042,415.8562293,108.0994029,97.19053433,241.3268906,162.9976516,114.1826224,332.5443584,186.7755753,102.3094607,210.1502391,129.0653746,342.4976758,61.78517689,123.7654079,133.1345229,182.2148683,254.3042175,121.1259665,124.6841099,124.2631914,248.6537644,74.75317332,163.2978593,115.7516467,97.56051583,264.1133748,238.4658217,143.7146987,188.1723761,212.2685154,263.7889246,96.59787191,115.4946104,305.1654032,135.8093015,189.0573884,119.3411664,87.88455004,77.94644407,147.0950473,136.1711616,232.9532702,168.2994864,232.3029453,87.85086157,303.5850404,217.4345376,581.1408789,126.4255734,439.2349893,125.0853735,130.7531319,134.8259072,251.3799056,220.1025309,95.22304539,209.6685189,207.9906351,327.056501,230.871829,64.4297793,180.3443869,145.1452084,85.44833141,95.31820409,107.4178403,232.1052009,227.2144516,243.7479662,254.3245795,89.51234281,164.039822,192.6616723,164.7581198,232.1268698,59.69351617,155.5042951,206.0778205,293.233581,149.9493623,157.3853309,84.00565071,186.527358,243.1083447,299.1250292,331.6669313,120.5727715,153.3843931,300.2540745,213.8956252,111.8850212,350.4161038,210.3542744,87.75692252,97.60065596,96.38997805,355.9871045,251.5352296,222.2023468,81.30054204,151.5396029,101.1568546,163.8327794,166.9088531,178.6713409,253.3156517,293.7176075,138.0341762,149.9564512,164.0638754,136.3302267,95.55788533,680.0248034,119.1318437,252.552304,151.5087268,214.875031,150.8321677,171.3262087,222.0341499,155.5571526,64.14935588,155.5832733,350.0701237,333.5929093,125.5479359,127.1397066,64.71052042
90,653.3801776,387.4435671,247.0291308,122.7202063,243.7086594,252.3747893,96.81807347,347.6018901,147.0070635,126.7487472,96.06452733,464.9984986,131.7681098,191.5893124,182.316343,96.03612537,87.37508874,161.1059246,146.6318457,210.0618039,84.20732743,124.7968356,125.5404439,105.5822379,72.5710239,164.2262438,118.6022818,91.2788258,187.8319266,258.1633148,209.827811,76.49097621,207.9849817,138.8269798,227.4596667,368.4223972,117.6731279,176.0326231,99.03718713,71.30849204,331.7782694,110.9116939,123.0706064,107.7194717,169.9167262,152.3358627,105.4534654,132.5988948,130.1521933,201.9737377,101.1352439,126.6146011,222.4165306,180.609138,166.0385308,274.5761958,206.6546738,151.4426479,169.5375149,124.6727062,199.1770407,266.6194972,157.8590203,81.11898522,140.4242664,109.1665375,108.4027766,142.2946793,122.0988909,63.0606218,126.3460669,144.7642224,454.8580553,107.3215261,97.57794252,233.6352505,163.9003886,107.5324207,340.920201,186.2360063,99.22524346,205.4823561,129.8070405,339.5679638,67.11089274,141.1717292,122.8100026,183.8666561,262.7612281,125.0437438,127.7268521,134.4049165,253.8140932,67.34179376,162.2511218,116.9582411,95.68428329,272.2618651,228.3265749,138.3344144,180.764827,231.945506,259.3665966,96.42082495,122.0410055,312.0034062,134.3134265,176.3448015,137.8856995,92.53238375,76.82721443,175.1794925,124.9679972,215.0880163,159.3196681,237.7229927,89.64833448,287.3014225,211.8701353,589.0584081,136.2266264,459.5568104,126.8627344,122.5895597,126.5450497,238.3352207,223.5485386,91.98680843,221.9012405,214.7625329,334.0742478,238.0973536,65.78961036,171.8815881,131.8240986,89.23443528,93.75138279,112.4636042,257.4049113,231.5818448,254.440231,274.3836918,83.67518527,186.6038924,201.6016594,162.0598878,222.2125805,62.00094931,165.6714518,206.7117522,285.9184666,145.5078169,169.5010193,95.76791288,180.7720718,252.0473914,297.0269529,308.8912855,126.6899852,166.623431,312.1660568,216.8409132,118.4394204,378.3278999,228.3869398,87.22448045,93.30202094,95.38686178,344.512209,226.7450929,251.0008789,86.04123664,140.3860427,96.52431489,171.1875596,164.0295572,189.5039544,258.428532,316.6703911,131.3883978,163.2231359,168.9786505,132.936941,99.22844446,704.7533214,117.7126561,255.2869995,159.3039791,210.4199016,151.7881324,176.8186483,212.4150603,168.1606202,63.57201738,140.6684092,339.6904042,326.3279935,135.025691,121.2891526,59.92618337
91,652.5546904,376.6759546,236.1327435,125.3108587,235.2234232,238.6406605,106.5140258,359.0963746,159.1951475,117.7727164,102.6503589,472.7974862,131.159588,179.6520203,173.868448,97.85723095,91.00366227,162.0027953,148.5649543,229.0315603,81.01195107,131.5315285,128.9863034,108.6200205,71.2490684,168.8564966,120.6829794,90.45682947,191.213396,254.3529469,206.6985464,71.19080841,228.3227598,135.4255176,215.3633892,371.9899657,121.7059093,166.9770182,97.7546783,69.55022555,332.7700805,116.4358618,114.4811355,113.5288967,181.2026455,157.9759854,99.43539875,137.9751257,135.1837427,192.0208838,89.06372619,119.0823845,244.0935158,177.3453397,164.0257207,267.342262,215.1867895,154.8251359,167.8092287,118.4457218,196.8906369,274.8086608,153.8920402,77.47522723,149.244914,110.6494522,106.2852927,139.1007859,125.4459022,64.19053069,130.4149056,151.6019716,434.0583293,119.0297211,96.44923739,237.1040549,152.6387201,101.2823876,330.0873032,190.1328584,104.7163274,201.6521405,109.907702,339.0894658,68.794581,134.7842114,107.0010359,175.3708454,261.4508817,126.2274202,121.3859112,134.1392758,284.5544447,70.33035622,160.6040176,118.0711188,94.3838786,294.3277185,226.8675137,135.5006081,187.4206919,232.5949394,252.9341623,94.29594363,124.7199871,306.2555857,134.5643051,180.7459047,120.6400037,84.24346542,73.26968734,188.482291,124.0602713,236.3665308,157.0287074,227.9856855,94.52541961,297.6153358,215.3363863,564.133613,148.9216645,494.7753524,119.2884775,121.6889652,128.2827686,227.6428588,234.6634514,95.54447803,225.3789711,198.4090587,298.8011854,260.6527006,63.0950457,186.1311192,121.9171142,87.67275533,94.60893362,114.1933478,265.250472,261.6908376,257.6997779,278.1904055,88.26743098,197.3800585,194.7227656,176.9719156,225.6122518,62.49022635,175.9248431,213.9608971,288.4191713,147.059767,174.1784056,92.93060626,177.0947165,249.155333,299.3621698,294.5831382,129.1316195,154.3155787,300.9614819,224.2997678,115.667185,402.4269457,231.7178341,88.3759945,91.27065382,97.49272689,318.0778115,225.110325,239.3985354,87.90419097,133.3536124,95.2617774,181.078972,163.28963,181.2784342,260.116896,325.7134428,138.8928767,163.4445888,181.6791741,133.4327473,105.280512,766.5870907,122.106535,249.9111568,174.0580785,234.4455296,159.8151666,179.0862197,207.1997913,181.7978283,63.83072861,142.8356781,337.4200202,319.2511927,128.0702787,129.7976774,59.96568879
92,625.185405,410.9620358,239.1983678,119.8050146,221.8142191,246.7567004,106.9329881,344.0185779,172.2629701,134.5586575,100.477378,487.5671126,127.6116631,183.2585475,186.7213761,97.75330546,92.41822175,160.51268,151.0725342,225.9044438,83.5997769,133.1493608,136.9508415,110.6322667,77.72266471,155.5897274,114.4487192,86.60299231,183.5163979,279.5431912,221.6425388,72.93945745,215.4088024,139.5206797,218.6186884,362.9965941,120.251242,166.0933507,101.691779,67.19172926,310.0001932,106.8540437,111.9662827,119.4146072,174.0084456,165.6614323,95.10962452,128.9593208,134.6976652,181.1143729,92.85210014,127.5959408,233.3359855,183.3723524,161.171667,246.7070957,231.6686796,157.4247187,168.5202863,113.0214608,217.0365986,285.2067469,145.2618986,75.62385538,150.8919907,111.8813056,99.83035818,141.1613401,137.2450572,61.17293235,140.9712881,138.3103286,443.763789,117.9838758,104.8367211,252.3402264,147.3618751,97.61193696,330.9104284,182.7140895,105.1531189,201.8615592,111.0912783,367.2391964,68.04705676,126.9004238,110.1235418,197.5363535,249.4103384,136.8580838,130.3674411,143.0412222,298.9957804,67.90618219,157.1796095,107.2524193,98.12801055,273.3826774,240.2155673,132.3163078,176.0552717,239.7210369,235.3354338,100.562031,139.8973417,302.3295975,128.1436878,183.0683094,122.2897084,95.57506254,73.48572232,192.5107772,129.8603835,234.0926454,173.346495,223.243918,98.30994201,296.1311317,219.9598063,498.4663175,154.5773823,502.7419451,125.2647699,112.8501114,133.7693603,252.9716524,244.1907753,86.32397254,240.8900456,209.5749948,297.4976086,257.899035,66.40963956,189.7006647,117.5830986,88.87752088,92.79227298,113.4461612,258.3057224,262.0414019,241.8174606,267.8039556,92.56389625,197.8849519,189.3708891,165.5003849,234.5902618,65.54872296,177.62136,224.7719067,293.6524337,161.8825001,180.6324862,95.29609048,174.7808434,245.360758,300.4999217,277.2899275,128.7573664,160.603463,294.9777187,254.8279057,110.9864854,380.6160073,248.9444406,94.9701815,93.4229051,95.33458188,302.4477749,228.6276327,230.1135005,86.88799759,146.4562385,88.2145131,188.9897075,172.4813458,183.6783899,261.811577,317.8749973,135.2351991,169.0938771,187.6338511,129.8572116,90.57044959,858.152696,126.4176746,256.1355321,178.4030134,236.6952074,157.2904931,188.8930433,212.3433922,167.1746599,67.89823949,146.1402506,339.2527771,306.0539985,134.3205004,134.6802793,56.04442805
93,691.0336647,425.9290297,222.7560256,110.7246258,240.7111416,238.3959987,104.8619571,354.2681434,183.6952537,133.2217046,102.0661572,483.940705,118.0202187,180.0053719,168.9018241,95.45210398,95.92990106,172.6008134,156.8867418,229.8925403,78.80289921,128.1480519,129.9461547,110.1162333,77.29085952,149.9370996,109.2638633,82.86646612,181.761598,298.1172781,217.544573,73.07568525,217.805127,140.8574034,194.5258688,383.680951,115.0401168,161.9482636,95.82053916,65.78938466,326.4140594,109.8083857,117.6203388,118.1461057,168.8922185,166.8552797,89.54724182,125.08026,133.3748691,176.3619069,90.88842417,131.8650613,223.5108028,183.5101831,161.2331079,255.8912024,234.001223,139.5388993,171.2956265,119.2761536,218.1307814,257.0123416,147.5325528,72.00290546,141.7509304,111.4881959,99.16038091,142.5340414,125.6905916,64.13383729,151.5915148,144.866985,404.7324289,130.1819525,100.3477028,232.3238876,153.644234,97.12946515,378.7044061,177.6803191,101.2400051,188.8356639,107.7518249,347.8054986,66.43985662,125.1264389,107.1899118,194.9433141,246.8235546,134.7513443,134.8510141,144.4099541,297.6979138,71.04631857,168.0764904,100.8983609,99.55914928,278.3174962,249.355982,131.0219146,171.3666822,244.4823202,237.9483051,90.47167965,144.4374569,316.8544789,131.7284659,177.0201383,130.3769312,96.0740586,75.18648393,219.4376836,126.3922153,230.7324337,163.9410777,229.9762332,98.56771776,311.5874483,217.207694,498.8554772,155.3126097,546.0279631,133.2493805,110.0313738,131.8211682,248.4965897,251.9483191,85.96810056,258.8421691,195.1251974,306.616937,246.6976819,63.16508781,211.1156109,104.1456161,87.58859089,88.666903,116.5398256,272.3206913,275.3718858,257.9563934,261.8678945,93.63218283,195.3668402,200.132954,159.1421098,237.4043687,68.21119221,176.6363142,230.4232732,325.6355272,160.1276852,165.5349395,96.61906976,175.2141849,268.6566448,310.9351326,296.7599929,123.1908388,162.8560427,304.9263162,243.8960326,116.8339718,370.9396373,244.3931465,94.45043927,96.48473805,91.76034764,283.1140015,232.7968327,222.373905,86.62161617,149.8537609,82.56946382,188.1284234,184.0283814,198.0195624,254.5108558,344.6355239,133.4986082,160.4671989,195.5464749,125.7299091,87.49255241,846.3532401,123.0316778,237.8885439,168.8142367,241.5117588,160.4950752,190.2145881,249.0251469,169.84335,69.98250919,136.6943224,330.1637584,292.3108951,132.5665302,121.8405696,56.33408865
94,725.799743,414.4960279,229.4295363,110.5462462,233.3975187,254.7086361,108.6089491,345.5802583,158.7510952,138.0795408,109.2403644,477.6074494,115.7740975,177.9123301,174.9909575,97.4647549,101.5606977,170.1726063,160.2661576,224.8540951,76.90945356,127.3706736,130.9350329,104.4061339,76.2401847,155.4849079,106.3596212,89.47992232,187.5532638,313.2692323,243.9840459,74.62792072,201.1563397,149.4500316,182.8354584,366.232398,109.7540819,164.2695847,101.5382946,60.44275883,377.0412288,122.1022086,118.7156472,118.024149,185.9167423,158.5679168,88.612894,138.9728866,129.1834923,171.0967913,91.58168269,134.1458679,234.9158226,181.1297258,163.848263,253.6602131,237.1401679,139.8780163,174.7133697,110.8521821,222.0669768,248.1172751,142.3447855,72.8366816,146.0005329,109.2052337,98.36723171,148.6516904,123.9199176,60.64058165,147.6554451,150.7093151,417.3449479,132.0653009,103.6780311,221.2081219,149.0670594,95.44299691,383.3586598,197.3253552,103.5939184,173.2722976,111.9112567,314.0103117,67.91167436,123.6588107,108.6336052,211.829989,251.6662413,136.8592936,154.2373179,143.3273729,300.7814207,70.29815026,188.6497614,99.4439161,99.2454962,278.3869518,269.96719,125.5638417,167.0385861,244.5597031,236.2006931,87.68593829,143.8490506,301.6959639,143.1553135,165.595736,133.9622422,98.38047027,75.75751935,229.1070271,125.4518357,253.3815665,166.692241,232.1640012,89.57411658,302.6762696,208.3817125,523.6208509,155.6434487,507.2574309,134.3244284,119.2426477,140.905699,248.596707,231.0204001,84.12436214,276.4051185,193.1518067,294.0840682,230.1423362,61.53982999,209.9870061,109.5580471,84.96278162,83.88602468,106.7173205,264.2504082,304.8063845,247.1864739,253.1307763,90.34070129,190.5973861,199.7381371,152.7770414,265.285669,64.07399562,172.5587975,239.7918375,336.1596755,171.7672118,153.8114874,96.29042123,171.0144641,248.0910543,315.8845889,297.6127746,125.8015756,152.6398887,289.2090081,240.42339,121.0070454,389.0997728,240.7262373,88.81154881,104.0109906,90.00955698,281.737195,247.8419122,244.6372889,76.3761741,140.8860417,89.28838626,191.3887033,168.5465321,202.9216085,272.9429603,328.5916001,120.6684791,167.2818609,198.1868983,118.554971,88.30558353,798.0709347,123.1796739,240.4928978,184.0805073,238.6584357,159.9105575,200.972933,244.4635359,175.5622883,66.62214956,141.6405385,363.4416854,277.2237942,134.7410218,117.2627171,61.32002131
95,752.7190225,418.7872167,207.1147936,119.5331565,235.9032991,257.4864624,105.250245,370.476855,154.2663159,145.2601077,109.4045994,515.0250392,114.5391594,189.4185417,175.8586732,103.1288933,97.89295172,162.6738516,160.6468389,242.1864969,79.56536187,125.6409955,150.7742614,108.0467878,79.19502062,158.163567,104.6109595,85.35428465,185.7268413,312.0160113,249.1403611,71.17255683,189.1488985,144.941897,171.8484453,332.2252545,106.243993,175.9368104,99.26170938,59.94696168,372.9783563,125.7326882,127.5358646,104.4583409,195.1915611,156.9005345,84.27403866,144.8086321,118.7074231,168.5296805,97.65047466,122.5088281,254.3375701,172.175202,156.9980836,265.7749999,217.1538515,136.3393762,180.4755472,112.439586,218.6151621,245.0233063,146.8964496,79.89142642,134.8770672,112.1047289,94.22532745,153.2432354,118.2212806,62.88580941,154.1767248,146.0866442,409.473113,125.2506598,98.63606528,236.646009,142.6858847,92.14712766,397.992646,192.8160959,105.45399,168.4229742,108.7327851,314.3525525,70.89422298,117.3208947,107.1819339,217.2039994,257.7753922,127.2412387,149.5660244,142.8452615,295.622491,62.87905464,187.7144443,100.2212077,99.97144269,263.2160468,287.0986108,141.7020003,163.8851649,236.7588753,253.2242452,92.38744833,145.8139642,321.7625777,138.6200802,183.9461614,126.2123721,91.63606576,83.08077686,227.5209209,125.2849768,247.2616522,161.7216074,249.7728159,83.71286323,304.5755905,203.8780564,487.3652296,161.6080375,533.5465365,125.961524,124.9881092,133.9528903,245.7802568,242.6637394,84.52558104,273.562128,193.3975859,299.5073807,242.0397632,60.32938109,211.2297034,104.1113143,86.72701588,83.30517839,105.985396,255.7647426,309.3960683,251.6135625,260.1474941,89.70291612,201.5067721,205.262908,153.499645,286.9464027,66.93708348,180.5896953,235.5999449,352.2661851,174.805323,157.0061981,100.9894306,179.2923162,261.5779402,334.4535746,303.3465163,133.1836429,141.9563935,277.8318389,239.4142938,112.2585258,391.92479,257.2809954,87.91127075,113.3203633,94.60343761,316.6276211,251.817692,269.3411901,73.73024489,149.2319918,85.74551867,189.1510302,168.3886685,210.0717437,291.5982619,360.7287115,125.4526689,175.9920874,193.0896659,128.2006788,89.77784639,826.2026568,120.1917784,212.5035622,189.6911858,256.0321076,150.8823342,207.2940948,222.8133428,170.510227,66.50156949,144.2292293,377.0318826,265.3902203,132.3035266,120.0798898,64.89229957
96,779.629046,464.5337217,204.7986163,125.7809192,247.8856065,256.7991388,103.5204179,350.1875181,159.0725578,143.5912276,111.3543746,522.5642138,110.8282345,194.1156318,193.8950961,99.11083318,100.2424437,156.3154557,169.3053589,251.1517614,80.59789471,135.2861509,130.2802217,108.1978268,83.66923725,165.0190851,113.4408087,83.37029828,175.0521846,343.894996,267.5070776,75.2367069,199.9877224,145.6422791,158.2047499,336.8794549,112.7561174,188.494336,104.7577923,62.43784514,376.3027906,130.8747714,116.2763128,104.405655,178.5602134,155.0587417,81.14596939,137.1271458,125.4211872,185.2366931,92.6111904,130.3229977,254.6725827,169.1354222,167.9337629,251.5068459,221.6120535,124.7631047,177.8730745,108.8785556,203.0829446,252.5332649,133.7314162,71.9524027,131.5063768,106.4735578,99.26583297,147.2730339,115.9203506,59.22000216,160.7504848,161.4205424,431.8680147,131.7923585,105.8862771,265.1352865,143.9052653,89.73188878,396.1927939,189.9546951,101.484194,184.6973362,110.0390586,300.9229277,74.12311744,119.2930829,111.648004,212.227109,267.2170275,129.2180723,156.1299916,139.383852,306.8039084,65.83499102,184.0398208,97.18932672,95.17354691,283.8634705,307.7339322,148.4718022,166.6610472,239.331475,238.2989501,96.13044431,146.3866267,350.3332752,141.8089581,185.7271251,112.1025472,87.07486254,79.09652161,216.0417596,123.0100175,259.5899819,157.6158173,244.7514237,79.07616062,335.4960502,211.7210902,459.4198977,160.1592678,533.9757135,123.5889857,131.4644368,142.229065,269.1842508,226.4549323,80.41544318,279.4403158,189.6003105,249.0207808,242.7726078,60.40097787,217.4529776,113.6839231,81.4558775,86.78738064,108.9946302,231.1333229,326.1366996,281.5301695,278.7822604,93.74640203,213.6793411,225.3334674,160.7752446,309.8783908,66.88353401,191.1089777,238.0567662,369.9861726,191.4364954,149.543232,101.5183089,188.5976195,250.5349847,337.739788,308.2248532,131.6170909,137.908429,271.7770429,251.1924436,120.1032089,381.2557262,261.1619946,86.51555181,119.3317645,96.60373651,350.8184456,254.9493397,289.8835554,71.97310839,136.7523904,91.30186546,188.3926216,170.992951,224.7093485,284.5863,383.8446658,123.0168214,184.6180056,244.3213739,136.0114945,89.26342555,865.9170714,130.6259241,241.1343347,213.0533119,257.2079102,169.8518425,203.45574,241.1123147,170.024163,64.68047041,154.4178187,354.2524546,271.6455959,143.1884576,115.3530164,66.5532477
97,810.5451861,452.4248513,202.4390879,121.5983121,250.2254694,263.6839364,103.3153626,365.4014725,173.5625673,147.513082,126.8646577,556.7427268,120.2432158,194.9841961,190.4393537,102.7216827,105.5481495,153.8562877,184.857941,223.2139571,73.14337878,137.0588515,123.2848219,109.6464731,84.67164517,161.3974186,118.4380602,85.40313358,171.2791307,331.039396,279.8521703,73.96499316,189.6595368,152.476647,165.6767795,352.6635615,114.9858646,189.9129976,104.8693056,58.59990576,389.4795665,119.8490808,108.7952961,96.42927032,189.432159,158.0349294,83.07759327,149.2227092,124.7925087,178.189361,91.96232013,137.8878215,226.6748414,178.3195521,175.9166438,230.4343859,216.225315,129.7994092,187.1495186,108.9622351,192.1433387,272.9606673,122.8516653,72.32374922,126.8268436,101.1346423,95.1085175,158.5559313,124.7856823,63.04759979,164.518895,175.1725871,437.0270125,131.2506047,101.9590399,264.0971599,137.9768769,90.15492425,362.5026075,193.1400418,99.26207194,179.2881748,112.184451,306.8705134,67.31172869,123.2884176,108.4234486,212.375396,234.7934227,124.1454478,167.2265994,149.3906527,308.2104319,65.08784428,186.522954,99.53817411,90.232415,255.10006,344.0261581,153.8079021,150.7274413,226.4548882,239.0559058,101.0583364,150.1602705,340.2406084,143.3193112,191.9065526,122.1591012,101.7777217,78.72119094,205.3023517,119.387192,278.0398116,149.6141444,230.331184,81.62556433,379.8002366,208.1600649,417.6181799,154.7699973,529.0550382,130.819494,128.5230857,149.8619148,258.1012701,218.9784565,80.87085283,279.7469214,209.3842273,257.5290838,242.3564521,61.83702308,235.7741557,116.437734,80.13738604,93.50843625,109.6186411,244.3910061,351.2630148,277.7661854,292.442415,95.6615405,225.7146824,228.6803412,165.3300476,303.2821954,67.62743976,194.3114718,228.5099346,368.9247932,182.3098037,150.3559038,101.6776706,183.4636293,236.8130103,315.9700754,356.2522724,149.5533106,136.0852015,262.2444695,278.2049579,124.2059964,388.9314407,282.9567125,75.75371152,115.6704285,102.2360486,354.6542052,271.6349713,283.6866035,75.79604665,143.3541156,87.31519523,187.3661972,184.6407103,231.1521134,285.4807018,333.6252599,138.1631158,201.0950802,226.6534328,129.6606826,91.77623683,879.8128331,134.3304864,264.6843192,198.4953272,249.109386,164.0261091,203.4079787,229.8282799,164.8333595,68.53720423,151.7524813,361.8248509,263.3513567,140.3517245,110.9180677,67.50520772
98,804.9192219,442.0132416,220.0277675,118.9559342,269.7378537,270.7827207,107.05482,362.8430207,182.0935671,139.7415246,117.7695464,601.7594665,118.9582268,205.8804077,196.3908022,94.64715191,104.8629443,153.5342978,189.1507235,230.897297,73.5650533,147.6954937,127.6906226,111.4986624,80.28231152,161.1343988,116.619568,85.80931121,160.3798388,333.3872113,264.0402754,76.2337154,192.2514435,143.717617,157.9552272,370.371342,113.8482283,202.0479399,113.117648,63.51380643,392.8537241,122.3096189,125.7501084,97.06601374,193.4736641,159.5310646,80.09009861,155.6470385,129.293044,176.6776058,92.28004614,148.4647184,252.3808508,168.7937767,180.6707081,240.0733209,203.5025215,124.2687052,200.8780479,113.5411451,194.7036911,281.6107212,133.5023569,68.80358081,130.2356883,102.2322354,83.87090901,152.3733102,118.6580863,63.02045555,168.9247585,187.1085726,451.4829287,131.0245088,93.04469786,282.3176522,144.9028497,92.52136412,297.9135668,181.7327122,101.8656458,176.5417023,108.9223446,303.6851548,67.77973673,125.8702334,108.296384,209.3019646,219.1185327,139.4822589,154.0402908,155.5149757,314.1451518,62.51073992,193.956433,98.9883002,96.24446684,255.635085,346.8732276,158.488057,137.5050009,232.2992495,231.0442925,99.0499222,144.8095945,347.6840001,144.1221615,187.2988809,124.2830023,101.4734395,73.78183072,229.1232973,122.9239249,300.6678041,156.7846041,230.335174,88.39583541,386.4946554,210.6943014,402.8547094,145.9958316,508.7616955,124.3044414,132.9695082,139.5250861,251.3649696,201.7748176,78.86499741,297.5212135,231.4051285,251.2247384,233.632598,59.44490206,235.9008398,112.5734251,75.1638143,101.9790004,107.5949562,272.2401059,344.5288765,279.5005018,291.0829659,98.0392029,237.3804969,235.5390667,151.9411818,308.4585335,67.97122996,219.6195339,218.6188386,405.0641901,177.2017786,157.7201858,109.4906567,185.8825059,230.4708647,339.3819334,353.0486648,165.2497795,129.1853783,259.5774704,282.4151485,118.6740476,401.109181,263.4711533,72.04456229,132.0843453,101.8472125,361.3838279,262.0668698,246.4016493,69.48106059,126.8259961,94.17504921,204.0901418,176.2295807,237.0787221,295.1314495,336.3532951,148.915433,195.8569037,231.783031,122.7694706,85.08884575,875.1865982,142.9753176,279.5242026,189.5220101,244.3397919,153.1587557,204.9205398,242.6963108,155.0626329,77.57261032,151.1163414,366.8330203,246.557764,144.0754802,111.8691332,63.52577797
99,768.2484392,431.3674106,229.1744738,114.5328525,271.2788513,290.1570299,109.783591,359.9505687,193.1225557,144.2937256,119.4047316,650.1825152,134.5388137,193.5232477,198.7991852,92.06067606,108.7383655,153.403817,207.8882412,223.8461569,76.36327188,145.2494597,129.4737029,116.9770258,76.15752653,161.7974737,117.1584713,88.47457231,163.0346631,324.6507633,246.7481433,79.21410753,221.8280374,140.6047972,154.3113777,364.8982226,111.4221162,211.5739726,105.4879979,65.64817041,350.1667357,117.5489267,128.5204365,99.27007745,195.307238,152.0391151,77.8394267,147.9580106,126.934168,173.5504377,88.82989363,155.447344,269.4078481,183.0873664,179.2985481,246.3729509,226.5739948,120.5277606,206.5247947,100.2261534,185.7963258,289.9798978,142.5351454,63.67880461,127.8237001,103.6472639,84.5982511,147.3534112,114.5286976,62.05604725,175.0099722,179.2331189,446.6331592,136.0975947,99.75973267,299.4168475,152.9203179,94.78405399,302.2227437,180.692187,101.7434803,172.9648327,110.5746617,337.0401092,68.58569781,130.0616789,104.4126299,189.5033428,226.8766718,144.0421961,163.1962221,155.3475105,298.5613715,61.96010802,177.0906405,96.93870984,93.98326169,260.3761706,387.6608313,151.9805692,136.4953876,223.8054614,216.1462184,102.1995333,146.7089917,326.0745561,136.5546133,179.0088898,128.3267192,98.9691364,71.17360239,228.339694,122.6243118,310.9700119,168.9380077,237.4161117,81.97916683,382.3280944,206.9590495,381.1243913,142.4037855,535.36209,123.8318505,132.2893062,141.6141846,248.3167788,205.4234421,77.261561,306.7673041,242.5572481,269.0851332,242.5343415,58.45352354,224.2514314,103.7923149,71.56206577,101.1449592,109.048032,277.7940774,353.8640029,291.4309576,285.6346181,107.228128,224.4440782,259.9799507,155.6542045,321.1968316,71.55860809,217.7314623,233.5516663,387.3261487,176.3210386,154.7114711,108.7849967,197.4198179,221.9278613,333.1556168,345.8262683,171.5493794,121.0170173,246.7366228,262.7002913,113.552341,376.0289429,263.4720039,69.70457745,134.5564419,104.5780852,351.8606355,261.763389,243.6208753,72.78186093,120.7452401,90.2274439,210.9124629,176.4713573,227.8624629,318.1040212,306.5027163,151.7321116,187.2712591,232.3530394,118.882066,89.2249024,964.1657228,136.9400248,285.3589314,197.6566092,244.7265458,152.4884472,206.5941988,250.2118744,147.7342321,75.17171287,144.3221639,359.5684248,237.5865228,139.5206068,119.6195012,61.67100568
100,750.1246148,429.5815252,241.024494,114.8773503,272.8685184,307.8437759,104.2929236,373.1540246,200.3656667,148.5468303,106.507125,647.5945278,136.6409782,189.330093,212.5769139,93.56479591,122.6908781,158.0328086,214.2768631,213.7400645,70.86761118,144.4101701,127.1916489,120.0972064,77.41926539,162.305515,112.0388387,88.4345197,155.4024165,338.0517086,248.2202473,91.90979062,236.5503729,127.913006,163.2507737,343.7249947,118.9894325,220.8937987,100.0365736,67.50676944,345.9948092,110.6285578,129.0758007,99.25642684,177.6833386,171.9845021,79.19827776,141.829616,123.8931873,185.1753693,88.42295787,164.6316934,277.6448494,191.6403662,183.053701,268.8462553,231.5518812,118.6180784,183.9576252,110.0058611,190.0284101,320.3425468,143.9042417,64.52847477,128.5105159,106.6675473,77.42223427,150.9460076,102.9431202,60.82071779,158.9411801,185.6808595,483.4598423,126.4443021,95.91899297,312.0688799,152.4519652,87.26956437,308.2032156,184.8441816,107.2746343,171.2696402,107.0741438,332.5236158,71.05425212,135.4484658,108.3322469,195.7755052,227.4899905,146.8952743,157.6827886,165.4473373,279.2767396,64.48093195,175.432582,106.5594572,100.9311944,276.339115,415.2312678,138.5621642,141.1076585,231.1659315,194.1020713,102.0624114,144.7333079,349.4007398,150.6115399,193.1383785,140.4725247,108.8830338,72.6484573,228.5705065,124.2247088,311.7346687,188.1147902,259.7007131,85.53713201,375.2520711,212.9772888,360.2778963,139.9972444,526.835661,126.2816884,131.6689992,145.2077393,247.0497768,210.0662879,75.06370663,317.9954849,250.6071617,272.6093209,239.7802898,56.86293713,218.0212205,111.7533494,70.48638639,105.7507834,118.2983996,285.6995671,372.8032496,271.7450439,294.855209,106.0828359,231.2571368,259.0829099,148.4773318,323.7521834,75.24665069,202.5430264,254.0268068,370.6890372,171.9118551,152.7918106,101.8656342,204.3578535,204.6855472,350.9496508,347.2551106,185.1497999,125.0716924,233.8513074,246.3143969,113.600087,401.248933,266.4713016,74.4076921,138.4443173,104.6431775,331.4850202,264.5712212,246.9340497,71.75286806,125.7870932,93.88979977,220.3366129,168.934046,242.9265506,328.875798,308.9426015,136.4130815,184.3962289,253.4935119,112.0113483,94.93671847,922.6887085,133.507578,275.0012735,214.1420451,259.028272,140.6798169,183.9794457,247.5836448,140.3361463,69.19302581,160.6527218,378.574265,249.5366536,145.0081315,117.3945424,65.6927016
101,752.1924221,429.7540146,235.1668666,113.0909951,274.5143581,299.6337683,98.52562124,357.9146285,195.1797761,146.5521913,95.88848205,632.8200706,145.5589888,181.6597252,206.6894672,101.7139391,132.5364287,157.7405653,223.1102727,209.7115942,66.46876796,134.4825629,134.6804548,124.5539854,71.68224585,157.6368879,103.5427482,86.82605415,161.3790671,338.3033734,231.0176247,87.35187404,239.1635923,129.7489712,171.6780571,341.4350739,114.822982,217.6237953,104.3125299,71.35363303,346.2753145,113.8149605,139.9888992,95.10468466,175.9432071,163.703336,79.57484958,138.5953038,118.6265612,200.881714,86.76941167,160.2444261,280.6672207,200.9557655,193.0105106,279.9526516,225.5069173,114.3143645,188.89884,107.0332186,180.8777378,342.0311239,159.9355486,63.37601542,129.4446496,118.8506057,77.13317877,154.6576623,101.8537058,62.65602722,159.2691575,185.4587712,494.706657,126.3485273,102.6554014,331.2957904,144.703955,92.82355268,277.2998888,183.1575651,103.243621,158.5736977,107.3352749,355.3126933,69.4518191,134.4902331,108.4408818,210.6489862,227.9613787,150.3150033,170.4507759,161.8015294,262.4741563,74.24411315,167.4839992,107.5324118,108.0383389,259.9776762,418.5047102,129.071926,143.5337088,229.602191,207.1547146,99.34184578,163.5999673,345.7933622,151.373853,209.4165366,126.4770079,115.4014057,75.48265307,226.2471008,123.6190619,317.2136142,186.5756924,249.5502215,84.60524469,360.8211231,215.3369086,353.3416857,139.8067378,572.4705168,122.9149378,130.7915819,145.0468178,265.5841897,201.3271714,76.02690121,335.1499548,251.5207461,290.1914243,264.6668966,52.68316672,228.3371884,119.7259417,68.19105359,112.5530037,119.9221022,268.8897064,346.5898161,306.5794445,330.4685936,108.2266763,225.5207261,275.7473791,143.7662803,351.466795,70.8080142,183.6642179,253.6038331,381.3677108,154.003731,162.7742166,106.2359433,195.4908484,199.7473389,329.2724757,353.723571,178.0489535,119.6545018,224.3243212,233.4683556,106.7459444,453.0372938,246.3161578,74.50921791,136.8462035,106.8338179,316.1739595,256.7164309,258.8467084,73.00701325,118.5581671,91.38164832,217.5750797,162.2311532,239.3931503,311.6944263,314.3675051,135.8644334,191.2924256,244.6780677,108.3521232,88.01588675,952.0582126,139.9495728,291.6844837,208.1670102,260.5637139,139.4593643,174.124973,240.4219072,145.0964337,75.38032606,156.9503396,392.9483347,256.0045883,142.3235261,109.1752092,66.48590034
102,796.0426679,437.4977088,248.5524659,113.2398755,294.5154886,295.5819549,88.95440176,368.2128219,186.140905,151.9093767,95.5533553,658.2953232,149.9202178,192.9925143,189.660927,102.1627985,138.104854,158.8822189,230.7623664,207.9452101,69.93727474,133.9116591,145.6149831,118.8346383,74.89982883,150.0526611,102.5664848,85.63842707,164.3440183,336.7484926,216.9746495,83.10294188,242.8353393,127.1210043,174.718848,340.571174,99.26078299,210.9467315,96.62495416,72.21812668,344.4421502,127.1258623,128.8567821,95.20114498,182.0194554,169.116525,76.75358624,135.2971226,130.9135109,193.0513886,88.60507825,164.622428,285.0471347,202.076819,187.4982733,260.7921932,242.7682764,115.512069,203.2224078,101.9623756,174.0838122,339.0591058,164.0440762,62.93094591,129.4638281,125.5850763,71.74716624,164.6475354,101.0501367,64.16391155,152.1879861,182.3180767,487.678924,121.1353083,110.7597414,310.9537366,151.3805899,98.02737894,278.8083877,207.4919044,97.06121751,158.3126327,107.3109475,341.9641228,74.04241043,135.7119056,109.0193376,201.074077,232.2610798,157.2769726,165.3817308,156.4763148,266.7198154,74.83530714,174.2212419,113.7330753,104.4348489,282.6773361,455.9507042,134.2674998,153.0391647,234.5894318,199.590105,95.3573309,164.9177914,340.6457227,145.5008796,215.0976608,126.9378223,108.9475081,71.47204326,223.7572614,130.0062864,339.9985643,185.6787872,242.4363326,74.99700979,361.153794,206.7581277,339.8848462,139.3340706,605.2743732,123.8740002,120.5828662,146.9705056,255.6713291,179.9373166,71.67090546,331.181746,248.5248808,301.3009753,255.7695049,51.96844185,239.0259734,118.3036864,68.91608711,119.2436461,124.964002,270.1492463,354.3242674,302.2709977,332.2889323,101.6339849,213.2780507,295.2796297,139.1089988,336.8504547,69.00822207,189.9467991,249.4298913,419.16611,165.2661858,177.6503007,105.0377819,211.907341,207.2569888,352.3493086,354.822904,190.8570076,104.3976204,226.5322567,228.9336367,107.6675078,458.3882585,237.2100906,74.13605867,131.6431432,111.4484299,301.1716881,244.3525183,245.3351294,71.89110921,125.2103619,91.2354931,227.4836441,172.887328,232.5854912,306.3569753,303.5980243,147.573588,194.5916848,242.6177628,118.9190939,87.17209762,989.4273183,148.8283403,336.1366147,222.9206233,285.6574446,134.5924686,189.2962431,230.4862045,139.1658725,73.54037318,159.3216208,416.4632492,241.9323687,143.6864876,115.2332369,65.82270875
103,787.6556362,435.4091976,240.2692356,107.8397955,301.064371,298.673659,84.82692805,376.2593872,169.8197802,143.5328959,101.5137533,607.6806693,175.6515956,210.9617684,182.2727831,106.3279456,143.0677278,163.1465506,247.7491033,206.6063742,67.35304048,132.6723517,137.0604097,114.5275961,69.68201315,153.2209291,95.75318216,86.70732722,163.2291325,347.2010439,229.1497754,85.33880089,270.5878307,125.3719727,185.974305,322.3213838,101.2421651,223.3067889,95.77803027,73.52179337,364.7930364,124.9252911,128.8846266,91.51302226,185.7614764,160.666694,75.92218772,130.425591,126.1673455,214.7632276,87.55035279,159.8093474,260.2931838,191.078813,189.1171983,250.1632496,275.7052518,118.6643966,191.0181638,100.5143212,171.8621649,339.4134783,164.7039149,65.75921736,112.5085848,136.5037716,71.7054699,178.6113627,100.2245742,70.9555894,175.3837011,172.489886,478.2403389,119.5898416,112.1311146,322.6470943,151.1071982,101.136922,280.795106,206.7348667,94.23185914,157.2831571,110.8560552,330.8048195,72.82854631,129.9325238,103.2420809,215.4795347,244.2049986,156.4063303,166.5173176,160.3208485,282.6352171,71.63753901,161.2426801,113.6383156,108.8327883,265.1313633,478.5971322,132.7672985,147.7642171,233.2212793,185.60471,88.61700761,158.2116914,351.2278217,147.316731,214.5589612,126.9437543,100.6767017,72.9801744,210.0534939,115.7876517,356.0687926,186.5218793,242.707185,77.9777835,360.6397833,198.9986282,332.7269489,146.2688593,567.4701668,124.9298118,123.8675428,144.3569977,253.7178615,190.9752991,71.01894987,332.0511988,252.7242153,299.3779326,254.8523255,52.3049429,242.6662491,110.7046456,69.27255981,116.8269504,126.2190151,263.9642684,319.6925931,286.7488318,317.1745138,99.8715946,198.3441991,284.8432468,146.9605607,326.6562186,72.49244214,190.5861907,258.2363261,438.1133803,162.8844958,166.6930507,108.0806231,232.0079828,211.5396053,365.1630513,369.9931044,187.6448155,106.5635534,211.5529294,252.4473945,108.570123,476.5482008,253.5455653,76.67515081,133.7714236,120.7632434,307.4955605,237.8681263,249.9008395,75.43872596,136.7436588,99.52205184,245.799881,171.2639009,220.692803,319.8514839,329.4092272,163.495447,206.4802053,231.8058487,114.4485075,91.80267519,989.4754492,167.2124835,322.779738,238.9890962,322.4214648,140.5665498,178.457141,231.5670073,136.7765887,73.78704274,159.9066198,402.2861953,251.9165935,155.0050556,120.273237,63.08235019
104,725.5607198,447.9694223,224.1041402,104.750315,278.3927327,303.2692918,87.23598955,364.0730434,170.4409094,135.9186356,105.1164997,611.0626785,183.8730833,230.3120738,189.8818123,104.7794992,142.4147624,177.3328303,237.6569294,210.2648411,70.43950254,134.5495991,143.9821456,117.5262848,68.74855239,165.7404763,96.20697059,96.67308849,156.1359042,334.6635644,221.3840623,89.670979,247.0506486,119.3466025,174.3624068,322.3632523,96.61624778,235.3880183,98.97439572,74.70270012,392.4364997,116.7005458,135.6121255,91.76519885,191.3689058,173.0124158,78.23866091,156.2019048,129.3176746,191.1337442,87.86096873,142.1567517,265.3056556,165.6478889,177.3737761,247.04354,278.38129,118.9525487,195.4229533,109.1345031,169.0612282,336.1673351,161.7691457,66.7169031,125.5963316,140.4332465,72.12362491,176.0402412,106.1432005,62.85848947,181.2039443,171.2514124,478.4223491,124.3303611,102.2050525,304.6705563,137.4568351,102.8554358,257.6367437,218.3384831,89.05949474,165.53654,106.6906325,300.8226309,69.32637628,125.9877549,105.7075214,209.6372352,254.2678788,151.0276558,166.2721825,187.3355868,278.8383182,69.09843388,166.1567552,105.8408618,111.68028,271.3199824,496.4094879,127.9246849,147.5878523,240.6954051,184.8312973,95.3290215,159.5528203,370.2708397,149.9854004,221.7619981,121.1348653,94.35711659,73.58167455,220.9625803,112.1915253,326.1410114,192.9096765,224.2778076,76.17350715,384.4950628,195.5770483,344.8956367,153.2228298,530.6802948,124.5592892,124.4084044,139.3313846,275.0148345,181.5363733,67.00641941,362.673375,255.6647132,314.8359148,254.7439521,56.96197498,236.1628646,108.9763581,70.3895327,126.595221,133.3959704,266.1758849,334.9711491,306.3250403,333.7355008,96.01955479,193.5527167,286.4859675,155.8631666,320.9773658,69.60534131,194.136264,278.1934911,443.7685933,158.8637629,179.6474967,112.6468144,232.7360291,222.8813825,385.4871447,369.3039007,190.8576111,108.7929884,211.4715209,248.8085004,110.3042478,502.4323385,253.2636178,81.79845451,155.2887087,127.5683049,292.1386231,244.9423765,228.1059743,76.20343582,134.5480394,94.68648439,231.9861737,183.3508902,248.6683332,343.3116673,344.651905,177.0113963,222.685929,252.2121804,123.6098069,92.29142762,1004.190699,173.5918077,333.5396393,232.2372607,345.2998345,145.6479312,181.0840053,223.2989251,141.5341694,76.82540399,152.7956817,412.3276333,239.8730577,157.0201066,129.7448997,58.40291568
105,745.7526062,495.300194,219.2750356,108.4519805,277.9626731,316.5976125,88.6020847,358.4554677,184.0922772,125.8115481,99.7137937,596.4619125,189.0167479,219.6152732,195.349023,99.94771587,136.6565117,167.5254473,250.6215578,234.6035056,66.34556459,122.9585405,134.2255288,124.8397017,71.63313241,158.3789321,98.22998043,98.03273765,173.2874406,361.8176409,214.7767988,91.46922336,241.1159853,122.2037098,174.7825428,332.0525135,101.0329563,241.7320122,109.8141387,77.95462727,384.2382967,118.7279372,129.4495144,90.48183066,173.3743991,165.2701539,83.05799808,147.2717792,135.5419943,199.369909,85.50219454,141.4905158,257.3265238,159.0862481,174.5838201,236.2824751,283.6931512,123.0665092,194.4133162,113.7301003,172.1140061,366.7231822,168.9776781,64.23300403,119.7831497,141.1265056,68.33817924,186.7199329,101.7439194,63.21136891,185.9647041,187.6861382,490.1923448,124.550107,105.9517266,291.8951693,135.1139226,105.6119016,236.8138955,220.3972351,90.20777594,163.3928669,99.05126204,298.0188563,69.48436642,120.0075749,109.1775417,192.2358185,267.0651628,150.3674727,166.8025858,190.8472312,287.9677028,64.28459561,159.7741045,110.8837743,125.5112201,288.726711,526.3176149,122.408748,140.1736348,231.0899759,164.475512,106.2690634,163.5991792,410.8371789,132.1320433,219.9194948,120.0376029,84.33342059,74.64046857,211.6065625,117.5560436,308.3465772,212.9122424,212.0423411,75.89760429,383.0000697,196.1887395,331.8098764,169.3302484,516.987691,126.5438833,132.9275975,144.2116105,263.1970612,173.9999115,67.85013472,339.1697489,263.3893591,296.4792984,255.3261526,57.02433551,236.5071003,99.29859535,70.47960002,138.0214055,149.0788841,245.4746023,307.4279817,307.2076788,334.4020143,97.05708513,197.4726604,286.1846881,162.4404351,338.6405236,72.94296232,189.5651006,264.2141218,456.1625466,172.1753481,186.5745698,114.6084209,250.8462604,237.2462689,371.1532029,356.1759902,184.6869874,110.8517869,203.5295757,232.7061482,126.6416215,488.8512845,260.268768,77.95202929,164.3549166,133.8832695,324.8655653,254.4299304,250.8168023,83.69560038,119.4697672,90.17209636,232.314746,178.8081055,247.6519646,338.3722611,366.6787024,156.6368128,222.3545776,251.416814,132.5800772,91.38828132,950.1021261,178.3421714,305.9368894,226.8862769,367.413197,149.0722865,173.7719212,226.2758438,153.3074526,79.85462327,146.294199,401.5867481,224.8636794,175.544449,125.2054931,57.37221068
106,792.4317447,480.3735534,225.345521,111.7835522,279.1966384,336.3398519,83.16197155,386.7721338,192.2458748,124.4928607,85.64817963,573.0608718,176.0793553,218.3495192,210.2321562,116.9936711,138.192221,170.084272,260.904389,231.2774538,66.95123648,123.2416517,135.3975935,128.3673158,72.44886232,161.2452339,99.63235038,97.64691325,160.7013007,375.9698884,220.3509423,102.0696539,261.6573493,118.2645352,171.9951297,317.3674065,95.22850679,243.0573931,103.6050694,72.5618704,391.5517017,123.9118397,128.9539555,91.80958087,169.3452139,155.7219283,87.88852527,141.8986634,126.8975786,201.1753838,87.63114958,139.6569565,258.5617141,170.3997542,157.8684017,232.1310388,307.1251557,125.3123665,190.6660738,107.4153691,183.7685678,351.2820367,177.7613883,63.0825449,110.8411544,137.6936283,68.86787685,188.7402458,106.4220458,61.39737798,192.7890004,184.4562688,479.1264693,125.4725926,102.34928,274.1704139,136.6859028,98.04778372,224.1625106,231.2242278,93.24547705,160.4625464,103.533202,291.9251863,70.31288704,131.4698483,106.9372162,192.0358747,276.5761521,168.5647505,156.6815548,196.85495,295.3676011,64.86431564,157.3976069,111.0580498,126.3215218,309.4989537,527.7263588,130.1421262,138.7998715,221.143028,158.7450839,121.088603,167.4720459,404.9464218,124.2161215,230.9009482,117.388053,88.73833517,70.7976619,233.158857,118.2301471,278.971311,221.3135671,225.079808,71.00780347,397.3489629,192.0328493,333.3558324,169.4570257,518.7248877,130.203292,130.3702989,141.732419,266.4365134,172.3703509,71.37029489,321.1604187,270.7568912,285.5822803,261.3624964,63.81318199,233.9818785,100.3504142,69.84950768,149.447439,145.6803418,228.4123357,318.148687,292.38241,339.3748,89.45322549,213.3701736,310.7771584,164.6472539,347.3359352,82.52312043,180.2720988,254.013959,433.9243282,177.6899739,202.3521673,113.2432775,274.5164808,254.2174244,353.7366522,371.1428217,175.91131,119.3424008,215.7007491,246.4205966,121.003952,467.6196052,241.7674914,77.80853986,149.8872057,130.3104035,328.0139054,249.7962315,252.7908142,96.53190713,119.3191854,91.72620898,219.70508,175.8452014,234.9721053,323.8293979,319.5005421,152.8013433,228.4871333,243.8523728,131.7942893,93.89738362,944.5237298,183.6679841,334.5106528,221.5301679,379.4110761,152.8496444,167.0510843,229.8036773,160.3170793,76.84290074,138.0746966,381.4406475,227.8468286,176.1022177,127.0947353,55.0657189
107,813.1573068,487.1360853,215.406782,107.2272723,267.1915813,326.4898677,85.12702763,407.7682521,186.2625492,133.6324637,91.42745409,573.2670298,167.3239789,208.1071828,201.5914233,120.5861677,149.7965492,183.2203234,251.5698445,227.1763996,63.58653558,125.5608574,133.6068784,136.0765481,75.40927021,172.1550573,102.6432717,94.67588172,155.5016046,373.9580534,207.6920214,113.6170449,251.3463159,129.2232869,168.1575523,314.4020765,95.25648446,256.9069482,105.9854867,71.66770306,408.9859526,118.1002283,120.6431975,90.31950449,175.1057242,149.1355999,93.98776812,139.2512494,121.0306429,182.4565436,93.53513637,130.6674346,269.7824909,180.7336982,171.4977552,224.1342725,317.2490404,130.2394705,193.0470043,112.118873,189.855636,344.8971716,177.5423224,65.86482797,109.8104227,134.8324046,74.00479838,177.7224976,96.61596745,55.17918471,196.339603,192.0356145,488.5256024,144.0790514,105.3335893,260.1958603,151.0775281,100.9274538,225.1476502,228.5774461,95.34156866,149.9971224,125.1875975,320.1214995,70.42004721,132.6296892,103.8343491,210.5913233,267.9733354,158.1459322,148.4734441,195.5774465,283.8851338,63.20946157,164.9616326,120.3759909,133.31357,300.7568436,533.8193724,129.7016416,136.7182354,234.7329493,162.2726297,122.443812,157.3537325,434.9847035,126.8219595,239.6140353,119.5467741,92.10491157,72.25887941,237.0404759,121.5828236,292.6013907,231.6681032,213.1137722,73.42781778,417.4129562,195.8123661,338.6764194,169.9500684,526.3183628,128.9932413,134.5923823,149.3927339,279.0159299,181.9341954,70.8593037,310.3317809,274.0514321,267.5803747,251.5085325,66.76558249,240.0811327,101.1740601,67.35449106,155.8809526,137.8567994,236.5919622,319.1464961,290.4949941,351.2929556,86.22557742,203.6810897,322.662635,165.4844661,316.8160479,76.65796104,188.4422302,250.8129223,439.7753632,189.5369027,191.5759213,112.2889282,253.4566511,259.5839003,310.9025214,369.415075,172.4084113,117.159888,210.9156649,254.9855901,124.9014264,457.8633428,210.3226844,73.3787893,165.9527479,120.5954252,326.6440652,260.3303285,251.8600241,104.9078363,128.8382747,86.80311431,217.0180011,172.7830781,255.491538,315.0886544,323.3219512,164.003232,227.3593866,249.1266895,119.0363276,95.34522936,1031.438732,166.5982709,337.0127026,217.8986905,367.9607646,143.525049,166.1870368,239.7344604,163.802097,78.00431121,142.308058,371.7774891,232.1647302,168.833716,132.2293837,51.84499625
108,834.1728458,466.5746879,211.3371231,111.2463207,305.9839431,327.3163121,88.53309712,419.4987595,184.442456,149.2534179,87.67616011,576.5281907,165.2849491,199.3640395,215.0131578,116.3712012,140.127269,175.4047573,239.9589703,218.04052,63.71189862,138.6301932,140.0546815,140.0389419,68.15079338,181.1509863,104.4771149,97.66121436,153.5112333,365.7003436,226.3325386,118.1085344,247.382767,144.1185761,164.339708,300.8276752,93.75323602,247.787979,122.8936088,75.09580875,408.9903082,115.5287997,125.428204,87.57043712,179.5353863,153.6239608,94.21076974,139.6823235,113.6491167,189.2115022,95.70187034,133.7455076,262.9529295,196.9725672,165.0635887,239.8506774,351.2706157,126.4702358,180.4907649,111.0134647,202.4013542,346.9577435,169.0395068,64.74823422,122.0870542,126.1491778,73.5662679,178.1467057,97.04893514,52.84829961,191.2504876,185.4811342,518.9548056,156.3351984,102.5091797,323.196745,163.0936915,104.6862997,219.0445736,213.4380916,90.03658669,148.3834155,119.6747042,325.6340911,67.33591107,141.7901619,102.5066417,185.9685869,264.6553659,154.6738362,144.4530478,196.3809982,305.4143456,65.91428833,164.8336111,120.0166137,143.6030561,292.4193313,496.2482481,125.023782,138.5686856,254.4222605,166.2114256,113.9551656,149.9635695,419.9450933,126.1364636,227.0078579,117.3817768,88.09572533,70.76269393,238.4867394,120.9247707,275.6906232,242.3973312,219.0119477,74.36656755,411.1689337,211.1148193,380.9695974,169.7291374,553.2808973,120.3396931,133.1863655,153.7438466,275.1159196,174.8713849,71.7780243,314.8112404,283.6222414,276.1820657,248.7805294,69.74567374,237.8597256,98.38367194,67.48667571,170.835649,146.7920929,233.6197035,346.8614016,273.5466259,357.9277197,85.36946456,211.051548,320.6611002,169.4582368,319.2363735,75.79211069,185.7423463,265.8741401,452.4564447,184.3574342,215.9669272,115.2673755,262.1931777,271.0828086,322.5981286,358.5171729,171.4805209,115.5840224,227.0139991,250.154076,125.3209626,479.6201079,200.4317642,66.85699743,164.5364685,114.1569212,322.2557028,253.4512374,271.4077196,102.4311386,127.8917767,86.52582781,230.193805,166.9050817,236.6941208,321.7068514,327.112543,171.8420192,227.3030467,258.8689542,120.3276629,87.70534393,999.4559948,159.3520717,347.4073324,206.1536733,362.1972596,144.938084,160.3796415,250.476871,161.4499284,79.31251108,140.6218934,358.7907835,234.3211629,160.5539226,135.5599465,53.25333886
109,816.8878118,474.0979633,220.7861952,104.3119283,324.1934829,338.6153708,83.18959507,439.2025922,189.5933397,147.0522983,81.42551909,538.7651543,157.0893849,192.7603628,215.6577247,111.3615109,143.9401341,174.7514391,222.4797137,223.5908327,64.82809082,126.7400246,141.4730845,143.4994865,75.24765396,180.0021873,102.8711194,93.57255368,167.0749812,366.5215556,210.736586,109.2265493,239.7959184,161.7492166,181.0040386,286.2275647,93.97450263,233.888352,133.2649046,72.75846373,428.677401,93.96857123,131.4442784,84.06478512,177.1781768,156.6982919,99.85694369,146.2980275,106.2360914,209.5759752,102.6971608,134.4684349,269.4097958,197.1546495,156.9832695,238.7343233,386.2050594,122.3404721,166.0189791,113.0014208,216.4635654,342.5156325,170.8318305,61.2986266,128.906338,125.3274928,74.59857517,181.879376,100.0389855,50.93682453,190.4249853,185.6028426,480.5896534,155.5010372,103.4852304,328.8840174,176.4925898,111.854521,222.7605615,203.0348189,94.57836868,148.9568649,121.5864648,338.6064515,66.17232591,138.1595455,98.96285165,196.694237,259.6670633,152.124297,151.2806145,200.8192443,282.971859,70.71051223,166.2868472,128.0330537,157.7168962,323.1109201,526.7370588,132.6225141,146.0508205,264.1321047,160.8362183,128.1211577,149.1345597,429.2344339,120.9393854,227.1246001,116.1063421,85.87957104,74.01045951,248.8018035,112.7016416,294.3396237,243.5219584,210.3767506,68.5709306,404.2047682,222.7755237,387.3225499,188.222027,508.2555208,125.4548613,137.9281488,141.8488008,258.1351317,176.7006294,68.26703874,329.2900037,290.2994073,276.4834771,228.2450584,73.03054064,238.3745709,94.12286365,63.04834433,183.3474877,151.9913332,216.4312175,358.556158,256.4306567,350.2893996,88.62553184,242.6242502,316.0325444,164.9702921,333.0573938,79.21397491,176.612686,259.5055372,406.2726432,192.1696472,221.8021539,110.1931927,241.8259186,272.8094888,330.7431988,334.8404756,175.8705388,125.1295857,253.6964932,253.215951,117.2582568,444.4139199,210.336089,72.32448429,166.1858179,125.5179874,337.5467493,262.4273146,278.8245165,97.8532322,123.2310839,90.31122183,222.24398,169.8764029,230.4676413,322.642806,340.6160702,169.8188372,236.3565625,247.4068796,124.2111875,84.84961466,958.9890536,153.8983536,352.8925161,191.5556097,345.157486,143.7950386,157.6977225,262.4820053,166.647371,82.40275963,150.1773456,388.3455252,236.1578226,152.3551489,132.8787872,49.05449566
110,774.5007154,464.9815874,206.9520428,100.3812891,325.6878857,341.7679799,74.01333175,442.3094007,170.3452986,147.6342224,84.80828192,553.7636657,168.6480702,199.6698257,227.092387,121.6648049,139.5320858,171.5973958,214.0167743,235.6555599,69.17179525,126.3232035,138.6176289,152.6845387,77.3487265,192.5696611,111.7666436,88.47621242,162.0163656,362.7212991,209.794432,108.8529764,236.5805342,167.7371808,184.6705738,281.537517,93.25921071,238.3745842,131.7871768,75.92246301,492.8322939,89.21898076,125.9663674,91.03017209,174.4447005,163.4003568,98.01986313,145.6191421,115.5076978,211.7887563,98.36738927,138.5050931,260.6981126,186.4742144,152.9042456,255.2543682,386.6099573,108.0691724,155.2786438,111.5335183,212.6227078,322.8608453,170.0754124,66.54959383,127.734266,119.2374158,81.14483273,189.5658434,107.2839205,54.82924226,197.3702717,187.8342567,474.8294837,142.8684897,107.5758341,300.6259568,182.8761123,116.4325949,230.6685335,203.2861992,92.98329253,156.4494811,124.2278034,352.990087,74.95790125,152.7318694,100.69635,212.1268691,265.6086442,134.9510206,140.955436,213.261579,296.9137017,66.75252327,174.5991581,128.5836159,154.6600714,347.4332182,560.0029145,125.9799277,150.0171866,264.7570474,169.831587,115.9619468,150.1604242,472.4553071,121.1326367,232.5248776,116.2896107,91.54837476,76.99313614,252.861939,121.41594,292.9773866,261.3658257,216.8955458,62.79152414,396.847766,207.7819391,397.463574,164.8183289,497.0583796,116.2445437,139.2106273,139.729597,269.4229135,180.1115127,64.83154262,326.3963451,307.1548485,278.8785673,226.2635151,73.6720311,250.3307986,95.63047524,62.75012989,176.92823,154.1145091,221.1164638,362.3331479,266.8226468,338.3822924,87.87993523,250.1658089,308.0211577,180.9907246,340.193965,83.28695999,182.8017923,254.4441161,422.545179,192.5670417,236.4761123,114.3013105,263.5672199,275.5497238,342.4518331,335.8301335,185.7461447,131.8006652,257.4785635,261.6190254,116.4439017,420.8788142,225.1718467,76.0380469,175.1726302,133.3417226,367.6181463,259.2837245,283.5700458,97.0903134,127.5920192,87.91795775,226.6998942,168.1434046,238.0477349,321.7179659,340.1289326,179.4208125,256.6007854,271.2577283,118.3303729,85.80724296,1010.296342,146.7013263,375.8289289,190.3460904,315.3448215,153.488187,158.9303759,267.9219184,168.4267255,79.82650001,157.7980316,398.9268669,244.5967866,156.092026,123.3927993,50.43003688
111,757.9779989,454.4714604,202.7726476,106.1095167,312.2582515,329.1210348,70.44158985,480.5375222,176.9895743,139.3409328,90.18042529,571.8754876,162.6554164,190.5774705,233.7671035,135.259274,132.6149078,184.6744678,190.4288039,249.864647,67.9605033,132.6273754,138.5414445,153.3964757,72.93606626,200.5049608,106.8134829,80.67459314,159.707463,356.573413,218.9544791,118.768927,248.653978,175.7125282,180.700169,291.1289931,93.12820874,238.2695252,129.6382168,76.63468998,465.2295611,85.48649032,115.8949473,99.29000945,161.3531655,155.3263372,103.2018829,128.7162389,115.1274748,231.0096005,104.6143087,128.9849267,261.9695754,174.4882737,134.7543391,260.7613248,390.0266102,105.7736352,149.5460622,113.8022374,181.555514,337.4542247,161.5124433,68.1252178,129.4146558,114.4350888,88.37290845,183.1333002,114.0008575,54.66899034,184.0016334,194.8660216,458.6326227,147.5096403,104.146676,284.6686975,197.9827338,104.2712271,214.8544386,188.7837758,86.11328803,176.0821143,117.4796276,348.553326,76.84279903,160.9851894,104.0029537,225.0632124,263.5011087,146.0220509,148.0978448,207.1297374,298.4096147,67.30996771,170.4265112,126.295383,161.6982034,347.3900542,570.4624296,129.7633176,153.4954625,277.8363865,175.1659847,122.4996756,138.3051604,497.0971926,122.943929,237.1533713,117.2003814,84.76637486,78.70812709,233.04724,129.5084954,289.4387361,251.0570993,220.867607,61.51492173,354.663361,220.8217824,392.2236423,160.2330091,422.3547195,126.8819359,123.8171374,138.2842405,270.1618563,178.8205577,62.99409141,325.3642166,273.2482867,273.9819827,226.9070035,74.35539478,245.8920158,92.72204243,65.25228287,185.8974156,148.0907813,208.4269512,373.8399151,282.227823,352.3580315,89.99966966,253.6168617,291.8067299,171.5422457,308.8062327,85.23520987,195.6480634,267.7138412,390.1511987,194.3344625,240.3810938,110.6665485,268.5227642,253.5868076,336.3584801,354.4914343,186.4634563,129.0243416,244.1948116,261.6729481,129.7124161,402.0721289,230.5421065,74.58815386,170.9746148,124.6126609,359.0259148,276.6141642,268.1196766,95.9838583,135.750623,87.92539567,235.3166227,176.093375,236.3654025,316.0543126,351.047634,181.5487146,249.947579,272.0139843,120.1766636,89.21641402,909.1484206,142.1087383,325.2146816,187.1001328,315.0564404,146.8765024,158.501619,264.5643186,156.8252084,81.30270921,146.7578146,435.7338923,242.5928157,154.2394176,122.2998978,47.72183093
112,884.1573701,456.1355318,196.4254182,104.9645248,340.3024663,332.9484097,74.82263722,476.9421489,168.0225429,136.53828,90.53470055,548.5088114,178.7462681,184.0626684,229.3494891,143.1597018,138.2644128,184.3339683,205.7204815,252.8279251,73.95891621,135.490435,129.6822857,152.0870217,80.32961213,212.0864652,116.4301206,79.04757358,153.0147527,353.1706877,212.8372035,126.6001731,231.6897951,187.5706273,178.2279129,277.6620785,94.36422822,237.8871356,137.6755842,76.16610506,414.8974252,92.13212344,117.524523,104.6299114,168.358238,146.5015909,105.7820609,137.4921459,110.151381,235.3826827,95.03030609,123.7154147,264.1168145,172.988568,141.2460196,279.3058898,389.8136302,112.5103258,142.9291159,116.6696328,178.5576825,355.9847446,151.755299,73.07986486,142.9816986,116.3864108,89.48645943,185.0344886,113.7334728,50.83363671,179.5773383,213.3556751,490.8360379,149.478964,100.4662803,276.2464292,215.7452688,103.7279492,240.1750512,188.7936634,99.11071592,176.7163102,117.844329,328.1214564,77.14885577,149.8820084,101.517914,215.5415624,260.4940144,158.0269212,151.7930723,202.7460454,298.2984406,67.36970935,166.1090249,128.4321115,160.8908997,335.0392804,549.1799645,127.5024343,159.0799768,289.168129,180.6154257,126.2672126,134.3043109,501.2857523,133.3671565,210.1913015,109.3083954,81.50449707,83.60485666,232.7157352,121.7588086,318.1337786,260.512187,239.6347281,67.80729565,384.1966047,220.0035251,389.9612669,153.4623057,383.255981,131.2055815,126.7145258,149.8270027,260.2141466,190.1431299,58.97953171,328.8334601,275.8513383,271.6459809,232.8632687,74.45258158,239.1897384,96.30127273,67.78129137,195.1796385,156.6276911,214.9531847,367.2054185,281.0637144,364.5789971,84.91723158,248.8692195,317.3677979,184.6945569,310.2710262,84.00003849,201.8452108,269.1672638,410.200021,207.594943,229.7740023,121.0531896,276.0902043,253.4433623,336.1585822,358.8363639,197.5390324,129.4492349,243.6720656,246.7832826,138.6946523,396.4282087,233.7170522,78.67638244,178.0108471,120.3216621,345.9413972,249.3836307,277.9194321,94.09255238,120.4031635,89.36440612,266.6060066,167.9775714,210.237476,294.7134983,336.9906744,176.3826307,256.0370896,271.6873455,115.1458223,92.79347791,942.8669844,142.0157191,327.0151869,186.4079064,307.1068639,143.6412327,159.5526313,298.7901586,148.4787172,79.04887621,162.0263004,395.6086145,241.4188151,149.0754244,126.3658719,43.57405866
113,865.4901463,420.7040464,182.3705819,108.7472606,306.4434078,313.7337148,76.02288664,504.5183672,167.5401876,139.539353,94.56763706,564.6940259,189.7291538,185.9984601,223.3369032,152.2676063,134.5544841,197.8922895,185.7522372,239.636574,73.18587175,139.9755733,133.1375097,147.203229,74.20252044,208.6340062,117.8015321,82.1010561,168.372389,381.2944148,227.7644123,130.1695159,229.6994138,185.7885234,184.1845903,252.620086,89.48428407,247.8187389,134.1442484,77.63539598,424.0832604,95.66382178,114.1869747,107.8390035,181.117851,144.9112238,101.7046434,145.6213236,117.7166361,231.9611862,89.85399933,130.5112006,240.8737554,171.2052964,141.3148665,273.8434434,405.1599667,107.370767,143.9050434,109.7854655,172.5681114,349.0002948,142.4660161,75.04323415,146.4777498,127.7702223,90.60241405,180.8862761,99.48507663,50.70744431,193.4483996,212.1385645,509.8140212,147.500137,113.6667971,279.0491847,216.0343736,106.8250226,254.6662794,189.7080467,94.07600421,170.2119196,116.0761901,307.952787,78.0231161,159.1241137,102.4699027,235.5358094,269.4542368,166.5319737,142.2130586,181.0456188,293.0906338,66.01043889,164.7190588,124.5701829,163.4426665,342.0252142,567.7109717,130.0641071,168.7709892,329.5156681,163.8336373,139.746477,139.2603358,483.4414161,137.7422022,212.9596861,104.5969588,85.6859206,92.15795513,229.0956205,116.333669,290.2191931,251.117483,242.1444782,70.66984304,372.4753287,225.1703826,399.4956783,149.9609619,386.3045498,130.4937461,132.652242,144.3624856,251.3603197,201.6761602,60.69987512,340.1092455,290.719106,270.9640402,228.0735495,70.76305102,234.5021136,102.5996191,66.72436763,215.9338081,156.8293454,215.9943909,388.0290995,280.5233175,363.3049412,78.99940949,229.2118505,316.3237356,198.6878559,315.6215406,86.52192035,205.2516553,237.6090402,414.5576834,213.213563,220.3802412,125.149635,287.5292817,256.7973807,326.8234074,348.1865667,182.9223734,134.3857903,246.9595092,238.0707202,135.6361595,379.4546339,231.701529,78.5302969,167.0776124,125.5410426,353.4327774,257.2079224,269.1521703,99.60145503,115.3520266,90.08320855,294.2851325,165.1195876,206.2149722,284.3619503,327.0275971,170.4581309,256.678232,267.7469438,122.5388586,91.75131017,881.0202698,145.8679345,321.0511128,191.8003474,306.1252541,159.5418598,162.8674404,291.3011902,146.5778232,85.25957647,164.8757992,418.4661348,240.106028,150.3266133,127.2570357,44.9851494
114,807.6087716,455.1080024,195.0696009,110.8808114,317.96098,312.034083,76.71367943,466.8264047,177.8113571,153.5687779,97.67115066,572.4799776,201.1889948,192.344092,268.6869298,162.2043474,144.2492023,185.28018,205.9617167,255.0383705,76.63812877,138.162233,137.7349622,145.7041633,80.28307548,207.0384326,116.1083758,87.45149135,164.9349117,395.1762035,228.5368775,139.3654864,208.4463286,191.8543241,172.8822645,242.8173253,89.02539674,242.0639339,128.5313864,74.39275193,426.2411855,95.41179564,109.324438,110.1977965,191.0719895,134.4004535,108.1087159,135.1300531,114.6867338,219.9104321,94.38000403,127.4496883,252.0193747,184.3425163,159.1881789,286.5351643,405.496218,107.142353,140.1236293,113.6753832,164.3186428,350.3227193,142.6416983,77.53779075,146.0283926,117.4455706,83.24750673,191.6573211,104.5558131,49.35960803,180.8133032,212.8683486,519.9363447,153.8284136,108.7644865,263.8626968,196.3938143,108.2483305,253.9403177,188.6773711,93.13656933,173.8415772,117.023945,315.2176624,78.37214136,159.6200998,103.963629,252.3694615,280.9826974,176.4240918,147.7294923,177.2100943,292.217196,63.39737514,160.8898105,115.9217162,161.522523,359.903999,518.7894532,131.8611295,174.466327,313.1796892,172.2594902,142.506274,124.8633179,473.1835373,132.5462704,216.5584176,103.6413103,79.68090272,94.73396399,245.3197852,112.5703953,317.7501874,241.2021802,252.6469588,70.11176139,370.3440733,216.5010125,442.0471307,144.2096494,380.6733607,138.137219,139.9625321,135.4604921,241.7373999,198.1214668,59.50822936,355.398032,285.3726773,260.5422297,239.8830819,74.37267931,233.8619204,113.0972314,61.57944133,210.9231667,148.0669264,220.1366089,356.1493203,263.7401705,389.0430917,85.42661722,223.7297888,342.753513,193.3100778,337.3653015,84.00919647,211.2423135,228.4066309,397.3433476,225.6986388,232.176078,113.1421339,303.2907199,249.0357626,324.9064444,345.2604809,186.8006531,133.7765746,246.6035669,230.0647228,138.9182116,424.8168224,251.1752168,80.9929073,176.8742311,114.3618954,343.7689467,256.8262354,260.1288949,106.017879,104.670547,89.83439089,312.4242324,164.4690899,221.2861211,320.4296246,340.421658,169.1966269,246.0044533,243.62753,129.5632962,94.5674645,896.9900881,144.9383562,359.5909926,187.5531674,316.5257147,145.5855277,164.9755793,321.1828001,149.8051172,80.88309264,172.4586757,414.1118637,260.571784,173.5635492,133.5773794,43.78134995
115,830.9573901,481.0505851,187.7338624,116.7052215,321.1454154,332.0457272,77.33023856,476.738512,173.6023678,152.912411,96.04062791,615.0902714,201.0427922,194.7154535,268.4420049,159.6299323,140.1095106,192.1238702,200.0809582,269.4455254,75.57901506,141.1382267,126.9656248,142.7301119,80.23899799,206.6826932,124.3910068,88.91465029,158.682986,384.3624042,217.82457,142.3149436,217.0630164,196.7614198,169.4746658,225.9687452,88.31528043,258.6779672,137.2223212,70.63921458,426.641313,94.45246647,103.7147131,107.15517,200.2459099,129.383398,107.7723081,140.1169737,113.7317704,215.7637636,106.2381839,135.8758849,274.4810724,175.5525119,145.8873781,303.2048979,420.5330697,110.8405805,132.517747,119.9016749,147.7647611,363.4817859,134.8540217,82.63197053,140.6353718,110.2638556,84.55193191,192.5010475,103.1672835,55.25192726,172.8104132,216.7729302,533.1409295,164.7972726,112.9400588,259.5510934,211.767803,108.7789661,265.4828983,185.4454141,88.44110849,189.4103386,115.7873731,307.179408,74.83894226,169.4479382,103.1670638,276.6846862,266.9841272,185.6607496,146.0861145,193.0955863,299.3746184,62.80622393,161.5630439,125.7305256,151.8796228,348.1638914,510.6878071,128.7970074,180.8809396,320.0654607,154.3332299,144.1162916,129.9667984,472.4351218,138.378696,225.3339245,95.94813413,84.54442871,91.5529968,239.6951854,119.7169305,344.1644721,239.8450342,248.8770697,65.79468974,381.6180554,215.3102474,422.4198667,147.6105337,356.4760766,130.2638723,139.8364722,134.8100707,249.4816479,191.3311615,53.5463872,371.9446931,288.8849307,267.5245163,235.7721102,78.46588843,208.0197136,115.5062783,62.19558789,229.1400131,154.8238663,200.2807251,346.721359,262.2051406,376.8311673,88.69478118,229.7305562,318.6723201,201.5098345,305.0014676,77.70671842,210.6483413,213.5093264,432.6797351,242.110268,247.7761941,110.245867,332.5840689,253.2259434,314.8343553,383.7966171,171.346519,141.6102615,271.0005872,242.2330434,139.5969382,425.3465931,254.4903105,76.93644366,177.1660655,112.9575227,360.6671269,279.841298,277.6477732,96.35382845,98.04139913,93.02859442,328.9678401,168.4992436,221.8551405,357.9128251,370.5557067,170.5643123,257.0723202,253.428825,130.5856225,92.65111383,886.7259225,149.8822654,388.0848291,178.0787347,318.4372807,161.9650663,158.6120922,306.4065143,151.7074331,85.8673818,181.080387,414.5460453,252.5150264,179.1141675,138.9589643,47.4808666
116,872.9972044,526.4021983,186.8770975,123.5804136,351.388398,319.0956866,77.59363583,466.4942942,164.530487,168.0733705,104.0132319,668.5002067,204.9508333,200.9816167,292.4970852,153.0340522,150.7440224,192.6768288,198.8297168,254.6882152,77.84581694,128.3024216,133.4239704,149.9082039,82.79031624,207.9265445,123.2824437,86.78320223,163.722794,384.0505852,201.0703294,138.0708718,214.8990956,202.9579483,178.3057788,233.1963062,90.00671301,263.3216203,126.7431322,71.06265239,435.7276623,96.85522371,99.27354219,110.3897428,195.1362898,122.6250141,104.5986234,134.7174797,111.2772813,212.4287475,104.4540422,146.046621,278.2561035,168.5564898,146.7181717,296.6562261,416.5253926,118.9105976,133.6993675,110.7840291,153.7616321,393.5795715,143.1355961,81.86995864,145.1493234,122.8609106,83.9865991,181.9612032,109.1219713,55.77238516,164.1134909,223.3368847,541.3145482,148.160025,116.9483136,250.3380639,219.2243875,118.4604619,270.8232421,185.9074036,73.29907441,188.9337208,107.2732194,300.4475432,81.04162225,159.2246567,102.0655336,299.7779965,259.2303318,205.9823786,153.3002541,189.3249337,289.297059,62.93188546,160.7352272,116.8636686,148.8707236,375.604711,485.6818338,123.6041847,165.2072488,332.4093,153.8164756,144.7059403,130.9871223,517.6044001,154.8384884,233.1315711,99.85612718,83.864688,90.51110007,255.2780212,111.3916767,348.9256448,238.0598247,249.4805756,70.92860648,355.9359726,215.6080835,444.2054806,148.0611214,386.5530808,136.1767409,146.0968237,140.2562563,266.9117869,190.4654818,54.25242369,375.8669604,311.1296552,284.5653311,259.0166637,80.75913428,217.4685266,116.6427275,64.77736698,240.6541094,169.9304593,217.4763083,345.82845,245.3451262,410.6063133,89.59822234,227.9880211,323.2042948,199.3954656,324.2860763,79.28438089,222.9935489,231.5751895,447.6569759,244.6550456,241.574451,105.0491041,351.1909562,255.3714376,307.039782,421.4219941,184.8614058,142.4887828,278.3098882,235.3160132,134.0632883,450.0047546,244.9219207,70.07634978,202.7507794,117.4301414,383.011134,287.6060342,278.7277389,99.20504683,98.49416128,96.76957925,307.8948611,153.8077541,229.1680556,359.0803642,390.0422655,171.5197797,236.5988857,250.0488242,136.7968214,89.37905477,898.4108567,142.217154,376.3373826,185.8726364,351.2827828,154.0016042,159.2256956,287.4392542,158.0566771,79.135779,171.3435129,440.6178178,271.9856524,171.3616371,140.8008471,43.79995267
117,886.2847812,537.8332554,177.2603702,125.3077424,360.7615067,300.7192152,78.35504719,490.2130423,164.7040839,189.0226989,102.3059272,608.8520343,210.7320512,192.881811,303.5393816,147.8153042,143.3147,195.602502,213.7645085,240.1285596,71.18934446,126.2586403,135.8036883,155.8147573,82.31270122,191.4044151,121.2823401,85.25614317,168.7618107,383.9752472,192.6752656,143.9305151,220.5881562,211.485948,183.8433934,235.5237558,99.21880254,264.8896497,131.7755148,74.97518099,417.2678775,104.9513305,102.6688041,108.2960992,205.8137538,115.0188212,98.23756,136.221866,112.5684748,217.6652435,101.1367932,162.1149977,300.5185519,175.1430751,136.6716349,285.7649379,418.8848207,127.3354174,132.1058278,103.1748339,160.0618986,399.7625981,132.8703506,73.65169323,146.819438,112.6598063,81.93681011,187.2267407,115.7884703,55.62687684,160.2684947,246.6233739,522.5626856,149.24114,126.7297119,276.5373332,219.1211227,122.0226308,262.9204931,183.5685281,79.91653016,202.8944564,109.1402325,302.4887908,81.80533187,170.7564111,100.7187979,291.9504082,272.3880378,188.6554852,146.0382463,193.7309108,285.3922441,64.3067208,163.5126043,113.06285,148.9084933,368.8159843,482.5320008,121.4752929,182.0449284,344.2557382,152.0670867,142.6380855,132.5385205,475.212687,153.7603022,224.5904905,102.3656798,80.93055878,85.22743142,239.7224246,109.9253467,334.2146447,237.4834693,258.6435097,71.76045745,362.2270664,221.1275257,447.5695934,139.2847135,418.4347658,145.0028443,135.7632276,146.8419922,244.3027366,173.8042689,57.77425254,376.0318814,319.2008153,280.6674347,259.2178248,82.95410496,205.2015503,123.8845045,64.96118983,232.2059779,171.4212399,199.8864493,375.9039567,239.4091079,423.4496686,88.49889874,231.5834704,340.3347336,199.1491152,345.1238868,77.40893865,221.9325321,261.9348299,428.6930274,253.8549667,240.4049344,108.9347187,362.5633432,256.6058452,326.1229471,429.0411098,189.6121819,150.5301056,283.1388096,257.6169569,135.659357,433.8202278,228.5661804,70.49104291,192.5449513,120.9283138,405.8493168,300.9036667,287.2111317,96.15210817,111.7117185,93.24125929,313.8667638,145.5668087,239.4922796,371.5613659,428.5944151,148.7990116,244.5563045,257.9548469,154.4940894,85.73049134,922.1048826,141.1002501,361.2530796,194.4375535,374.7931246,169.7965938,172.9104808,291.0090336,147.8645629,82.71933137,178.2460584,452.6033315,291.4615482,185.7112721,147.5057671,42.12970538
118,923.163545,526.0503252,189.8841127,125.670288,367.4967754,323.4799551,83.74671312,532.845951,166.5736726,185.0864458,99.96858009,709.6112029,218.9354505,180.1013369,329.7455719,155.1769444,153.8607762,197.0077623,210.6188692,264.5432189,74.27465316,139.0893422,140.770826,162.1113691,78.14518427,186.5851492,118.0716054,86.9957716,164.9460018,435.2022905,190.3940088,147.60344,227.648731,209.2973281,196.5916314,226.6836142,103.8434791,272.6441664,127.9092653,74.60826742,420.3375958,105.6199405,105.1294321,99.76563624,193.5384583,111.3473664,97.73838387,140.7638972,110.5183189,212.6894226,102.0892141,170.8938497,282.5564922,185.3483223,148.0478683,307.4981827,408.3498143,123.2249714,136.5015783,105.3894893,153.0572964,402.7840037,140.2954312,80.09605253,150.0627714,108.9997611,84.28867293,183.7213768,124.9797033,62.21484051,167.0075921,251.2505226,521.7316993,157.9432998,116.9459626,284.9405028,218.6344815,135.9277366,273.0417337,199.4515288,83.57736414,196.8775786,111.2825015,286.6725529,78.42862867,169.2166333,101.3817946,301.0654654,247.7817777,182.8973241,161.3385767,202.429815,306.6919335,62.86827693,164.2010409,116.7974933,149.9240219,381.2648744,500.6354654,112.0870468,191.1639671,330.6911722,167.1813077,154.8713924,142.8696865,444.8288446,166.5722418,217.8608847,105.2585219,90.39046286,85.02869711,249.9147773,107.6889037,360.3060879,253.8149633,277.2065642,73.55743961,366.2674568,214.3209006,432.6157093,152.2314944,423.2519264,152.2101637,131.5773496,147.1702988,248.0138157,179.8824647,54.30713996,386.4262714,330.1916023,281.8015,276.5877511,83.19628926,200.9953106,118.03087,64.47648985,212.8667606,186.2009604,184.7858055,368.394683,261.4154014,408.5907121,84.80345384,245.0557205,334.978612,192.8581326,359.2636443,82.13934684,238.3846538,259.1098754,460.8559282,241.4482708,227.0690709,110.6690722,347.6980353,254.588412,334.4179485,418.1111651,195.8747101,156.0036506,287.9633294,279.7294709,133.7111685,454.0438774,207.7844677,70.88118337,194.6142071,126.7766,397.8738488,320.2679279,264.5683873,91.2999557,111.5545714,87.10176934,312.101928,161.3406929,240.4175187,367.3967163,477.0838222,143.9858892,276.1713337,241.224609,151.3361195,84.25806362,900.7931402,141.7707918,371.9749421,200.8325053,383.0191813,175.4928448,178.7491389,287.6777119,153.8355877,87.70473979,158.8815114,462.1949899,322.916403,185.1286314,148.0984893,45.97189121
119,924.4337291,546.0593472,194.4484251,126.6016931,374.0643926,342.1252388,83.42148057,554.9712824,161.2434832,197.4870172,104.5901995,701.1439358,213.2051861,172.5041089,350.2215361,156.8680171,152.7180633,196.0340388,185.966938,269.6633737,76.87846127,145.3187782,145.0384849,171.1134506,80.25371065,188.2134173,121.3983717,90.08188718,177.4279503,452.9293619,189.6119871,148.583174,221.8683742,214.190531,189.9968721,233.5463456,92.40146731,260.3574931,123.0268341,76.42467843,380.071667,112.1100042,107.4598979,97.35577695,189.6007059,116.0212184,98.51408273,146.9528686,111.5889209,201.9292708,97.69995893,158.1061718,255.4135291,192.0049168,155.6522543,297.2302446,403.5399141,131.0586856,148.2467769,104.0505134,149.9337974,438.4692261,151.7390762,80.41910151,148.3812119,111.2645792,85.66630884,198.3872167,122.1011741,65.44546308,171.0090614,237.25239,486.1591372,161.7395757,124.3228015,302.905753,210.7440837,137.1169652,290.1651264,201.8413292,81.54275167,180.8790706,126.8412708,260.473308,76.92352332,160.6921897,105.1049825,354.8915322,259.8896578,183.6259085,153.2837066,223.077609,369.3711142,62.55588893,158.4361052,121.8233608,158.9814119,374.0766798,481.8273301,108.5462367,189.3287308,353.7137159,164.1553362,148.4515459,150.41044,444.4279359,166.6086215,223.0941917,111.6736026,97.49613315,86.88027072,248.4273824,108.1202569,372.2808912,237.2282143,293.8200661,77.11471411,321.602086,198.4798417,423.9130241,152.4612918,416.238758,140.3932802,137.162176,143.1137996,258.078688,183.3758495,55.54216127,395.2158286,321.6430045,315.4234029,276.9643324,89.51533205,187.3675743,112.374004,62.49626318,216.7635004,195.2920863,184.8873772,362.25444,258.44746,438.2421751,84.87808518,260.0867607,306.1041788,184.6038485,354.1528836,84.43938214,270.4943096,276.277497,494.1901806,240.5501965,251.7864477,118.7857826,363.7284794,255.592569,330.2475951,434.3972248,193.4482183,155.7950124,308.6957129,270.2991837,133.3337539,461.6585779,221.1900298,75.36642483,195.2622708,133.5327021,405.460972,304.3509658,296.3731613,87.93915191,108.9317384,83.38990103,310.9894389,153.6663543,232.2762503,366.6877882,465.0313167,142.0111369,299.8248455,240.0429805,147.9314651,93.91103951,826.8741542,143.4840713,362.6658692,194.6287054,407.2980242,178.427889,182.2977296,270.4631699,136.8551014,87.13581819,159.2643274,486.0821903,331.0640173,190.5977301,144.0574531,48.98620034
120,916.996863,493.844864,186.4583901,114.0209454,349.0305073,351.5048281,86.56625179,521.7447621,145.1184219,197.6553201,109.5508507,699.3724382,231.0316023,158.3988432,358.038207,153.6946231,166.3350768,184.4109635,196.2878228,242.4257228,83.90192481,147.3769695,137.0969895,154.5283578,81.62687554,172.1771056,119.6469363,84.43628196,192.1022316,465.8797642,166.2316983,158.893917,241.605055,229.299834,190.8401505,226.6888318,98.85352695,269.3899008,126.1081225,80.78544759,397.0651303,101.8918509,100.2562399,104.5417961,195.1457074,115.3553481,102.3512996,152.6454862,111.4085202,216.5404451,94.38240834,158.1293722,242.0319314,190.2361613,150.3007691,307.0911433,401.7824499,137.4791341,153.3976966,99.81218262,157.5776537,482.9626474,145.9515359,72.9222631,145.0885385,109.8889308,87.97006197,180.3787234,119.8608046,68.30414444,165.99135,234.6637271,527.139334,167.042748,123.2153658,308.1473088,210.0951307,134.8665367,324.0822416,204.0262462,78.60273839,177.8170728,134.8197066,254.7179723,72.92637556,152.2451264,99.60501676,372.2847361,287.0355491,181.8005303,162.8703857,218.2023918,367.0033438,61.55989461,154.5904589,120.9291393,173.2440666,391.9025637,469.2135826,102.4401968,191.8921138,356.8730388,166.2589801,141.5590994,164.4027645,425.8382496,174.622173,238.4373082,113.2731675,92.79167959,87.32819932,244.9362213,102.9956436,392.9623751,235.3607685,295.4627495,77.36999034,323.8028714,198.3164729,399.2793945,149.6190741,456.348765,141.3467434,137.0118461,145.9837701,261.3462119,191.9840443,54.46352669,443.8900781,358.966922,350.4730348,274.067811,90.78043838,172.5615248,120.2069407,64.19341451,221.6337465,177.6890311,192.1184068,321.8972955,265.981064,480.3804717,81.92450229,249.1628332,281.0235665,179.9857928,376.0537229,85.18437986,277.5903355,305.5947437,511.5726073,225.060432,245.3867182,119.3353638,313.2328368,247.8541925,337.6765796,432.7308871,204.6152688,150.5060104,305.2554753,272.103153,144.021518,451.5122586,219.7655029,73.55996697,183.6493355,128.7933981,425.7997464,330.7227531,291.0037604,99.47631645,110.005128,85.95252855,290.5370513,144.5201705,242.2142961,350.3688651,433.2999248,142.4618009,354.0953986,234.0350299,140.8958404,93.57457211,822.4653253,136.1137228,354.3527469,201.9505254,385.9895463,163.2565526,191.7396939,282.4813163,149.1703393,90.3699997,165.0378125,526.6936349,354.3449316,200.8616073,137.9671727,55.35567972
121,890.476438,524.4195059,173.1871943,120.6652903,344.0259847,345.6144826,94.40315163,491.340452,148.1979402,206.0621325,105.4264077,708.5087848,229.1180193,163.172509,364.9518647,142.965689,165.7803213,185.1364438,188.0340318,262.972544,86.73193387,149.0512251,131.5692277,158.7541019,82.8034702,168.0126428,132.5994862,90.27697186,189.9629514,487.1089065,159.4664872,163.7427465,245.9573935,255.0354554,204.5656787,242.1808247,107.9802775,274.6763349,142.3316807,89.39681166,397.3219946,100.7581188,96.30823942,100.8709663,193.8025177,111.8005334,106.2294434,158.1392116,109.5126724,218.682758,96.41385061,165.1227218,250.3510761,190.9327909,145.3143118,290.7561332,426.9684472,134.6813709,150.3044123,104.5751857,172.1747998,486.0847941,147.6461791,67.87050401,137.861395,112.4590073,89.45741842,171.1030366,134.093251,70.57821075,162.7586346,243.2782976,540.7632803,192.9787333,126.4739858,286.2346048,216.5006083,143.1548638,294.7881432,201.2671566,74.26310515,162.0850541,147.2862177,254.600114,68.50009041,150.5985272,104.3208929,403.2903236,300.6871698,193.120946,159.05034,202.0197142,379.6987571,66.52780698,149.8243136,121.5477818,190.4816522,365.8120357,491.1847152,101.761465,201.5672665,356.7863885,158.2711264,137.4628834,150.8224711,438.6696704,155.5871601,233.6221888,110.1660212,85.93586254,91.22627815,243.8036108,109.536116,395.3036137,220.7131955,304.0983812,76.53088816,323.0579422,197.1007709,357.6100136,136.1067454,438.1893443,138.7019478,139.888615,136.437333,292.7421955,184.9008536,53.56390622,453.603905,337.8122421,360.1092015,271.7565462,92.44107581,175.0752015,123.1395392,62.05637201,239.0330463,201.4089208,212.8226914,314.0623609,272.6506355,528.0681293,85.59953878,247.1011519,289.483925,174.4295577,426.4554794,85.93085278,266.1023309,345.0150691,454.933151,227.2783771,254.3844647,119.5366536,325.8164152,237.6140698,311.5732303,402.8637146,207.8495196,160.3793327,307.5808959,257.6694277,159.1390214,476.4185846,227.8462853,69.18956271,179.4103645,141.5972409,451.6985518,329.3929083,305.7063715,102.9219423,102.5964805,85.61386294,289.9781913,147.5348283,236.5163783,319.206621,423.14192,141.5635134,379.2813039,239.1988019,143.4534787,84.70576497,850.3324513,135.0098189,359.7399807,204.6575386,399.0387915,170.5215764,189.255791,270.028422,147.1381312,88.12650564,165.8535704,511.6243378,395.0712479,205.4956594,140.5026846,49.08032376
122,939.0150401,544.2486406,179.4823971,118.4130077,330.5107564,379.721123,91.82347679,500.1916701,140.2527344,220.3757456,100.8781354,721.5315594,224.3963244,158.7138575,365.0332914,145.4070692,172.4555907,178.840251,192.2813519,278.0527747,84.52221767,150.9827463,137.1761018,149.8831244,84.37218965,167.5146782,132.6896319,93.53004832,195.7547855,531.675798,149.768441,176.7798009,248.7069403,259.5709109,218.1356855,245.591431,107.8781985,316.6293555,144.504849,92.95459339,390.5730319,91.57903845,102.0744239,113.6668849,201.4598027,108.762585,105.9032571,166.1405766,115.4860178,224.0212734,101.05381,175.3027954,234.4315211,197.5568271,144.504211,302.0020268,388.5048319,134.4122262,153.5767721,104.9628938,167.942147,469.6483209,141.1104128,69.7456887,138.2293076,113.8951238,88.32755556,162.6133461,131.9352751,68.44704267,156.3624418,245.5629249,594.4395867,188.8831423,124.153302,307.443226,207.518285,143.5957712,321.5240075,198.7890449,78.53689467,163.7855318,147.9664459,262.4821139,66.42116756,143.7366568,97.8187643,426.5076574,289.986796,213.8606973,168.7157297,190.5083474,412.6820856,71.6514155,151.3672381,118.277291,188.6682123,356.8024436,496.070636,108.6685617,213.7508748,377.6018187,150.8260207,143.6376508,147.7149282,447.3200433,139.7699683,233.6636245,115.3969792,78.63418741,90.97121853,230.1116225,107.2597115,399.0929472,210.3476127,332.1956037,77.09766416,315.712405,180.0587122,368.5986891,136.2753081,480.5372664,144.034412,147.7364177,140.3400187,310.012474,169.0754471,54.42653812,475.6968856,310.2811802,371.2089402,280.963716,97.94677572,178.8126188,126.7578459,61.72086832,253.901462,197.7662653,201.3183399,346.7266267,264.6807521,517.6321254,86.19171235,252.8334783,286.9870514,177.7394092,434.4412575,80.58337445,253.6996988,349.7615389,468.9952677,232.0457961,248.7150528,117.2542,328.1206709,217.7405234,302.7063766,380.6195133,199.3304693,159.8451683,292.9112147,255.124452,156.6811793,475.655303,218.8468096,69.31040915,180.1960695,131.1500627,454.7176323,332.2005229,320.6596003,107.8344616,96.80244504,89.29179732,294.8544679,138.7589918,241.4282742,360.7709587,419.7387708,148.4898293,389.6334997,224.7938354,141.4022848,84.91937992,891.0143421,129.734076,373.6982032,201.0775217,453.4412144,164.9468122,185.2028135,257.1240396,148.8994316,87.14775642,162.4475369,502.1310876,378.2247906,209.4076933,155.7041763,47.00956228
123,968.733503,541.9647609,170.7100878,126.2489476,330.4032392,399.7026615,98.66332909,517.0381339,136.8258183,224.8909793,98.26597701,753.3386717,233.3390274,160.4339189,353.9499448,149.7886801,177.8206845,196.502209,199.9657628,277.074385,85.90137227,160.4183009,136.7517018,150.0970248,83.54267501,177.3122736,147.3276447,90.05807827,197.6744867,552.3997834,143.4537305,174.9989467,248.8579673,236.3514738,224.5122244,258.1535547,117.6988276,322.6803229,141.3751554,97.12288495,411.5032133,91.61272696,98.87820179,119.831895,212.4621603,116.0098137,100.4516796,154.6346642,125.7045341,222.8050208,105.1526691,167.5209626,237.4082865,212.9633816,139.8447304,297.5877665,364.1615927,128.4410095,152.1713143,104.8024066,168.3718437,477.7934303,133.4867154,65.12671485,136.5824674,120.0486391,95.9521362,165.0583417,138.808133,70.75401995,153.9104063,259.8484269,625.1156625,187.0220975,119.4553583,290.1837534,192.4965087,147.7014568,313.8611617,217.264565,82.33135342,155.4505588,151.2616385,254.9029731,66.0402677,135.3624645,106.3650961,415.3117439,321.2956527,225.9388342,163.731742,198.9413345,417.6587911,76.35796299,159.9846829,111.2672471,181.1284527,320.8385409,530.7556311,114.5670843,225.5791432,395.9936369,159.3473958,143.2923702,149.3173089,399.7540629,129.5788434,258.4452816,112.1239923,86.17663547,92.45975359,234.8400039,100.5701103,399.0917577,213.0088581,326.8097817,79.8625606,324.8808468,185.9424808,387.8889708,130.2156088,502.832294,145.2440256,152.1508458,130.3851823,326.8623742,166.6116851,50.05756383,492.9051318,313.9733475,396.2266235,302.3409538,96.82643623,191.8799716,128.1080495,62.17001911,250.0690947,209.7573885,204.9259268,357.9408704,271.088004,527.0036677,86.12489655,232.2777341,283.287432,175.8693264,457.0480251,83.4233569,292.1988158,371.0714159,461.5940446,246.0167258,267.1302799,130.8013108,343.7991063,227.5618068,307.168847,369.5534112,192.3798657,150.6769259,310.3189867,284.8112341,159.1773298,478.9539361,241.8592184,73.02501753,168.1960988,144.9225408,462.0213846,326.80969,325.667762,114.9744784,95.7606545,82.6617466,309.7770401,134.2634312,239.9999437,351.6934874,420.3048651,145.5798933,394.9365565,189.6991611,151.4152483,91.27119891,906.4044116,131.4609022,392.9096436,186.4284132,514.9500589,163.3886745,177.9729009,236.0629022,152.0163656,95.65908673,163.1516863,452.4437339,391.0292796,208.8480163,171.1284803,49.96753874
124,1026.076059,561.591583,175.0601856,127.6361191,335.3867683,379.4795634,91.6787117,565.6491215,148.1658497,232.0696912,97.3657786,750.8135777,222.8402026,168.190274,334.9228165,140.4163252,171.7806122,197.2801743,189.3724639,270.9601408,95.1092232,159.4010472,147.1425539,158.3088148,77.58775261,180.2906463,140.4309451,87.98018757,203.5081585,499.1174243,143.2614791,170.8567538,277.2800109,235.9456723,221.9334722,256.6301989,120.0199971,339.9927756,138.7264004,96.29099747,385.7824747,95.88988939,108.3354985,120.1603571,211.4045815,116.0449738,105.3614877,155.4679641,124.9993943,218.3888704,117.3147542,168.2200323,248.5687817,214.2912567,147.4685973,317.8325198,363.9763588,135.5289449,151.8229152,105.5566581,167.8566765,467.8289325,161.6263376,66.74773602,138.7798084,126.1152775,85.4973237,167.2265036,137.4150344,71.91681313,158.961598,239.8457879,692.8484471,172.0378299,118.6005528,320.8578256,188.5366346,149.1350981,295.1956805,232.0174518,86.10011206,166.2849518,156.8267573,268.3330367,66.09622028,135.4071067,110.6924297,408.4962453,331.9341108,227.8242435,158.4732204,193.6772562,352.0312846,74.77674311,167.0054881,111.0744596,179.8153511,294.0237917,578.7010295,114.7098177,239.9974252,431.9669312,164.1236868,132.9545408,151.9646659,388.7087314,122.2932351,282.5702363,124.7165804,86.6166538,92.16073292,239.835378,104.9588779,387.2306157,204.8757906,353.4817804,73.94654428,355.0191674,188.6574758,420.2857889,126.3196177,485.0884509,163.0600129,137.0317798,126.5425043,378.2062926,159.9469715,48.01018741,503.2039586,268.2388751,406.9720728,306.5191134,101.7795195,188.9247276,129.2988252,69.50525982,227.9041398,208.3117759,192.9556875,356.5928824,256.9573277,500.6523376,86.71032566,231.2834704,286.3574507,171.3722099,446.0973723,77.76911312,265.7616164,348.6933646,454.4299938,235.903346,289.9076858,129.333266,337.8101013,236.8180391,315.1717126,397.4249925,180.9509152,155.7423251,333.9246744,284.7781593,169.9228926,480.8266998,260.1344013,71.2178375,167.4371467,154.046913,459.6810771,341.6816894,328.2113685,124.723294,91.8231557,81.88435452,324.2358138,153.0865573,248.2108246,366.5914217,440.3429182,135.6382858,383.4662641,185.690054,153.6588043,87.41119581,890.5537046,125.0711972,384.9883591,192.8606723,535.3547357,169.8166634,181.5778185,241.8965978,145.7465961,91.97111688,160.5701522,468.384643,386.4125836,199.8813663,186.2668702,47.26125738
125,1060.344884,577.4745175,151.8456873,137.8876472,348.0089666,366.1590817,92.15406555,517.2855149,160.1330461,230.1082714,91.50507875,743.1814538,221.0313548,165.4849313,355.1782432,140.1626814,166.4762819,197.0758574,192.0226514,269.8171462,97.69393504,162.9018118,134.4159888,169.256394,68.0088834,202.940325,135.7988141,102.1001906,214.0272554,507.0462811,145.9343017,182.7360194,284.9541442,231.2963315,243.6415243,273.7934676,115.2074476,318.4358385,141.6807228,96.08667492,394.0320681,93.4926533,100.953966,113.5724063,211.3556199,127.1428425,109.7516487,155.3731196,122.3915487,209.2312248,119.989884,169.4358565,252.425212,205.8658421,147.5381469,308.8284464,384.392667,142.3804484,145.5329426,106.2001828,181.3499622,492.3003248,175.8448798,66.75405668,143.4125614,121.530709,84.73844777,168.6375958,138.7681812,73.51261014,158.2864426,235.1424824,632.9624926,170.2755518,114.1718453,327.4241287,206.3694834,146.9704947,282.5047602,226.4600919,94.71565833,180.5367438,177.5548229,269.5456581,63.5116964,141.3186268,114.8625103,396.4131218,326.7830337,231.9830707,164.5935194,182.5688475,372.166711,76.00134854,167.3020139,118.6265898,195.2822617,296.5486411,558.9711831,105.8784305,229.239377,428.0896085,166.2146295,130.4160004,156.3458725,406.7324003,132.553815,263.842642,117.4934156,89.28395512,91.12642936,239.2214884,101.5465243,385.3145598,216.0432189,347.0315132,68.68842093,328.4853094,196.9441592,377.2402154,136.2377452,505.873326,161.254645,144.367151,124.1405075,370.0155484,166.7349596,49.47556995,518.5930093,286.8712214,397.6003099,298.6491133,97.32097314,184.5746398,125.1843977,69.45411489,243.1891562,211.6647751,206.6585514,377.5205385,257.340525,485.7484276,89.5414813,256.1809812,251.7799913,181.5257807,449.3546203,79.79457915,270.7872988,388.7626972,464.5760668,240.0668695,311.5903239,128.1918549,375.8301447,257.1920941,340.2547583,387.1165496,182.1624935,137.9040665,349.3152913,290.8428627,174.116725,493.4913024,258.9558137,69.60237569,186.5598948,154.7070125,489.6458527,387.8276297,340.7515084,126.7392163,92.88378416,84.27341369,357.7064699,148.924713,248.8246842,360.805856,476.6047135,127.416835,370.4620566,192.1958933,147.7221819,90.79382737,950.6958355,127.4799362,372.761411,179.4336035,510.7849303,166.2596185,177.6177597,254.6039524,142.6794451,94.67675855,159.1675386,464.0165605,367.4702074,199.8901994,176.8481299,45.31501377
126,983.9352049,583.5197385,162.0285966,134.9313414,360.6822166,370.0308743,98.5202355,526.8133211,160.3550657,236.4737886,87.25697975,780.8161862,218.1233926,164.1531148,368.5227361,136.4977618,168.4820595,190.2320661,205.1508669,279.3376304,95.42486076,162.8997769,132.4855684,169.1551938,66.86977978,207.9315243,150.9965293,107.3558674,204.8207933,537.1837226,132.6988994,179.3891044,315.9105211,228.3520874,230.0461742,281.2249067,119.6701938,352.2532148,142.1282116,100.0331318,363.1215831,96.90558492,107.9094859,117.0582893,232.7564553,139.3557956,118.237504,160.812875,123.0313687,224.4080037,116.1375757,170.0218756,244.4701643,214.4159353,146.2807289,292.9567909,386.889169,147.6158563,151.62128,109.0933519,199.6034501,475.8467499,176.9431203,71.67970985,147.7607819,121.5895893,86.97996626,179.3249668,138.0952195,74.56905597,158.9048693,237.3048498,662.2922829,180.1409625,112.5711314,306.5808811,194.4781332,143.9969918,255.4001375,211.5362332,98.51060258,194.9912027,177.3573616,263.6080871,65.57083066,132.9892773,116.8596505,403.6927401,318.4835543,239.3697428,171.3247392,194.8827975,376.1157197,72.0182729,159.0376113,125.1930727,194.8325151,300.7648299,550.1360372,109.6472875,224.7811591,425.1543187,162.7728453,137.9983383,153.1237396,423.5399977,127.322191,253.9861614,116.8325196,86.99641613,92.33247257,231.0530623,98.28660918,417.7698385,226.9344514,354.7666589,65.81115587,341.7646874,208.7490501,383.7716095,130.1201854,502.3370624,168.0136018,154.4562889,135.9612308,352.468428,168.4603268,52.80396089,564.8505123,279.7235882,428.1394355,289.7699278,100.3144656,176.6022936,137.3359572,64.01193749,251.653036,219.7728121,233.8275436,405.9262516,248.4606637,438.6669611,88.15358774,262.576789,261.5339308,200.1343479,434.2977485,89.82346271,255.6779467,389.1220663,460.84377,243.3470154,310.1973969,130.6335796,431.9889957,254.1159902,329.6452714,371.8878378,209.2350903,140.616862,378.7813549,290.3397395,183.6406798,510.5855995,257.1675449,73.21800664,174.8078912,159.2519039,519.7484517,387.6887091,345.8866661,127.2243668,91.15859526,85.20188628,351.5504498,159.0872294,256.746657,366.2064142,491.8181635,133.1832198,390.9128995,190.1450076,148.8368307,82.76413762,866.8223529,128.6593673,376.6408125,178.4504086,481.6282121,172.5357609,183.1062791,245.2644788,142.4474009,92.09350171,163.0144711,469.9947772,360.7061553,188.9701716,181.4900375,46.70897393
127,972.4804846,586.5174458,169.2973085,141.7718503,381.1988538,361.1394569,96.19420525,525.4545094,160.9789168,237.2290659,95.00615014,835.4325791,232.1791306,152.7236921,392.3634699,139.3900334,168.5851734,193.1737146,219.215287,282.596343,90.47578779,171.5632316,134.9801515,175.7712128,70.10600948,207.51097,148.8432804,103.5624033,199.1022855,573.2088003,130.9359033,185.5359448,307.5655318,263.0815374,232.1960824,271.8053722,135.8628143,350.0972911,132.4211321,105.6144189,351.3232535,89.49022688,101.2915775,114.80487,247.758041,134.6971016,112.4763217,155.948876,124.6405236,221.4083648,114.289626,170.8980829,256.6901686,200.5034991,139.0407279,289.7755634,414.7632156,151.3238821,163.7963386,113.1893127,215.549903,486.8928046,171.9284241,76.57296231,146.0650075,114.3529489,89.78930559,182.6847367,155.6797533,73.52943543,171.1213973,232.3805925,594.6013972,174.4231087,112.9351016,333.8469826,209.3068861,138.0116411,271.5170776,219.89863,99.98352372,192.7648985,178.4623911,278.3344,60.8939248,135.3841461,116.8807753,383.4948698,328.9224376,230.9567379,170.8583028,217.0236342,401.9720658,76.16885552,164.4295683,126.545755,219.7419601,321.3211194,565.4770114,106.0558492,227.8938977,403.3008803,179.2868805,146.2509465,147.9393397,401.3223298,131.8865886,237.9277318,125.6211566,88.7599537,92.20587679,222.3654728,100.2448817,399.1492252,214.6748757,362.1521948,73.09202856,346.7686861,217.2722358,388.240755,126.8951821,513.487913,162.3256704,144.4677291,133.9383804,349.5034369,182.5132126,49.85440797,563.9887091,276.0170225,430.8790756,306.9474004,111.032947,173.5158154,137.4947964,59.30034779,259.8278086,224.965653,254.1869853,404.141515,240.4687949,464.1185856,95.43383633,279.3726873,265.4819173,185.5367696,436.2174595,89.50439547,269.3386106,376.1328326,502.097281,257.0436662,315.1426332,123.9653269,459.5702699,261.7424244,328.3302132,326.7585715,215.0308763,152.3157579,363.1117939,298.1085461,177.5894933,514.5538847,252.2625233,73.1258206,169.8366875,180.8123675,489.3287622,392.1821568,384.6517254,127.7642662,94.08982983,85.45196025,357.4353976,170.2775536,274.8646786,352.2729086,480.6008234,142.8702306,386.6637208,186.840739,142.295683,82.3124324,833.7671247,128.911798,374.2100968,169.5415772,451.4710394,178.7425662,189.6244327,248.4198492,144.2304447,101.5163146,181.6646394,510.169979,362.4690801,201.1818336,174.3622381,46.92672097
128,1006.776994,574.7469694,173.0761273,143.5323375,389.1682311,335.2252411,100.5825782,487.9394684,159.7594219,222.8414133,98.99436613,854.1373908,249.6796626,147.4434177,412.6971326,140.2341602,179.2436099,196.6571854,203.2884434,294.3673927,92.90619271,177.9718934,136.7541727,181.5015637,73.06314133,225.1905076,160.804422,99.98081912,185.0510075,541.1822359,126.825522,172.1053655,308.4960697,243.8440618,230.7185274,261.5459388,135.2203955,360.8646474,124.0379837,99.65185926,363.2257791,82.62943431,102.0448288,124.4919343,236.6163208,121.3529666,106.1980678,178.2212014,133.7081904,229.4118276,129.4912606,180.7931167,263.193692,187.9604632,139.1258903,292.1377915,379.0027503,145.2033167,161.4878802,125.3045561,213.2130309,470.4942287,167.389073,78.53413776,155.3886183,110.3805729,83.92575891,181.7874671,159.3946771,74.09857255,172.0751096,241.7715782,547.5017576,163.3541725,104.7818766,341.1764706,213.4180286,137.770848,259.7886925,203.8964338,92.73922054,184.8097782,189.9015541,285.5689317,58.55336779,126.0111926,108.270522,409.2965003,344.831456,256.6696373,172.3714399,232.3043364,389.9257708,66.3232047,161.1745968,129.5281338,235.9782774,312.8418819,524.6129717,105.4754079,220.4358739,409.768305,184.1589239,144.6813839,149.659272,381.7397674,133.3475694,253.2631606,123.7068601,94.75778179,89.81833844,225.6957557,110.8650082,399.6135666,216.6174449,385.5005286,71.30749648,372.0524239,218.2831199,419.6950074,117.4384355,515.8173788,164.0254124,147.8330087,135.5190513,344.0832142,197.5476304,48.20677028,621.0630362,268.2834706,461.9741519,301.0676101,112.9266882,170.9030441,136.1576113,56.66080978,253.2061692,229.1363241,263.2633698,409.057505,238.5954882,407.5081208,91.46653924,272.6417818,268.6227905,199.3790679,396.4736664,88.42590394,274.7666039,330.9272254,494.3376462,263.1644146,315.3037535,117.3373327,477.6823564,263.7059157,310.5767867,302.5172094,222.0114569,165.7984484,344.0992124,298.7241138,193.9899387,479.6477603,230.2021088,76.96657686,173.8111355,186.9220312,498.6726898,401.6022775,394.0194542,130.3464889,82.29186205,82.96725902,303.4869433,166.6450833,254.4578335,316.6452439,454.9777564,136.6282379,374.2166295,179.8934272,154.7349111,81.27190354,869.9003921,132.1712401,405.9304377,167.351654,451.1802716,183.6887839,194.7316893,259.5160674,151.1573428,101.5428724,193.0485946,515.3696375,327.6054253,204.2463406,170.5130641,45.92958422
129,941.8219684,593.4356962,180.5500576,148.2464132,414.1189568,354.1204343,99.38835754,509.5370977,164.4487974,238.3064779,103.2882786,860.5436745,250.9921502,137.1515502,417.6427029,150.813884,198.0123689,224.4354383,212.8526183,289.7055245,92.81199903,185.8173135,130.6760538,171.3710024,75.51793225,225.301713,153.0112788,98.34742591,189.8640883,510.4208732,120.1022156,171.3341691,288.569058,239.9547389,231.37336,268.2108518,139.07042,384.7924402,139.3445031,104.0179419,372.5822042,87.24989065,98.65726489,127.6073407,252.0010625,121.5443171,102.9555349,182.8431182,137.0783204,232.0256015,134.815441,177.0133015,275.401354,186.5869001,137.8283722,308.2177934,400.8294114,152.9578631,169.8203658,125.424892,196.8698008,463.6580001,172.1522843,79.72457378,159.9050781,115.2562704,87.39304623,205.4711033,159.5523407,71.17781303,185.0328992,239.0297124,536.0608693,186.8157111,118.7220808,331.579478,220.36022,129.869843,261.0996928,236.349372,103.7019123,188.5260018,190.9169015,297.7518256,61.41422151,122.2179913,102.5665121,383.9568307,375.1528139,269.5342949,169.9334195,234.4366585,433.5040775,67.65797446,166.3316811,130.6774731,246.2601112,304.1257677,493.1493795,105.8623215,234.9900848,393.3183096,184.2968355,141.6086999,149.6420411,399.491428,140.124807,235.607758,131.8748259,87.92848196,85.96017606,235.8914272,116.6022922,372.423308,225.4698046,390.2292336,77.86539753,409.0803654,219.8786757,457.8326598,115.8526077,608.3655293,161.6918317,147.9310573,139.5262366,351.2304313,195.9273066,48.13104884,667.8543596,245.5844578,438.1042754,331.3326036,118.1126227,172.7074196,164.1314281,59.92384865,236.0848215,245.5973827,292.4783736,406.2870798,255.0157534,403.3826355,88.25998895,268.4992421,264.3286793,193.7307537,420.9185136,96.21330424,299.7989033,335.63373,488.2661059,257.8867331,309.388252,114.2422596,484.8037016,243.0575363,310.025743,322.4448258,211.7604558,174.8085831,355.246765,286.5907573,186.4203576,484.9678215,231.9487142,77.05660491,170.8886565,191.509757,468.5298082,419.4593201,408.7458394,139.0267641,85.28706088,86.16669721,297.9140384,171.9292257,249.1463871,297.1949032,452.9406312,131.9910496,408.2911082,168.6409568,164.7867782,80.0951995,859.9234654,131.9093154,410.5870289,155.1361065,488.8996844,182.7714568,194.628933,253.572184,151.85527,112.0451286,201.015376,554.0012787,350.5559095,181.4690413,166.5307744,48.85277158
130,1033.881445,575.8358658,174.3999146,156.6103907,429.4512715,344.5399177,98.91140627,485.3580108,158.6833065,227.6243458,102.8737334,842.9235778,249.2439581,129.2282836,420.7800637,149.9912213,191.7532986,218.7425216,202.6574017,274.7625779,89.67854937,175.6237157,136.5422635,175.2505344,73.30259225,215.1454171,160.2396317,109.1180315,203.1570468,491.8138974,113.5667856,176.5973393,283.8111785,234.0335111,236.5250199,286.208829,135.729591,385.9143672,158.4908855,112.0847687,371.7941661,89.77843797,98.44063505,128.3784907,270.4485371,119.8404835,103.1586714,183.3674019,144.7163998,241.6999871,135.3029422,181.1184206,293.790346,192.7022882,132.4993684,298.8516491,403.9537374,152.0554266,160.2820997,119.6572437,195.8714207,452.6523775,180.7598521,80.43254184,163.0419823,119.5810169,90.63448094,218.6237407,163.65998,73.77745219,176.6842678,240.0609777,619.7514915,173.4469324,129.9035311,340.6297512,235.4017245,123.3230261,269.8164802,211.176445,105.4871697,193.3276096,194.9312878,305.1502136,62.55779954,118.8549134,95.22904332,360.2954668,374.679253,269.3080904,168.5551428,238.4818274,474.8875663,66.00927333,167.6729035,136.9402445,242.432056,331.226642,493.9656346,114.8527278,242.8010147,414.6673197,164.9665195,143.6492551,147.536032,393.907078,140.2596538,221.3865648,121.3880562,89.99067445,96.71846786,235.1037097,121.1960653,370.7090358,222.4597561,383.1900835,77.95208528,406.3094995,232.5565589,432.3635639,105.0055401,635.1455463,153.9758366,151.8405796,153.6733217,356.1585984,224.30029,46.863979,687.887256,245.8143653,437.4439958,321.1559073,114.0892962,180.1450249,163.3223717,60.07908041,246.2594267,244.4252063,275.1792171,377.4176882,263.4915576,372.7595276,89.00800165,283.0068294,276.6689544,192.5640948,429.1779204,101.4216043,292.2412325,344.4472446,459.3035117,261.8882476,328.1377609,110.3511492,480.6080069,276.4167444,327.1399814,318.169099,212.1735091,170.3302928,347.3881291,268.2005184,193.8414239,498.8028975,234.0192244,76.3205154,151.8498239,192.8675275,452.5057091,394.0502411,411.2581355,144.6446009,82.23199978,90.65466223,301.1041503,182.2391429,243.4705104,302.0216042,474.5165701,126.2263009,446.8655787,173.1974381,155.5801711,76.65204851,827.0434393,132.347845,401.9866651,157.4118191,475.485087,172.6385466,198.5838122,249.7983781,163.0243335,112.0010831,202.0962717,526.4378677,360.2605111,199.5305551,176.458775,50.69936706
131,978.1187471,567.7528057,166.6196689,151.5943933,436.254212,360.7975849,106.9266287,483.3455978,155.732832,214.8501191,108.3300722,822.4326037,254.5473412,125.8426628,448.1071975,162.1294326,195.6336196,229.2414641,202.0607757,273.8964389,97.73759728,158.9559401,145.1670923,176.9202736,73.24931514,203.5478443,149.5874174,121.7823837,188.1512524,448.9491813,106.6217084,179.8454416,289.2751845,237.8671939,231.2715032,297.3635145,128.0954963,417.0544067,141.3683461,112.514567,365.5577275,86.33001517,88.74195754,143.8736626,273.4328658,117.9182506,120.1015428,178.0427566,148.6483907,244.8258387,127.3952829,180.058316,311.3395458,192.7935246,126.9538832,296.9166982,426.0644464,138.0030109,166.3665991,117.423257,198.9883904,452.7113617,177.8413953,73.84517207,175.7949335,124.2073812,87.01037257,238.2140444,162.4765825,71.93420586,179.9767347,245.7861639,601.1781373,173.9947438,134.1023899,357.3259467,213.0908699,124.6063468,271.3281003,214.7775999,114.9204396,193.5743845,185.5216604,304.5539272,66.46171442,114.3012516,93.60161505,368.9561384,374.5293091,275.8483454,174.3948149,230.4638401,456.2377651,71.93249374,154.0191648,142.8345251,253.9868449,338.7469902,508.5144096,114.744595,261.2108404,402.5377681,162.8035742,145.5793202,141.4027286,388.5646533,143.0754356,206.8226353,119.7002979,87.62858545,97.79578384,233.5337886,127.8445186,383.789428,255.2568471,369.6897713,75.04950452,408.6650781,235.562075,429.0046347,99.66922781,629.6859172,156.5083665,167.4913415,162.3752463,371.2708765,228.6285569,46.74976868,699.1780785,238.7257651,445.3588545,350.1999084,118.458181,186.0272734,169.8991946,59.06806396,236.4465637,230.8665046,282.0858412,354.4742184,269.8514903,364.7189939,98.40444943,298.6761631,288.8794342,191.7119523,463.6169463,93.36091001,298.4957332,348.9279661,446.1530039,243.4331916,348.3163553,117.8715446,461.6130824,279.6865838,335.4492994,332.6061996,217.0082068,187.8367042,338.5919931,259.9439993,203.6172494,465.339453,226.6701913,76.04115743,165.1393889,187.7951416,451.7587638,396.2341373,419.4265354,150.7264227,84.32042758,88.61944465,278.5386303,179.9674922,254.6822932,299.4591068,493.6459325,129.002885,466.2070181,157.40251,147.4641088,79.32548737,782.8680506,137.2353588,385.4745568,153.4487775,494.6944235,163.2203649,208.6253114,248.5853263,174.6342325,116.5589418,180.2386667,544.1072999,370.2568893,207.5629321,183.901704,55.50297848
132,969.6944696,602.1049598,166.6794141,155.8507657,441.1634042,379.5647297,104.8275912,428.6199097,149.0543,233.533867,110.5600368,933.78068,266.9485828,126.7967993,455.2779657,156.4092615,205.7133673,230.8037823,193.0052646,287.4722773,96.72600368,170.125854,150.1241026,179.1015168,67.13697909,210.1825048,144.8380049,128.2198819,205.017652,440.9193067,101.5523029,198.7733486,286.4470471,235.8868494,232.1887783,338.6690911,127.0248516,397.5652635,138.6923941,114.0007116,355.7713457,81.14117418,82.91792312,160.0061541,265.1989272,106.02719,122.7777682,209.4005887,163.5431514,244.2130847,134.6651456,186.9276466,307.1844121,199.2676546,124.6453514,306.6686806,405.6306927,126.4769504,164.9882333,119.8142277,195.6554062,455.0723383,173.1362424,70.82083152,171.0758955,129.4413376,91.61357579,239.270434,160.6673162,71.67128961,191.0268064,254.2655906,642.8817981,170.8468216,132.7059135,352.8713666,189.5894877,140.5502612,258.2635465,226.091517,107.8153634,187.7913534,197.9446096,319.0062579,66.61437764,107.1886545,82.49790826,332.8340871,398.782425,282.979974,161.6082171,234.3212525,441.221058,72.134724,154.4255093,151.275709,262.1796932,326.3561055,506.8928198,113.4161042,248.5677302,383.7080642,159.335203,154.0386134,152.4276667,376.4026525,142.9728562,213.6073538,118.7999988,87.09948743,100.4197901,230.5912666,137.4160612,428.0023092,244.8520487,384.4298787,73.36980032,426.8304406,236.7490834,437.5573234,103.0605357,600.3058045,159.0299619,164.3437593,167.4339705,356.4078324,232.7797921,50.4130749,711.7030109,222.9332849,432.2646968,351.526846,121.3709962,175.5784905,188.5857005,57.13891617,237.1418468,219.3714528,299.3426223,350.0254243,271.5914894,374.0599003,99.50474351,289.0955046,292.1432245,182.3822613,452.0206165,94.83716684,301.0544097,372.5096394,459.6775258,219.1357943,355.2101313,121.4724979,438.3975605,284.6845758,323.2692671,354.4136245,216.6548094,187.3571172,325.0253162,238.4575076,212.8820744,464.3189721,235.2806796,75.9736986,160.3915806,179.8590092,482.5735473,370.5751524,438.8566843,152.7622913,86.19560487,92.31394997,280.5003966,214.326929,266.8023616,304.7429015,496.742366,124.3634905,450.8620277,152.182431,144.0080827,79.55715163,738.8717787,134.1018995,383.5319918,156.1050783,543.6970025,155.1872484,209.5618267,262.8169537,151.7219956,121.7935463,177.583478,551.8670654,382.1075206,220.4087276,197.2942778,57.89788316
133,949.1076486,620.6784053,161.0393236,166.9428318,380.8271004,359.1401363,98.43132466,421.0684046,144.8917,215.3043992,109.1669133,975.8838553,279.2800876,128.538658,427.9487874,153.1968742,207.8481324,245.6629872,198.0223964,330.0142062,103.6940211,160.0098228,145.8581288,183.798528,62.76699162,202.9625767,149.6411669,129.168729,211.0844142,406.0742029,110.0598054,195.1457558,301.1916686,249.8071863,257.4960484,348.7350662,136.6589612,414.2564918,141.2799993,113.0143058,351.3064975,89.29759096,79.91090984,169.0568691,274.8688235,107.2191742,118.4876632,214.8543098,173.1342722,240.2286277,132.431946,186.4423298,321.4055612,201.5776552,118.709849,292.0889471,403.8440459,126.284014,163.462142,123.1893588,216.8397983,495.9724416,181.5379555,75.12078081,164.4121962,132.2303092,86.77584068,262.2012326,158.9147093,70.47172771,189.5170888,243.3415954,638.8678547,178.2391827,126.5309113,349.4733943,197.156583,136.8785561,261.9283579,232.1607025,102.0376384,202.071924,213.4952174,348.2422182,64.81124083,106.1831251,90.87241771,348.2825405,392.0847967,282.4392508,155.1434133,224.6907597,422.3948617,76.29074736,154.7190114,147.8311458,249.1099833,327.4822154,474.6173084,112.8988265,260.5508786,392.1893434,149.9434588,137.8794594,158.4463711,377.523408,146.948873,223.4820306,115.3288122,84.42652744,109.5660667,220.3979657,145.1754728,462.3130405,277.8276588,416.00849,73.01642242,405.8135953,228.1316188,426.1310856,114.3298387,581.4392091,167.219441,161.8923765,145.6088085,387.0553924,236.0887543,53.4111282,732.0783069,253.9195092,440.3363142,315.2007987,121.8557039,170.6889779,185.9798155,54.68622795,252.5096136,222.6917251,304.9681315,360.7353527,257.8824962,401.5592975,90.89862404,278.3155829,283.3584596,183.5690478,395.8115906,98.99255475,309.2068608,371.3295324,494.8317279,226.7777965,367.2809585,123.715579,384.8760754,263.4468713,300.0896039,366.4987417,204.5368571,188.2152098,317.7645492,236.9755568,207.4353302,503.8797432,246.1015767,76.19341706,175.2468562,173.9682583,510.7808487,345.0685145,419.6241116,156.6080428,87.93243083,91.10443964,261.2659438,223.6078115,297.406574,307.5026864,487.0740269,129.41454,474.3057677,146.1573996,152.1450216,79.82081537,782.1944656,137.2190894,375.094037,154.5909216,501.7014262,158.0573599,211.7568524,268.2803241,150.2673856,123.9847199,167.4471597,544.3021895,413.3245965,231.0829854,200.7506568,54.77437308
134,1021.383017,601.3934472,165.058169,153.9382631,389.0422081,373.6567701,102.6329216,392.1111851,148.1527836,208.1508671,118.8433242,969.5954411,292.7347861,130.947487,415.8145343,155.6653372,212.7671187,243.2246651,193.4794754,287.9472636,100.3287704,158.8204499,142.53134,178.531974,58.75453973,217.9523316,143.270725,128.1691842,198.8607136,396.4317083,109.6395074,192.2435465,296.2292909,258.8154577,234.0416123,350.2686035,149.9646248,442.2001921,145.6137097,113.4302628,338.379333,98.22274841,77.96317989,164.3918561,265.2826497,101.6319555,124.3584765,217.9385941,163.1306198,232.1942462,130.2581222,187.106698,345.7509877,205.7433368,118.0886305,270.2096354,388.009991,129.8187998,168.9895593,125.2756275,210.9405998,500.156591,182.6370327,72.8619653,171.3258562,135.7859752,89.8950808,269.8456621,169.7664794,70.67148449,197.7648544,248.0827255,674.0411197,164.2009037,132.3411133,341.5983371,199.2331465,141.355123,255.5230396,243.3076547,109.6941854,216.072495,230.257945,349.59715,70.44896721,105.3212403,94.68555773,361.5900555,418.5277619,301.2923244,167.1182112,223.7349794,444.4153585,72.42361262,158.8468381,158.5879074,251.7988575,333.7202212,470.376621,108.1353822,264.2463632,391.1374184,150.3167039,140.5271867,163.5518797,384.1457245,137.7840215,221.2946833,123.1568996,87.76419559,103.7271084,226.576676,145.82486,513.016535,272.7976536,426.9811104,72.52704614,426.2275031,253.0729405,435.4667089,109.9278091,537.377636,164.1626009,162.2133248,158.1101546,410.1240142,223.8833741,57.10511239,694.0480394,251.6489149,433.6715265,332.7509613,113.0243709,159.3075389,184.2687222,54.7629354,248.6532318,235.2810196,308.3918282,357.953256,248.9729778,387.521154,86.64373788,260.6849929,276.3538126,176.5856814,416.4139866,94.51272922,320.0222975,396.2963311,499.5062964,230.9036642,344.8547295,124.0199654,366.8903465,274.7532754,307.2994098,373.6826727,204.1888941,180.4766139,324.8019673,228.8895184,213.8963872,503.6796079,245.8511855,86.1466955,175.6607494,196.06751,521.288739,337.3972553,411.4402009,155.532857,99.57316215,90.99374237,229.5921503,209.8280541,306.8679723,280.8855983,496.8071884,124.2389352,484.4056295,148.0191811,150.5901726,80.49474545,751.7410063,132.2255524,346.5731182,156.4630183,482.0793841,160.9929787,201.7425447,267.3656635,153.8323566,130.89678,170.9368588,543.9096911,430.7704946,255.5037905,210.9271545,53.77752439
135,1113.513437,604.1772293,168.6596055,154.5505782,377.0586028,397.171785,111.2081266,401.4534585,151.1949717,215.6838559,120.3609002,986.6094076,293.5780429,126.5562738,471.2091844,155.764579,250.2570184,226.7999809,191.8756523,270.5025568,97.0708222,162.8286758,140.8779257,191.6782731,59.00482569,206.3767447,135.7131713,129.2345748,208.2780666,374.029542,114.1801006,193.7944911,290.7588667,246.7951908,251.4810045,371.8923384,142.7081393,450.1842739,151.4453831,112.6429694,343.4144824,98.68295556,81.3696628,161.6936063,270.2799197,100.9166422,119.6619075,231.3946642,171.1098125,238.1890612,138.6797687,180.8368344,369.8578056,190.7545731,114.72248,290.4801112,369.7820892,129.1906467,179.7763842,125.3588923,198.36991,529.7990249,174.1745161,76.90778428,175.6570243,137.4232079,87.58120593,248.7186439,171.0560808,68.84262827,196.2928605,264.6557636,665.4971051,164.1232117,130.6457408,358.4019008,205.1700109,141.0580414,246.7746041,242.2241186,108.8656016,230.5750994,247.522373,364.9193466,67.2297825,107.6812305,95.1466001,358.6460024,410.1132435,318.1392308,181.5435352,226.141635,438.0700318,75.19579772,166.249193,166.261213,249.5679412,319.1546284,453.6223559,107.9204002,271.4962942,385.3078161,153.6604636,148.3761111,174.2188275,374.4654826,144.1539423,223.3075653,116.0860157,90.06639627,116.7062295,229.7722378,148.7770584,531.2385987,276.8755543,436.9752968,71.69910709,430.5699536,247.517417,446.8120639,108.9776155,479.0227128,175.0832324,161.5318519,156.8756334,387.0811037,212.4813464,54.67506817,728.3556498,247.9725882,440.5197163,317.0820118,116.6473206,161.4526136,179.9103101,56.82934296,260.174573,234.4029408,316.2951952,323.8964949,259.5814487,384.8883099,92.06133403,260.4723258,271.0584109,188.8879187,403.0734621,97.85639065,320.4525525,396.7584327,525.5671302,216.4276352,336.887622,123.8717269,370.1695551,278.7548195,308.5513129,347.8482717,216.858004,196.5887803,333.8392663,241.4248213,216.1599778,501.1486411,244.8524189,83.85928532,156.7914227,185.970673,488.514386,350.2205619,414.7194271,165.5136151,99.72765824,90.46213643,246.1399679,200.6531197,310.5904731,282.4360436,492.8450785,116.7420891,476.8386053,141.1762551,142.2692381,84.73852257,742.0574864,125.6789816,357.1166086,145.7573925,499.81245,161.4988596,183.7811613,243.2369607,148.2382788,135.4122893,173.020464,536.0496625,446.242067,254.5422563,216.4099627,53.62090629
136,1204.22883,637.1403731,167.2591803,142.4063391,358.0067413,377.2512776,117.1666626,411.9223047,146.5471506,194.4965829,133.6000867,901.5043371,295.8730314,124.9974396,471.3125552,170.8163831,256.135809,218.5451648,184.9470174,266.4949864,99.22390182,168.6367328,160.6423893,192.1632257,54.95736282,221.803088,136.9911758,137.2888954,215.5273361,367.1322975,113.9471189,171.5612746,266.6603371,247.8259052,265.1112996,375.2030435,136.0092639,432.1792017,144.2288536,113.1520904,340.7709045,101.4511082,82.61065933,153.7947674,273.9605438,99.16662545,119.5711995,239.0177304,174.8101774,233.6860183,136.3094328,195.2948634,397.2596196,175.6911724,127.5320428,307.4645911,377.9470099,127.3989684,176.6687164,123.2087063,197.9888447,602.8794979,195.8720433,75.51536116,170.4411051,150.2882889,88.47707426,253.7243571,178.2084347,64.39388281,189.80236,245.4445416,626.2601989,167.6632989,128.34058,395.0611348,186.7719502,144.0712605,278.77176,234.4676472,109.1698054,231.362794,241.6142984,338.4792752,70.51297434,100.3076252,92.57783068,342.9399779,395.7821197,299.5984041,191.9937855,237.2558716,410.6797201,70.78614794,181.9733733,159.5971598,262.1561882,315.0262969,435.1886808,104.2757513,256.4158505,359.2980048,147.3849881,141.8162371,182.5536866,390.9976755,146.2726146,208.8145709,128.6571134,93.64058542,121.742646,230.0696075,145.903976,521.4672576,269.5888055,484.9873903,68.80738829,448.3920964,251.5418145,449.7735506,101.9198714,472.1225622,175.8045399,166.695723,147.8319249,393.8981855,206.6285518,57.16322445,765.3926635,259.8538008,417.5568566,311.2687019,125.8878541,162.8465987,190.894076,55.81404878,257.9880404,229.0993734,341.4304949,329.4270891,254.6284312,366.2000133,101.0475776,297.0745063,287.6813958,190.5222324,409.2959979,91.48491758,328.277919,357.4288571,499.6360381,211.2208874,340.2411294,128.6415453,403.6945932,317.5183702,319.2815132,342.8000993,201.4721268,195.8908212,362.4280098,230.4602512,204.7489317,513.4262413,242.6666112,85.35473627,145.0128416,189.6892386,500.711637,342.2417743,403.5990842,159.9271149,95.45470405,91.55803489,250.1974057,197.7392246,294.2905162,280.407135,469.6926368,115.3636357,487.4408843,129.0944935,142.235589,83.79315291,725.1081311,139.9229082,368.3687841,132.2878362,549.9656351,157.987052,188.66061,234.0122478,154.2220943,133.3323279,172.4199892,531.5069695,468.9315566,262.4834863,210.1817262,55.03437676
137,1150.739696,676.701034,180.0272943,152.7380361,384.8068233,375.488035,130.7796873,424.7062126,139.7707619,210.7167003,138.5847443,861.5533693,323.1894636,120.3020178,459.4764059,174.4500144,271.4517261,235.2897966,196.9029134,248.4523518,98.89016338,171.6770384,161.4475678,210.1014201,53.55998116,237.0571316,137.5977857,144.4317599,226.3963606,382.021718,116.7739497,176.0953793,294.2363008,252.2782797,276.4323763,368.2950563,137.2841923,421.6877796,147.2038924,124.662621,342.6092495,99.7939729,80.48253276,156.8304359,296.9022562,104.134814,120.8658483,255.8789561,181.9860696,245.5105209,128.8391327,181.0309058,414.9889237,164.5894612,131.1331296,307.5971967,404.624544,128.4974693,184.7380586,123.961471,207.3316623,538.3945791,200.8775052,73.48454884,173.9721847,144.2591345,92.73293072,258.0561971,179.3483976,64.03441231,179.2111892,243.4284316,672.4753812,147.3078284,135.7752066,380.294882,188.5682376,147.4241781,298.7639069,245.0132795,114.8276967,243.7991175,233.9034207,306.7547051,66.48282852,98.97473618,88.80255779,360.8200677,390.4091976,301.9413889,191.6082604,236.5978442,429.5020917,69.2085833,159.6088993,161.1918923,237.4916654,337.4988641,445.6941296,107.1938595,268.4276764,386.1252904,158.0438138,159.4509976,195.0382317,385.5503083,147.1428109,212.9137638,129.928515,94.61310741,113.1784151,235.9759985,133.376019,556.567354,261.2796359,463.2321841,70.51053446,450.2050538,262.0588149,503.3518533,98.23523112,447.6051526,159.4017317,188.8464578,151.0711729,403.1094083,225.919082,63.53766829,744.2162768,238.7456217,427.3412108,343.9991799,128.4050581,160.0527409,189.8699888,53.93561722,266.1350931,250.8775059,317.7244402,346.1892895,253.7442221,371.9076516,103.2160556,299.0198158,303.7327732,195.0777536,418.6897336,95.33136832,326.2592493,368.2138801,479.3107037,210.4702064,350.4610355,123.637656,419.5385407,300.441442,344.4840955,356.4557538,192.3148095,185.5309095,367.8866129,241.1781654,196.9365583,521.9071616,246.7567147,82.6243132,140.7544346,170.0035755,505.8762077,341.1339664,427.5414777,163.1195568,99.18979514,93.01277094,235.1410893,204.1469583,299.5005125,258.1402778,445.0283397,115.9421724,494.2731815,124.6932033,145.4427456,83.24230588,695.6771686,125.9045382,385.8847728,136.4803378,620.3696341,162.8065271,172.4823395,262.1760013,164.6845255,134.0500469,173.1560765,513.1010285,494.0422879,288.6371215,217.5041509,58.30456667
138,1216.783095,747.2037437,176.3089894,144.627377,390.5342462,353.4677621,141.5470854,447.7989033,151.5063771,233.4525719,143.1653807,822.3960066,309.8131868,130.4026191,438.3934657,167.2659108,266.2120238,233.6611723,199.464362,255.3845832,97.00873734,180.5119497,154.9990795,200.0065137,53.16721418,262.6602394,145.8350219,140.5249767,233.9813542,379.1600466,110.8626949,179.0726829,298.7733048,246.3020779,297.539454,381.6614325,135.6389258,409.7467714,142.5414039,123.5320496,337.0675594,92.72863368,80.87683148,149.9929653,287.0863998,115.4171264,117.4909875,233.151186,180.7096054,253.8006624,118.6996432,203.4835741,407.3276495,166.3720452,137.6021099,294.1667212,408.1450945,130.9228736,187.1610506,138.150808,225.4618771,563.2976558,194.7211287,77.98310708,159.3242037,145.6989647,91.25980114,254.2739295,178.4560319,62.96648465,176.0105764,228.8476881,697.5267216,151.6109344,132.3820172,387.3951317,175.2121564,152.7217157,304.6015263,227.5698661,113.1590095,251.068689,243.7342413,309.8004194,67.55190428,103.7440409,92.18764807,357.2006009,378.940038,287.3710054,190.6746169,252.9901728,402.0336945,68.98631038,151.2470697,161.6926781,224.3478155,343.8226613,445.3831942,96.72809789,280.265287,385.6973067,163.3310644,160.8766804,183.8369358,391.0065879,152.409025,204.7466094,125.0932521,103.5133968,119.4090815,261.8269174,137.806477,571.6912655,260.9387837,453.7153876,72.92128431,524.792054,245.189855,420.5765891,99.28119933,446.2010334,165.2784445,196.4920419,152.005987,395.1422521,234.9858855,66.41004302,785.7191865,231.2327526,413.6490635,347.8865776,121.3166356,171.1346345,181.6499898,53.74766573,247.3055622,246.9843385,324.1711499,384.1872298,249.8334493,346.7720496,102.177564,308.6097301,316.5208401,195.9918464,408.9690229,102.9583279,341.3466964,355.5807224,456.6783862,228.5590149,358.361171,130.7367949,425.715364,303.7426041,390.812964,362.5003263,187.4019866,184.6719282,388.5882114,241.2471084,205.6293995,517.7359011,232.9673452,80.70610814,160.8146732,170.9092228,471.6534849,347.9813365,406.8001595,161.9923701,102.1678419,92.0977801,251.0876172,222.2795056,289.3586358,255.6326624,430.7378237,107.4171171,499.8552528,125.9643126,142.0586108,83.65662874,727.3354,112.5183422,409.5266386,128.5812263,671.5063054,162.7294798,177.912461,268.534722,160.7277055,128.0169611,180.7456316,533.7827475,462.6137599,300.0834628,243.5858997,53.9620339
139,1238.281514,725.4339718,165.7837696,142.6313695,399.2911804,321.437746,146.2130113,469.3259875,156.5921325,226.2556849,140.3936972,761.3945661,299.7713773,137.895647,483.5595801,175.9565314,256.0904005,225.8747946,186.3712479,247.4837912,97.94443903,188.9482576,143.2342088,213.2608462,56.5535785,262.9571858,146.3994399,133.896156,226.5553179,407.8497594,106.5405563,176.2004322,309.7976051,240.0024679,288.8480255,354.6922633,136.1949402,390.296658,152.7337712,131.8842115,345.4764476,96.82960211,85.61383962,149.3626983,293.6660656,113.8519823,122.7407787,236.0467007,177.2422109,254.8606355,118.3628038,230.1766271,380.192803,176.8307604,146.0674224,301.1034512,417.2051514,135.8345257,174.9079695,129.9345558,212.0771264,564.6970723,192.5774074,75.32764336,166.3349978,143.0520385,94.00998267,241.9691356,178.0230061,60.62389857,177.8605336,243.9761005,651.9144059,146.9866145,120.7573003,370.2369781,177.4713066,148.3888568,346.3022216,229.0043024,108.2549377,274.3917539,241.9325101,325.9797864,62.56231972,109.2646006,89.98055975,384.2200917,349.3043756,266.1943234,204.1748101,237.9025717,441.8521915,75.49304528,137.9122408,153.2385454,224.0734964,373.0755086,432.2686595,99.22819696,279.8735952,364.2778172,152.9707349,164.7585635,174.4710456,374.7659603,151.1268339,185.8130229,148.0871587,106.2910246,125.9223462,249.8004698,143.6498972,620.7291227,264.4694318,472.7194779,73.20138922,548.627434,248.2327539,383.7012062,97.81597115,462.3188113,171.7809315,223.510257,157.2033599,386.118261,241.476568,65.63250875,806.4442013,230.1669401,390.6723107,374.7939892,129.9401118,172.6640797,179.1856795,52.61566129,246.8696965,229.5828583,326.0506367,409.3029664,239.3338844,351.5301631,100.8599389,335.5088945,312.7506668,214.9744435,430.6257458,88.79379007,352.7220862,412.716084,473.8274533,231.8503088,359.3351865,126.5089176,435.5941603,323.1501918,385.630261,402.6735458,176.0273959,177.6143426,348.309474,245.861813,187.6684947,505.1357576,227.1057671,77.49666263,151.8286039,170.5727366,494.2439147,364.9654903,411.2486951,176.1279819,109.6482647,93.06671063,230.5798557,214.7966643,314.4776969,258.3118305,431.1355961,112.7406283,517.1834841,133.3102192,139.4202048,89.93723351,686.1573191,111.502288,421.0221803,140.8345288,704.7499631,164.1187339,167.2642132,255.5947182,164.3895877,131.0278086,185.6736426,566.9391016,490.0705053,298.3206888,271.5349922,51.31472068
140,1320.491271,770.463471,176.0031054,148.5101826,398.2647881,312.8207402,147.372504,514.4970168,152.5966846,222.4455206,146.457028,739.5959471,311.4282663,150.640524,556.7102499,172.8821502,259.2987978,227.6764932,200.2789789,247.1510561,103.0061136,198.8761237,140.5081927,231.9681193,62.36437347,271.6496806,140.7097831,125.5713306,226.3308687,374.4106167,101.1598397,163.230275,343.5437736,238.1969756,287.0426462,363.6458864,126.0918026,346.278565,159.6637894,135.0345021,391.5887159,91.7113196,91.04596065,149.3171958,291.5400288,116.9376142,124.6825838,244.2768755,188.347569,254.6624818,127.9018784,243.329964,379.264688,173.5632898,149.6955968,294.8403491,419.3581651,139.7011887,181.729897,132.9269242,222.254645,548.9727704,210.7981575,76.26106768,153.5527632,141.4007951,100.4138716,248.1444294,188.0891849,58.71007268,178.8145771,221.8920205,671.2820853,148.377601,116.8678378,364.9598438,177.5454062,146.7396342,358.0633889,222.1458994,109.7407968,274.0283989,265.7778697,306.2301125,68.89297354,103.4054546,86.84795859,359.2728392,365.1299677,269.5134374,217.1059001,231.9564224,449.9722399,78.01138866,140.4753826,152.2620887,225.8259845,393.2258653,427.5480772,101.6823286,276.6138441,348.404721,143.4577609,169.3467261,168.2951706,360.3181154,144.2910082,203.6516628,149.5694389,111.9518893,121.4084591,247.7076302,149.223038,707.0820448,263.1307637,467.6770106,69.54140926,603.3148327,257.9479548,349.2476949,108.900473,475.2949062,170.3947113,205.0832756,161.9980643,386.456924,229.1167417,65.81485129,842.7760624,211.0960094,463.6986249,391.0592579,121.5820243,169.251425,180.2689537,51.62355353,221.6071919,241.0424251,317.5756864,420.8676035,244.8372647,364.3004215,101.7928749,359.7576821,302.0712242,206.0662842,435.4486476,86.91247347,360.3975934,433.0622421,470.7454739,211.4818158,359.6405252,129.3040406,441.4488213,307.7125654,393.7751341,386.5452478,165.867417,177.786094,372.3983301,243.8826136,208.3586252,528.066081,238.8725225,78.32219624,157.4749114,163.7041538,500.4337473,333.1210262,417.4873811,178.1934324,108.8119695,89.03372362,242.4961783,203.39572,307.0769015,237.5076649,433.7630923,114.8260032,511.4799291,133.2822498,148.9559649,96.02185727,666.9176634,113.0357035,416.9618124,131.398183,703.2678727,153.9794257,177.32277,251.6677347,168.6157717,131.3875015,179.3282743,569.6240269,526.7323886,319.3738034,261.0897064,50.35270116
141,1273.870881,789.2794641,175.7888099,155.902903,394.6545637,296.757707,150.3021264,497.9168806,149.2374168,223.8943033,165.222871,645.0671122,304.147728,145.7789091,571.2757168,179.5155559,249.2357308,228.6405852,202.1568681,253.8442697,108.8236619,209.629798,153.1400964,227.9999955,67.47018984,244.1750354,145.3591301,120.5198341,242.2608276,371.6002766,100.5343166,159.708547,344.4796285,236.7342149,289.2290262,377.282134,134.140426,372.2820728,146.3742218,132.7054078,405.1389573,83.48558787,94.01702813,147.83758,298.7976744,111.4903649,124.9712478,250.4645373,186.8308094,265.7427546,117.7443178,239.3660494,374.9877868,193.5924018,155.5171013,302.9661802,404.9253712,135.2840905,174.8493539,126.3721088,224.1744713,499.8123622,204.0008086,74.34141654,159.5426695,140.3467714,97.37567994,231.4721005,201.9640104,57.62970148,180.6112287,225.3956671,713.9461138,157.6300687,114.4822988,347.6823114,167.0483694,151.2547034,326.6701274,217.8560804,113.7138256,280.0789616,270.2744476,278.4573711,69.10306865,116.8370649,80.29203491,360.1069026,358.7946388,243.2539823,223.9763096,246.1672651,479.81074,77.06066384,136.6747324,154.4124347,224.3159456,359.8703064,424.5246926,104.0705178,266.0957323,356.1059865,146.8121165,181.1299914,154.2941927,376.908324,126.2368085,195.9711627,147.7697982,112.4809445,123.680314,240.2271667,163.4044824,720.821305,261.0475584,476.7050889,70.6565421,643.0002123,244.9777249,386.0104943,102.677193,472.0805646,180.3190378,225.8346716,155.9269783,372.23089,222.7628903,65.51489743,809.3064423,205.165874,461.7517873,410.1407311,116.0279842,160.8472179,183.8398503,51.77972986,218.7078989,227.0185295,289.388014,438.6226996,274.8901616,365.4066008,108.8123731,362.8131216,317.3193772,210.9601974,405.119414,73.37977713,369.8189281,436.1688334,427.5129402,208.9097282,345.4663476,126.9632665,453.407673,302.1334705,398.8871653,432.649608,148.9083382,178.0360875,340.577913,253.3867494,213.9221215,512.537281,251.5252559,93.94808531,170.3408846,151.4514015,494.1936101,335.7558643,392.8654028,171.1844411,108.0022777,91.66596631,255.8421273,212.7352638,309.9597834,233.542882,446.8094785,116.7686073,502.8633584,128.5929737,155.9313216,97.66865157,771.84541,136.680323,397.0096717,133.4789927,685.248101,158.7701505,170.5497769,238.4186657,181.1472442,126.6997508,188.0944694,563.3500029,525.9126069,324.4064658,261.5945853,51.49664764
142,1316.769931,814.7706419,180.5873185,173.6291191,417.2813748,313.6329859,148.7399532,533.2048616,156.8226827,222.2705562,169.411341,732.9429787,308.855058,152.7428338,551.4959899,190.7381166,252.774128,246.0311536,198.0451393,257.8521218,107.2781301,211.2288794,141.7112802,240.6324208,63.16594343,245.7536115,152.3666104,123.495924,262.3175887,367.8576583,95.35525773,147.9436655,367.8935149,222.1578742,295.1556544,344.1158271,138.8055378,416.7140003,159.9598918,132.677744,430.4448505,78.28445758,93.49594204,142.0896643,280.5451414,108.9171134,116.3542188,251.7308108,182.4020498,279.940962,118.9079649,251.4982685,355.2630428,195.333078,162.3515845,337.6412229,410.8404558,139.0980159,180.6140658,126.764564,233.2701956,478.8185098,214.7173497,79.41360261,165.5715355,141.1993415,103.1365428,239.4314398,208.0391476,57.96775359,181.8041938,222.1758081,673.2960962,149.9124858,115.247092,337.6197451,158.9872099,146.0895312,364.0041772,207.396372,116.4494315,274.1507984,287.1853903,261.1274387,67.82502502,113.7794371,83.309349,387.0596289,363.9780103,245.5076189,223.3923567,210.4227076,483.7297553,86.68825781,136.3154872,151.7811608,221.1708125,377.4272972,406.185856,114.7736572,266.7730767,355.0460491,153.273003,167.3472282,152.6849672,401.3528994,125.6614658,213.2669141,158.6403824,109.3692666,127.5535678,247.400139,161.0601831,687.2215295,263.6182442,504.8624529,78.50953308,644.3184462,236.4573738,384.5070594,108.3700574,448.6234928,179.1392331,241.4347277,167.1025583,423.7312618,221.2062456,65.21466451,830.0277227,208.6525293,496.943888,428.5462582,108.0074272,163.15433,186.1036533,49.63895916,206.2951041,218.9636939,280.3774889,412.3508285,284.6343739,366.0023364,118.1384176,402.8086772,330.6675885,202.8338783,388.3839408,73.30482541,411.1099378,476.2339803,438.0343434,214.9513114,342.5211261,143.3900963,511.1746453,309.2517432,392.2538175,437.402293,148.7223178,173.1425683,342.2437237,251.5371501,208.0639921,494.5289904,237.6992835,104.3651883,166.4502085,160.1072594,529.6780009,324.8167498,389.7001184,168.003241,107.5795503,90.47676117,251.4298079,219.8746754,314.6494259,252.8759259,400.3417241,117.3607252,505.7759151,129.0086274,183.5208201,102.3876617,775.3704441,130.2271931,403.5623919,146.9929818,727.0839253,167.6369135,184.0590122,259.7010418,185.6699637,126.7885765,194.3990572,602.2364604,549.0060888,295.6978589,266.9503402,48.40642624
143,1378.577796,854.2421699,174.0595232,173.6235469,432.724216,310.612682,156.4799167,544.7921744,159.456053,238.519803,159.6903072,706.4194319,328.6300716,147.1398375,627.0359632,200.4911553,235.3492638,238.7827151,208.4469929,283.0075866,107.6776757,219.0456244,145.4241732,246.0470222,68.33402005,258.0589275,146.9599748,131.937902,261.018712,363.6083112,98.94215351,152.6986112,368.3833307,213.3961052,302.4202612,322.6358559,137.6049682,408.2802975,165.180406,132.392553,427.1018734,84.76924789,107.4134109,132.2777649,283.229317,100.0404855,119.8941285,250.1347303,166.8272323,278.1330132,110.2782428,277.1533766,355.433899,196.4470881,163.1234514,346.5479585,450.4448654,139.185874,170.1493178,122.6391909,234.4780891,475.8472489,194.0417023,78.04732826,158.9097632,141.8510094,113.5963046,245.8134478,197.0720621,61.77172782,176.3002519,213.0579333,611.187613,154.0108952,106.6032154,371.26731,154.1089164,132.9637298,345.922934,203.6637935,116.2633049,296.0685746,285.9737276,254.8296028,67.93020954,119.1873526,85.29956153,365.8437078,381.246752,251.2679095,236.6896308,215.155828,474.0700311,84.53897473,131.1541668,161.6810823,228.8061308,388.3793178,391.2350617,113.6941137,296.9497572,350.7674791,155.0173226,184.547072,163.4818272,393.739729,122.5757268,230.5730627,165.1384118,108.907146,128.1248569,237.6455769,170.61289,675.6307873,238.9932305,527.5317418,77.52796294,650.3516655,234.3088529,371.4009908,108.0599687,449.5839324,169.9429136,267.6276364,181.6244771,445.3113246,224.2968301,73.45233368,861.3087275,241.9998195,486.2816917,467.3081915,109.4896191,176.2043708,198.6713212,50.30838094,203.1209043,209.7653755,299.0599536,377.0300048,286.7826203,351.2078694,121.8639763,373.5919493,326.1198369,201.5850102,411.4816219,75.74232446,421.3319,439.2804095,422.9107405,226.4419766,329.6561391,149.3532843,560.8152887,305.518918,377.7897102,462.0692681,170.5857254,181.7171093,337.2848851,246.2631044,217.0656769,470.3227042,241.0533396,107.8890162,162.6474345,161.5416059,519.3063588,313.0043129,388.4453577,157.0707496,109.6720343,88.28895287,237.1891517,216.3027331,296.9020069,258.4510821,395.2645805,118.1550957,487.2924424,138.0200248,182.6243115,99.439902,763.9024466,126.2159288,441.9438648,141.5172623,742.3969904,157.6623538,181.2803122,256.9781232,181.6763691,133.7942437,192.6541991,608.0599877,533.3230326,299.7388638,276.5375227,45.62190831
144,1380.953163,916.5133543,171.2139342,180.3249778,426.7948117,315.3845085,147.9518806,530.9613119,171.5436555,259.0215179,168.1106883,765.3372359,332.0194092,144.3336154,541.8766213,195.6278369,229.3306114,238.5013872,196.1020997,282.0395383,111.6278759,218.9523096,137.5083427,241.8000283,68.65584474,243.3574395,140.9193188,135.8607529,278.3658573,342.8462738,102.8685495,163.8947398,338.3879356,206.2858638,303.3570507,322.7862051,137.3340786,406.0244874,188.0801175,135.6564447,466.2163254,85.51013216,107.6992928,124.6054246,290.1530981,100.0617619,124.0864967,254.7513259,170.3708395,248.0209606,105.8072151,271.0394417,363.7318729,199.8317089,173.9918117,351.3140423,470.2510553,143.4271304,171.8620136,120.4627199,237.3206199,454.6924436,199.0144399,89.54154763,151.1076058,137.9501615,111.9364687,232.8482846,229.4139107,58.14686651,193.8420303,206.470971,576.9116771,157.5856866,104.229707,368.5772368,153.3716442,136.9828744,364.6730538,208.7686933,117.7365256,307.5861542,284.3684572,262.8674157,67.9578223,120.8313422,93.25483386,405.6898628,416.3325414,256.0586623,213.70315,212.7663958,439.1238209,80.77801664,126.0736032,158.8857325,233.8124968,416.5479277,373.350167,105.3836058,327.0574358,372.2517306,153.3064844,189.5800783,162.9951709,378.1971758,120.4408884,238.574299,147.7969722,110.536742,114.6692547,254.4430661,168.8841216,759.52896,222.782361,560.2513426,85.15580401,618.1027604,215.2505961,379.7766918,97.90716109,454.9201582,170.5782522,275.950971,190.3437321,466.8304751,204.9439523,75.8678172,841.368129,241.2414577,477.3486926,458.6618913,111.2321642,180.4007738,177.9053037,48.69173746,205.028847,214.2308468,295.3422376,374.797049,281.7446104,390.0195254,114.7882388,351.8386774,326.5755534,203.1662851,425.3607769,69.34049077,436.4460714,450.2797446,431.5242712,224.6743255,336.4954291,158.6675124,593.9762789,322.9793074,378.5873034,459.1834097,167.4255427,177.4590223,372.7295724,245.9583677,225.2307939,453.9913202,250.0853624,108.1681923,167.7161566,157.5672419,491.3088686,302.3052144,396.393679,146.5074502,111.6269379,85.85885868,242.9278375,213.7325448,294.8740753,236.9740882,395.4191885,114.6727282,501.0896377,143.0391296,171.2376978,98.65203494,761.6877602,130.5195504,431.1565133,139.8669612,810.7089128,164.4546133,183.6084627,266.2338085,182.9714249,129.7908062,189.3241691,594.8341079,526.6070349,313.3773223,270.3537366,46.43059322
145,1373.313119,855.9118811,169.9550606,168.0941688,426.6569184,298.8064094,144.8016787,516.1750116,161.0443916,262.0343874,172.3599921,814.9793559,312.3429448,143.4436488,510.1666744,189.1190449,231.8723923,241.7853271,210.4309693,281.1293607,123.5342494,237.4749846,139.3177356,231.0878851,74.33757927,236.3196617,149.9781524,140.1385879,262.1384573,333.9047289,95.29723652,178.9617579,340.7303879,193.1817629,298.3635844,299.5063589,131.9725798,464.4482917,193.6914359,144.0459863,513.675453,89.0907405,99.2699012,131.1321291,258.0318108,106.7239206,126.0512143,253.210209,172.0250542,249.8756296,113.672423,276.089769,374.0938217,209.1384127,180.6400318,337.0751722,459.4902677,154.1377465,173.3856806,119.5334839,256.2895782,460.298948,215.7077551,88.11743311,150.3978551,139.6408738,101.8646585,242.0523972,243.7239696,55.73257746,194.7879072,222.0199611,613.7019901,155.8828331,111.7259181,364.5872375,151.0590151,142.9093924,358.258402,223.4693984,112.4066618,303.7023984,270.6190989,256.3484006,67.39046961,127.6965428,94.52171886,388.9132761,399.2359978,244.0535901,199.3649593,194.1641109,434.2132009,81.82747023,138.3862729,144.8632626,235.109742,442.1479864,401.8376819,104.1225572,300.3754407,361.4782437,170.5317846,167.6421786,159.3737743,346.2563456,137.5939401,231.2573928,157.8280339,111.3103096,126.1148093,264.5516795,165.0499105,698.8539178,264.1608832,619.3326584,85.65004923,696.6127746,194.4702641,365.1466096,91.19102147,460.6276068,175.780965,273.311944,208.4551228,416.3621661,191.4815697,67.43152647,811.5508702,244.2283149,497.4288767,490.3858007,107.5945166,173.5211722,168.8165317,49.65078118,198.0916834,222.460563,280.7643845,396.5923503,290.0148798,398.9015698,113.825893,342.6256664,315.553416,199.5755825,478.0946942,75.06184459,416.8396764,418.1188495,390.7308011,206.1556795,333.0232701,158.8245492,644.8348457,340.8461553,372.1401036,464.4227947,168.0979037,169.4459151,353.9273033,239.7258934,235.0886963,458.3608849,246.3431003,106.2803931,166.6640529,153.2077682,533.4396391,305.4673323,368.9284678,149.7718383,100.1591244,90.15671658,228.2315427,221.9921336,285.7150091,253.9588278,395.573705,119.3072723,487.5505211,129.4658344,174.3163275,95.15898528,757.9993873,132.7901054,411.680306,137.432906,814.3850521,162.9097554,175.7757024,261.0514645,181.4094191,119.8953469,195.6487239,547.6386642,588.7310893,275.9820049,274.0865351,45.85530009
146,1415.170149,851.0837588,170.6867538,177.2592376,409.7403818,282.0611195,139.906254,540.6751713,163.8391445,232.5844467,179.8464331,889.6145838,322.8710421,167.3483102,491.2347153,198.7997327,246.0817075,251.6865761,206.6598774,287.3873532,123.9030135,254.1466892,137.3056442,232.9695575,73.49689881,224.0477,137.6467273,146.7976059,262.2466966,358.0230669,100.3284963,185.3645408,346.4423586,186.1104055,336.7717379,303.9384139,147.9981012,456.720922,197.0857186,128.724394,511.5795741,92.32699784,98.39110883,131.2960313,265.7791059,111.691626,116.3692376,256.3485762,170.773124,272.8777684,108.2546272,262.4647804,379.8923708,224.5028169,176.4353429,339.6334501,454.8721068,138.7559724,179.3494667,116.9638323,258.6964145,461.1398558,208.1758888,84.05063527,153.7464648,156.9546367,100.9015671,244.7392743,244.4101568,55.48211015,212.6196965,218.5952748,663.8436943,154.6235014,119.9804018,345.2197636,158.267836,135.6708733,353.2024561,203.5660268,109.9289966,326.7940439,246.5515433,262.9251311,70.04184084,117.3193434,92.59480563,392.2103809,411.8582846,220.2169435,187.716072,186.6016366,449.0853973,78.45907443,152.6754909,155.0037964,239.3138956,451.5930387,383.65549,109.524588,279.5621232,365.555945,179.3181986,155.4055156,155.7269582,379.4448002,143.7262011,226.6907562,155.9899183,110.4479846,131.9802612,268.9962278,169.7953144,699.0282832,253.486588,593.3490663,86.54623173,704.6867486,192.315796,362.9458414,96.33200912,432.8224486,183.8832455,295.7850632,210.3237518,442.3280639,196.7960181,69.0851321,866.9089324,259.3915551,483.6355881,497.1306595,118.7785111,190.2844567,166.2831151,46.93353528,186.067616,212.7128435,262.4811262,369.7092525,291.6306459,417.8249502,107.7801771,316.3468726,298.3184602,210.1927034,441.2909625,81.80991346,419.1233734,419.1087421,395.5690628,209.7694547,348.5405875,158.0191165,650.5762753,330.7906852,411.8377371,452.9971047,170.0644109,176.7957933,327.2230188,252.2511137,225.6011776,455.5897484,236.3398768,109.5535084,182.6722388,157.1131602,490.9938877,300.3614216,387.4976741,158.0509081,98.33539142,97.70047112,219.2489396,205.5612363,280.2806127,231.303517,358.6246411,130.3598426,452.0380514,122.2750216,173.4011301,104.2073895,732.5242826,131.2127645,441.6490214,145.8156136,791.8267691,149.2586331,173.7702312,271.6217493,182.7501425,117.9233512,204.9983366,533.6506087,567.4104438,274.6849285,287.6895764,48.48312523
147,1487.69358,848.3005766,169.4058612,191.3427647,423.9026769,263.6301939,147.8451103,546.0389988,155.5786365,225.0007878,197.6723216,933.4800066,328.1848801,164.6131321,494.7801126,198.862028,271.3797097,236.9682646,193.7059408,268.9317268,126.6240391,218.8811472,130.2223867,245.6233746,70.989365,209.9529431,144.7302657,152.0531988,247.1137874,374.71689,97.50373716,194.1377717,358.2727566,186.3196865,345.6291349,294.173787,151.2915223,446.4475037,186.6580678,133.2603453,517.9191265,100.4147686,104.0197097,134.7874958,271.0742618,118.0026591,114.7857285,263.3884221,171.5136354,282.1117857,100.3828423,269.4161213,384.7357853,229.5233923,184.8510569,361.709948,478.3894019,145.5946291,171.6544477,111.544229,261.8905775,442.6992106,207.5380228,86.50919625,142.3919467,167.247054,101.6950152,233.8337881,236.4837268,56.12384318,211.5223652,240.6711926,627.8469708,162.3851861,118.7775771,310.0128309,159.902591,133.3811329,339.0451595,212.1842589,103.0973786,304.3973035,223.3848233,245.4409364,62.62234494,120.09944,81.54961972,426.7003188,450.5194678,213.4847401,201.4131246,193.0463851,470.1447737,71.80836951,146.8382678,158.2385977,229.5294026,434.9008484,382.5783949,116.9492363,276.5023132,378.1074414,181.149299,149.9640178,159.1737031,380.8175105,131.9530916,229.8593232,168.3090304,108.2369573,134.6776819,274.6960252,175.6037551,630.6890593,233.7725088,645.1723107,81.91615335,646.6268677,181.6202826,343.4906946,103.9186505,453.1567595,190.7229124,302.1526908,192.9119121,452.2402609,206.6790431,74.59378017,757.5242005,257.0392269,457.4395587,540.6273191,121.3018664,178.2061508,154.0881219,52.68218401,191.9345683,196.0701957,260.7899733,403.0401799,300.2147336,435.2127202,105.2691479,323.2251149,300.2814152,209.5648905,409.7821717,78.01178593,415.0144084,440.5911601,396.6128267,218.6607748,335.1863831,150.4545327,676.4504773,334.3853155,447.3356068,466.5752837,162.6246522,184.2947068,337.3241902,278.7239834,245.6105608,443.0499616,239.1774316,104.229915,186.1635262,157.1906828,479.0865233,309.9828062,385.9517568,166.9505267,93.22350532,107.056559,230.6532671,199.1342588,288.9780934,253.250885,381.1851122,142.1723271,466.4911956,110.7543566,177.6840154,104.2817417,712.2426872,132.0096444,421.272649,155.2931619,755.6527929,149.6403782,185.2064844,287.2215803,186.7488625,135.2170977,198.3955192,554.0864681,542.6236248,274.4465803,283.2981821,48.15507741
148,1382.778488,836.1858111,175.7757653,181.616526,423.929424,270.2510475,132.1244614,599.6354557,154.647117,220.3780269,198.6532877,933.5034073,340.0722719,157.9901617,535.5856886,194.7707215,297.3277304,240.9299177,200.9216548,241.9247316,130.1880169,200.2028777,125.8304426,229.3741095,67.67448222,215.3592197,153.9287096,148.4337711,266.8919392,402.3092925,96.76768,185.1600063,381.8221731,171.6065968,367.3841188,315.0906843,167.0118804,484.8275306,195.9357342,123.8484879,536.0984364,98.99709773,107.1667599,143.2318471,282.3299732,120.1889554,108.9316976,239.5528849,173.2361135,292.5332364,105.4696528,277.5184651,427.7677246,224.3697243,208.0521332,363.6891345,491.0338144,140.7564475,175.1187758,101.9624879,284.4694011,449.9444513,206.3994008,89.9255943,147.9914075,163.678268,109.3773396,233.0262049,266.3755821,55.87122702,227.9300156,250.8515545,644.8468307,160.8463753,109.1351091,296.1055327,166.1597269,137.1710925,315.5024986,201.8778193,102.2882244,331.6367232,228.7514627,263.3702101,65.32045799,128.6305486,71.05422393,438.3957643,474.8043489,227.3354605,193.8431273,201.4916009,466.3201177,66.54280513,153.6548082,162.2805212,214.7393595,405.0166052,405.5736474,114.1382867,245.5797095,352.7678286,184.6011152,156.3439497,160.3508015,385.7529326,141.2080808,237.7355725,172.3497498,110.0801766,136.5304289,289.6654684,172.6803058,670.4044404,221.5526465,682.0115775,88.86802488,716.8758428,184.0059539,323.2124094,112.4214633,514.7931646,192.6783627,305.3058972,177.6939331,485.3382316,205.4992044,73.34590248,850.6425805,285.6165104,469.9212578,577.9689358,126.1223181,176.8088338,154.3593763,51.19540007,183.2335643,195.8362234,294.9671407,423.4177694,313.1931617,470.9168972,107.6442409,326.9582378,276.455165,202.1419318,438.1293983,83.73242314,390.6125301,451.8020898,390.7516801,232.5231183,334.8220405,139.6424358,619.9011803,355.78593,417.2713754,506.9777402,178.6414574,180.2154867,349.7565606,296.0416273,249.5854437,421.0079347,235.0367886,99.73974232,202.5712859,166.9718456,492.6609869,297.803593,362.4874279,166.3625443,94.66706237,105.5745192,215.1877569,205.5824778,301.0048109,241.1629291,364.3036097,144.2296556,491.3820657,113.7877475,175.5410204,97.78458143,715.5547343,134.6933349,435.8900163,145.5641826,828.9437021,143.5945689,176.4945678,297.4538607,179.844983,142.508911,196.5150909,603.7196951,581.0730073,262.0562022,292.4414377,47.72923588
149,1446.341477,825.8540059,177.2701501,172.628875,428.725038,307.4354422,126.0099574,652.7973385,163.0444436,232.4329233,226.4734323,891.4463688,348.6891214,160.2311815,522.5363614,202.2732062,313.0050456,234.3335209,201.0067477,246.782331,139.1034975,215.3874833,128.7431506,232.81673,64.85289851,223.2973263,153.1737021,162.3884476,291.9827288,441.5142222,97.73784024,194.4020598,382.1774359,172.792145,368.8021689,312.6426366,180.7502529,515.9627333,184.5216711,122.0100671,538.9447934,108.6425369,108.9359049,132.8500244,297.2755066,127.2892026,106.032551,250.2584372,170.6694692,313.4146917,111.0745978,285.9688095,439.7907112,212.3681791,229.7756387,330.7046645,517.1443585,149.1499984,176.1572505,92.44944829,282.5863576,453.0653305,204.6016171,92.64005072,148.2480017,173.8183376,122.8871247,231.5677775,269.6865262,54.11035401,246.5112544,270.2017987,585.2956827,160.2570836,111.6158626,307.3255104,174.4708252,141.4185062,319.2202377,207.8388266,94.40492676,338.1487733,211.4311915,262.1047354,70.7793727,127.8847098,69.7643622,425.7341367,525.3363057,226.7700478,183.9866967,220.3685305,487.1338842,71.37263903,149.5566611,168.9838812,224.7812455,412.0329197,380.3042934,115.8102903,242.4461005,361.8046207,177.7379242,149.5196535,158.928914,380.4466479,134.2366356,250.9580907,168.5481812,106.7613822,146.7969574,306.6782687,183.5441029,672.5090262,232.2708342,655.448956,90.96676346,685.8851265,181.4266684,335.0599327,115.9233631,506.3460768,190.7519158,313.6872027,182.5231057,490.9971127,212.4844499,76.42463446,906.4645663,287.5647225,464.063387,591.2315118,133.7417993,177.543552,155.6352169,50.39824945,198.5777353,192.0785358,297.5367339,440.5003015,357.0863811,446.6221118,103.9971105,331.5964772,263.5164115,188.082804,425.2998323,85.41112701,433.4532599,457.5941722,393.6569787,231.775207,336.0006731,144.0894635,567.5620838,350.8585433,463.4830268,502.0628804,182.6666157,199.2733962,372.334706,277.372626,263.7019634,391.5807758,237.0607757,95.20216475,215.5351055,166.1515193,521.9712105,285.8250272,376.6175799,171.8360162,99.63673848,106.2416298,234.1800245,200.7700782,296.7101657,244.7380477,343.194273,137.3690505,511.7145741,110.9213945,182.2249048,96.54185801,668.8596718,135.8336287,453.186796,143.9239921,904.2845822,148.6081913,165.8654674,296.2609883,169.4855719,139.1661948,190.2449385,598.7072718,732.6591005,276.9811361,290.3144515,45.4400148
150,1485.554132,825.380758,177.9373167,171.0252457,457.3895297,296.7851248,123.3254459,655.4068378,165.9837162,224.6233243,221.0584242,931.9207299,339.9594954,155.7630057,572.8944757,206.4271131,340.8297978,229.2187743,186.9798648,231.1248385,151.2706815,227.8621944,140.0737574,232.3024863,67.15343488,234.753668,153.1865374,154.5889595,293.194362,477.1979225,95.78854226,196.0337678,385.6936395,166.5950234,350.1270296,315.5499251,168.0964602,483.9106296,177.6239653,125.9226344,579.1003705,106.8900247,110.4757382,132.6358576,329.3041736,124.3407156,103.7245849,248.8959085,171.1323631,333.394047,112.3178642,303.5887324,390.2542954,207.0101109,233.5191176,349.7936389,535.1779438,165.1856733,184.6589052,96.9114885,305.1654632,411.9584897,213.3863644,98.97313588,145.1544124,190.4080099,131.2538264,237.3663319,271.6066547,54.6668986,239.3249518,284.2251854,573.5328234,159.0249404,110.1958638,323.9537977,155.2955651,138.4598637,308.6237527,202.3241498,89.69366172,349.706681,215.4040403,291.6404151,73.01695093,142.3207288,78.33465383,436.531159,510.5730749,222.9204028,198.008847,211.1469914,475.8686428,71.6638417,159.441406,172.2716355,223.8905502,367.5438213,403.3698286,117.0838869,240.8084225,365.955704,185.522639,153.926779,165.2283298,378.4650623,140.7079144,271.4797527,169.9313737,105.284302,151.622244,290.217659,192.7745629,654.892261,247.2590589,680.2188417,90.13683969,697.7449609,185.9795299,354.1215282,114.5851274,473.7254929,206.8379403,326.5465517,185.2178448,488.8952485,207.7338576,76.35362421,971.4807818,307.1413157,466.6526889,618.5434853,137.38952,179.339094,166.9971505,50.19776584,197.0885692,190.2686912,307.7627338,449.3838972,337.9619304,428.006559,109.4872176,333.8280733,275.9369042,172.308346,419.5474913,90.06963142,402.11882,453.9327038,410.4555084,241.8298423,350.7881574,154.1309789,539.8206947,349.3635079,476.1061267,533.0278011,171.599972,201.1714196,403.0515403,277.8000083,256.6804039,406.7149366,221.8731876,99.72377662,213.1734008,150.0719469,460.5336902,295.5728339,356.2572152,174.0510641,101.9563581,108.3660658,238.9905679,204.2774307,292.0092015,231.90653,346.7598292,138.1012305,539.3335301,107.8404716,180.031567,99.14633923,620.2625504,139.021637,420.0305617,152.106234,1023.816398,145.7577787,168.7919398,291.8058767,168.3560175,136.5865219,200.0047345,569.2154588,705.7250753,264.1936017,285.5476758,47.38735886
151,1485.446907,758.7064925,172.7409476,171.2882782,444.4555527,324.1130176,114.9747517,635.3188933,175.7410645,237.3213796,232.6926775,910.3765003,358.4834677,159.9962669,595.649762,223.363582,369.2942621,229.9349495,185.1099942,242.5361468,150.885046,222.6032499,130.8005786,226.4622099,69.64280626,218.5985543,173.7382218,162.3711774,289.8399444,437.1407615,91.13911256,205.5360387,391.0520615,161.4201648,353.6757604,351.3200753,159.9347439,517.4360082,190.1156863,122.1656603,538.5728278,106.6112757,98.53025808,133.0809611,341.3242986,122.0414821,95.76464998,260.5390203,190.1032867,331.586742,116.334397,300.6918507,390.6121845,195.6116343,236.8891671,332.0917681,555.1243509,174.0500197,173.7504536,93.41294753,276.7062763,394.7102588,219.8410972,112.3541683,143.9252877,196.7700009,132.2865777,219.5989698,267.5639845,53.1197221,223.0170113,261.8373605,534.0021015,155.2754997,107.378396,311.2495391,158.1182406,151.5418805,326.373732,212.5658782,86.88868096,382.7382453,235.751676,298.850998,68.5897123,138.2588343,69.82842797,441.492116,530.4782621,227.0544297,234.6030427,207.8068057,505.4920619,78.64912932,160.1729394,173.2107423,229.2149308,376.943912,419.7156874,118.7279513,248.8435026,345.9564714,195.6353342,147.0466189,160.859562,400.7533373,129.8081425,284.1199599,161.8531783,104.9833955,146.0512496,299.5831828,181.2120672,649.3925491,266.2543049,695.6494303,97.29131536,727.9508516,168.8535626,359.6830788,135.0142874,431.7327708,226.3001036,352.3328208,181.8699095,479.274706,199.3781683,79.22417432,981.8965247,314.4235503,494.8920609,627.8558715,148.2213494,196.6810907,172.0499134,44.79885861,207.3413778,191.4223575,302.3414582,497.7357598,336.8935441,441.182093,124.5992883,359.2477178,269.027002,169.1988365,425.9962163,84.84849134,426.9913988,477.0167764,441.9550843,253.5851474,372.513619,149.6241353,522.9522346,354.045963,502.1586886,515.1839938,166.8092827,209.3983221,387.5684751,256.0033645,246.0744061,371.4463593,223.8921251,97.61702382,187.5888801,147.083257,459.7931616,287.4319625,352.2088007,179.1530786,102.4725339,104.2910284,224.5850745,206.1382751,294.2217311,228.9039147,335.4016329,128.1022841,570.9332382,105.9237501,188.4031267,95.14813792,606.0370527,127.6142739,407.5087917,165.3333881,946.1762395,151.7576146,171.2072573,313.3298411,172.5721197,138.2866387,214.5712993,556.9099391,659.9759855,276.5674453,293.5452804,45.01800731
152,1474.030854,799.2064372,181.701201,176.8166031,455.1385376,328.0937151,112.8867151,607.2444023,167.825262,241.4165931,231.0081658,999.8031502,330.1932506,158.5336923,614.2601394,230.9520841,352.8112833,236.4808407,196.3262657,248.341999,153.015386,236.9484911,132.5378094,240.4662283,69.78701763,213.1190166,166.594883,188.1240253,301.8797095,469.5647914,86.3908093,213.4275594,435.8869702,151.8250122,373.5962744,356.0709337,146.7649004,504.5974388,194.9314653,138.4555322,562.8981793,119.1461185,95.99220358,129.7590166,291.2548032,120.4096074,92.99528065,263.433513,199.9200416,314.7443374,129.5178589,290.4158816,380.2677383,201.9574202,261.0416204,331.1206419,557.5222952,174.0858817,178.6793371,88.35275318,284.9409478,382.6809878,218.8258409,114.0714829,140.3293448,202.403137,129.6879412,228.192994,282.3462473,53.40641968,226.2484694,270.1058886,575.7454149,138.8431906,109.6492242,316.3924051,160.7629088,160.320748,306.2898989,204.3324301,82.60234175,342.489897,258.8161556,279.2867156,69.85178237,143.290653,75.75787476,425.7227208,504.4381489,246.5939545,244.9690234,209.3550045,472.364467,74.51750132,166.7535181,158.492734,221.7876525,352.4506678,406.3672321,112.5191231,249.5708384,347.518023,193.5257878,163.669119,143.9145551,412.8266474,133.8388718,283.8686006,154.3887463,97.26626916,146.7631591,287.378563,193.0640038,637.7731359,254.8749804,667.0392705,102.7747246,756.6697323,179.7441686,336.0701685,130.2212507,441.7428014,230.4020687,355.323766,178.3365697,440.5499956,205.7682379,85.1377639,1003.316586,326.290246,463.5429638,622.0840222,146.5262315,207.9335387,163.077433,46.31776447,222.9266059,191.4161795,305.2279111,519.3332601,314.3268705,431.7577529,116.0437291,358.2188843,282.1853607,170.8323957,425.9905761,76.87886593,440.8606786,428.5485558,476.8735549,264.1641428,387.8541024,139.7873231,483.3552711,371.8527433,510.7929375,521.4244871,176.0301775,215.336228,383.0358929,273.8033001,241.455919,387.5945914,225.5685644,99.54040781,176.1990106,141.7170371,471.9717284,283.0554099,346.8503336,187.8923901,107.7039622,106.2880034,215.3189375,190.1142931,347.9474465,224.322325,333.2210773,126.5151545,556.8446038,113.5380552,172.0710283,94.63573169,600.3171584,131.1729352,406.2963638,178.9092829,924.5947621,148.1206879,173.7991533,317.1515562,172.4435194,145.1978468,206.8331799,638.7599262,718.0082511,278.2146445,313.0784778,43.75986594
153,1398.70279,760.6192842,185.0928251,185.0551425,453.8782704,327.7644863,113.8496037,582.5538314,158.6776239,238.3579104,244.0526097,1012.483685,379.31449,150.1024919,616.2134289,230.6011617,359.3298006,237.5032834,191.2239219,286.3986112,149.1133428,244.2778135,129.8792925,245.5140691,64.73805074,199.847712,168.5279373,206.3887686,323.2531726,462.6809733,85.62076697,222.069674,419.2660506,144.4899919,381.8990037,355.7703369,153.0319633,483.7551278,189.5548319,126.368346,532.6417582,125.957222,83.96731156,135.858956,278.121062,119.2662491,91.60115422,288.412481,198.3263752,359.2605025,144.458851,270.7011629,352.7714373,201.5341264,249.088006,366.9587718,542.8485925,167.5798935,168.0461168,87.6992896,277.3352562,379.5677379,217.2386996,112.4959199,132.0648306,210.4531603,132.9538556,235.6431391,261.5440462,55.31227321,214.552544,312.200842,545.7146738,126.5978325,105.9383575,314.052962,156.5942105,161.5186554,301.3295201,209.4319064,81.29060201,326.5360913,254.9467513,292.7055103,72.43644599,138.2562129,79.02861336,460.3126685,484.6426118,248.7944802,236.7277108,218.2152754,526.1183857,65.95206897,170.3973463,168.3130665,218.9666289,352.1202533,422.3419917,116.8504563,257.1694234,363.8801525,190.7611881,157.5316948,145.4463561,411.2350623,137.2967478,293.05598,152.1527277,95.67476003,146.9840037,284.9250195,198.0121794,637.3567344,262.5621342,667.2447502,105.4298407,799.9131052,191.2907894,322.2700899,132.0921576,451.8165158,228.0477807,349.4801137,176.6957604,442.9348654,200.3605204,91.88194819,969.2936616,323.7932036,449.2289062,639.458464,141.3597232,215.4985645,160.2833655,48.13192756,206.8840565,199.2597964,297.669605,505.2091225,298.5783844,440.6246487,116.1948396,337.521689,323.7912648,163.6760277,398.8352939,74.16101397,464.0371052,441.1915817,435.9373788,271.221729,348.1482787,150.0821277,467.402608,369.8202504,511.7893382,464.0058446,177.8143325,230.0277701,377.163924,292.5562596,240.6498728,375.6186829,233.3057334,95.72260605,166.33799,137.4741176,474.3793014,272.1894286,361.5758874,202.2628323,103.1382058,114.1756842,214.5670664,189.9186039,387.2560979,230.6153825,348.7005003,127.0950786,551.0678302,113.692725,170.1535939,97.64968233,601.2493106,123.4353103,403.7532552,176.9530113,1001.426217,138.7263255,151.5162216,335.2932711,181.7373839,162.8002893,233.048435,652.4533566,661.9853853,268.549706,329.3199639,42.40480613
154,1379.744023,811.1605544,186.495316,184.3250768,450.3339029,335.3558366,110.5814465,635.633694,167.6860034,247.0281426,224.1122372,1008.424054,373.0770866,151.5379672,636.6718608,237.0192239,359.7307133,237.3286451,184.8403137,303.1541295,161.3931631,296.3868978,130.4337259,281.80387,68.93858837,186.079936,167.1545687,224.7143774,333.7779618,492.2361864,84.74110704,222.1025079,429.133767,150.1988126,398.1265041,367.1803035,150.9225078,519.3859587,199.0842977,131.1029166,517.1033062,132.0834416,84.41596581,131.9847936,297.038026,119.0099334,85.79993544,287.1147236,192.5890229,376.2275322,137.0821399,262.9542001,354.2955092,204.3032789,252.8333117,420.653826,533.2632882,185.6188075,168.7980011,89.13947317,265.5534765,374.7204982,233.6402946,110.9689496,142.9329746,226.1660591,135.7115658,231.1148371,251.697085,52.55870309,233.044244,303.9056522,544.3101086,132.2898713,106.8287795,303.7755725,148.1377205,175.9979279,316.1970672,218.9320202,81.20207101,341.4044243,266.930313,316.1824913,74.93193432,149.1876247,71.37418144,473.4729612,476.2542199,259.000247,250.1826464,220.9660799,524.5461835,66.45280021,170.4759519,170.4589836,231.2378089,350.1695067,440.4710529,113.1077604,250.6823524,383.5390515,168.6313868,153.7973745,144.4187568,378.960265,138.0670121,294.1617158,163.5681668,100.6069493,162.5415698,272.5761768,210.941439,617.2472018,251.8482885,675.6258015,103.5898505,814.5201638,194.4804282,335.946283,133.8426888,456.8058218,236.7562549,338.3049909,163.8343978,477.2737815,218.7975461,102.9661518,1007.831328,328.3123041,455.5479694,692.8176343,139.6231096,225.1766462,153.6365962,50.01169503,226.2311504,199.5818168,325.007337,519.5538138,296.1504352,440.7443713,112.64796,341.4799404,325.7710532,163.0069327,346.6911204,76.98896872,520.3769285,436.921593,436.6232959,302.3485704,340.3403011,147.9493558,447.1949976,395.2885919,552.5953962,483.3698298,184.4702932,238.853618,379.3132336,284.8167154,260.4943764,369.8979326,238.1945215,97.06213999,170.7375582,135.3818495,486.8502186,280.1051405,378.9722159,222.6565495,101.4719182,120.6317362,236.6202695,176.6336576,360.1234319,216.4054627,347.6404132,130.3257175,540.6352806,110.5665098,162.5005564,93.07196035,630.3589332,120.152315,441.6348644,171.4594744,1034.558775,149.8783197,150.8418087,328.9127385,189.2984757,164.4141483,226.7854077,621.3929119,643.9956597,286.2752612,357.5119419,41.75865658
155,1350.882706,736.8888639,190.153564,189.2366307,508.5476383,317.3044913,109.3081941,668.5820383,167.6243226,234.3408547,224.1414548,999.0610334,373.1647025,168.1291035,627.260436,256.3094991,393.9202779,231.5548379,199.5408428,305.386784,175.3693523,293.9755093,133.0118522,261.9860891,69.87743347,199.3017966,184.6862896,221.8785358,348.8368544,453.8723274,87.99187744,205.0109772,433.7320713,145.1497587,405.7239789,400.9023928,174.2663602,514.6642233,196.2973297,135.9236525,491.5553754,134.3051392,95.47384988,124.6597297,306.3483726,109.6786939,94.64523548,304.2551866,194.4163748,360.4100342,138.361309,269.7847233,375.0031531,202.9538426,278.3285719,414.918144,563.075206,181.2401974,178.1056013,87.85875058,255.8609124,367.4399084,260.8588808,116.2707367,148.8250562,218.0764579,137.5851481,241.8565112,274.5697345,51.68349465,238.9466797,325.2044469,607.1581089,132.766466,108.6472262,309.5160076,151.302303,173.8169847,297.2086426,222.3940562,80.87782875,339.0196252,256.7631587,324.1765414,70.6242404,157.1300417,74.9633767,458.8938737,518.3317712,284.7578226,265.351982,233.8190577,515.1379444,70.45643745,173.3214562,172.0729413,217.8648235,325.6578017,444.9398464,103.1185551,253.6539666,430.6733471,190.6388079,155.4182936,144.2066592,362.4550615,142.8201647,291.7928901,161.915357,86.43472642,162.3552231,264.4288647,220.3285161,612.8093554,248.0271998,671.1920954,122.8317469,809.6047339,192.9156408,348.7516817,132.939349,495.3878416,214.6355391,353.6214113,179.7526219,493.3083686,211.8375294,93.2724986,1104.28785,326.8450916,478.4205869,692.035258,159.3680215,227.8741718,151.0146637,45.31294268,232.5557352,214.5835649,326.0360873,511.4592634,290.7389241,478.9444301,103.604589,323.226413,304.4183043,174.3847493,312.5814971,69.62527928,575.5918539,440.8263096,423.6825431,305.9545872,353.3785637,138.7525,487.2544335,375.9651928,554.183245,478.734773,179.5921051,232.1737584,368.0390857,275.39579,272.2801242,372.873008,233.1762071,99.66700194,179.6449393,133.7903747,513.4836306,303.0105157,375.9959926,230.1066541,96.96724272,115.7896039,220.0871138,179.6073315,385.5019478,219.0618317,333.1194772,133.4349559,565.5325091,98.00910154,150.7083218,97.63407919,644.3996616,116.3634247,399.9201147,177.4572588,1017.794005,158.0564278,149.9896631,347.9373196,201.4263634,176.097372,239.3534619,641.1723774,711.8421347,273.6857791,365.9397001,41.59916173
156,1387.332322,762.703438,186.738161,198.2831027,526.8197843,277.7285962,110.7844785,709.8689751,152.8252379,234.6514544,225.0354872,903.8516561,366.9044967,189.4180579,681.1542548,262.8230299,386.5691633,237.9983271,207.3934638,306.9913887,175.0151506,289.9719686,136.6015357,277.1458992,70.83899715,202.655635,188.3641396,221.6798969,354.8879573,474.2328754,85.74393606,213.6140991,422.9848795,128.1274358,431.8045351,430.1840727,179.0662202,496.2807766,196.0458374,134.7315394,528.5716748,135.3373902,91.723937,115.7393039,281.7654894,104.6012403,89.52066676,309.1569057,189.146784,382.0667601,134.4486788,262.6788382,368.0221285,196.0591345,282.2049234,396.2480333,583.5031109,193.1372514,176.8956951,87.68354587,279.4830611,361.3087998,281.21473,123.7278876,144.2639146,229.3689423,139.1966944,269.4256475,294.398366,53.16472259,257.1631501,344.3192359,580.2605909,132.9953517,116.7239878,305.5022488,153.3960364,164.5623896,287.4236994,210.933691,76.19081075,337.547517,240.4291572,348.4802146,73.67081291,152.9309221,76.23359249,411.0173483,568.8498886,293.8142681,271.8930406,245.0328359,519.6847483,76.08787796,192.5560463,186.7978439,229.5167401,292.6224119,434.7914129,105.6702331,242.2420323,428.373814,192.8851433,149.6046486,127.5509674,365.1181579,144.1333869,298.8963446,167.4003969,80.9568196,163.3583109,269.6344455,208.2261697,557.8703148,260.2142455,680.6524899,115.890731,818.9393431,192.5131665,367.0191018,128.3230983,554.7820873,226.7452612,388.1882651,189.8929201,518.3913661,200.5326348,99.76211259,1145.449795,352.8261809,438.2953028,701.6480235,162.0678261,217.6349042,159.3274919,43.18243984,226.4473445,213.1117649,318.7517841,539.8159853,270.9750996,448.4434686,108.0710933,307.0644854,319.4524423,187.2150333,354.5994736,66.36676257,561.8171328,409.3719855,440.6727961,325.0994304,396.9621818,139.842258,496.60374,392.1765382,586.8880325,500.9286221,188.1243264,241.7628666,342.4939631,259.3381551,273.4449812,377.6872526,215.8151402,97.25666896,168.9842906,130.2330097,527.8437782,303.0144239,372.329017,227.3350306,98.67457929,109.0509291,208.6173993,179.8105421,382.5961214,243.1447713,337.8494533,124.4910794,556.1220006,96.10535771,144.4493494,100.8343964,621.0090645,119.2297743,407.5067621,176.1865258,1087.582473,156.3062886,133.7148351,362.8769338,194.1203368,167.1246441,242.3262708,651.555786,693.7109959,272.1025948,346.8578876,41.80105156
157,1446.145691,766.646556,174.17623,196.4819089,535.3461208,266.4870874,115.6147073,639.2461934,148.6048729,257.2805466,229.4628489,893.5002218,386.4618449,177.6011339,733.6371434,259.4748142,404.9344633,232.2392814,210.7930233,331.9419549,169.035927,305.3577291,135.9285674,308.5222121,75.22598848,187.6002078,195.2462593,235.7300294,353.8177166,484.7592904,79.92670553,215.4355945,453.3624893,128.5879744,437.2928161,426.8049186,180.0360004,475.902685,189.4985703,128.9659066,524.4209276,130.8847047,87.43061154,108.004605,292.7743916,103.0214893,94.14190535,310.4080333,185.6709184,361.7741118,131.7099669,275.8372231,362.8185752,203.6513316,324.6477389,398.3500513,662.3519764,199.1303546,168.9324828,82.9224973,296.8520533,338.3102628,274.7167458,142.0465267,150.8942122,222.3559079,149.178869,267.890861,295.025361,51.99756533,255.5357552,343.4917613,563.4611411,130.7814112,110.4070849,292.1224787,160.4865375,166.8711687,312.7343142,215.7779738,73.48897535,341.5007016,221.8865113,331.7064993,76.06141027,151.0673641,75.20158668,418.3227435,518.4418393,316.5267938,255.7250876,251.4988046,517.3997024,82.5845533,173.3960279,194.5850233,245.0236479,306.0554444,366.8523988,108.2271227,234.2526128,405.7793681,179.5459346,148.3355234,132.5769648,343.0497017,137.1964025,292.806563,184.7993767,79.60492222,168.5920516,269.5738181,213.1395988,567.8508139,237.2952205,636.961385,119.8683942,820.5392927,200.8309728,389.0961946,133.6968883,533.5658585,239.1662748,398.398162,199.9911239,511.8422566,200.7652709,102.1757094,1050.049847,401.6535756,425.5124322,697.1055533,158.9732371,219.1985812,148.7658702,43.19098579,231.7414411,205.2735646,304.3883192,538.6970519,266.888096,427.5295791,114.373339,309.2941414,340.4269433,197.112357,358.9796018,72.82826796,558.8908821,431.7967165,429.1569437,327.0553499,408.1068702,134.8934234,534.2395126,401.952499,541.0535882,537.4746908,193.8646161,238.8617334,320.1733249,249.9186848,281.3203571,362.0605952,210.7428882,95.39956403,174.7469032,136.4586896,521.5100395,308.7042019,384.934698,234.6228006,98.36016363,110.0013642,197.2085216,170.7188078,430.2346754,279.6810124,325.5268606,124.7204859,518.9667244,93.52190519,150.9821683,105.3408142,648.8830154,125.1142458,423.5366404,185.1072231,1103.493252,159.7981815,131.2091258,357.7443957,181.9823094,182.7179872,259.3198277,699.8381775,700.1975556,278.0653017,356.8453917,42.60341449
158,1386.888678,735.4830039,178.3111689,207.567717,500.3833893,287.960141,123.2410089,623.3929038,151.0767896,254.9360258,223.4375018,966.3501651,412.3457695,179.6550805,669.5622223,267.6629396,423.200329,215.9757062,216.313009,339.3245747,177.088332,309.4174514,146.6953868,291.7608942,80.5126575,196.1312926,205.468593,224.5758287,400.6813897,509.4225928,78.65040605,229.4462686,464.469128,122.1408802,460.4913887,422.2406351,177.6991003,485.2189696,188.2538461,123.6697543,537.0441887,125.8778745,92.53020282,109.7583962,318.4789432,102.0068148,98.07846893,348.2899667,183.3724255,363.2024618,131.0736446,278.6289252,382.6887423,207.3108404,345.4688579,364.6931711,677.4557388,210.4637503,175.9499142,78.68237439,270.858066,357.7937817,275.5743211,145.4776293,148.5290868,224.4835118,157.1424709,263.3617654,308.0179754,50.37127441,246.8735442,369.3610661,598.1931157,117.1267434,96.96908819,282.8598176,168.2294292,169.4074083,328.1530042,196.086175,74.08756178,316.7635428,218.249922,317.4340327,73.60828664,148.143115,78.9948965,392.3507102,551.4146562,334.52598,253.548444,247.2610877,489.3169637,91.19179431,177.890958,192.4258463,229.590902,319.3571639,384.6381194,98.56627315,240.9863565,449.1518653,177.9202483,157.0711438,141.0619258,305.0722056,144.8833253,318.2505703,188.3303838,83.88277178,155.7116754,266.0909684,239.5219963,538.6250571,230.2258346,692.4912386,125.6468939,799.4815709,201.9617527,372.0911381,129.2748838,488.3506272,243.5852085,371.9875754,190.9866091,566.7750993,190.1320985,103.5359552,1076.831134,385.8439773,441.2255728,659.4736892,161.1331004,223.6863866,145.2402489,42.31073695,236.1322587,188.7366858,311.0919477,532.7816777,279.8905831,455.5696832,115.4205349,328.4739632,350.0575353,203.0305069,349.5553243,70.59220634,548.1471861,436.6459439,412.5697494,321.87965,408.3489372,137.7130276,554.6556782,419.1053627,526.9144045,560.9048069,181.2611148,240.5081752,332.2190634,239.6954239,289.8582344,370.9498868,227.001578,90.73967368,188.8794096,134.1420374,544.8475323,297.9827188,390.9624182,234.7100457,90.51063303,106.3329437,204.2337906,161.5078938,441.8003183,269.6103062,330.9370221,122.8060799,530.0360997,94.26893971,161.9962819,108.5749426,673.8056269,120.5779289,441.4117651,181.3890983,1093.937802,160.3505774,125.8114885,355.395798,190.0122658,194.1972352,279.3198218,742.890718,724.135955,298.5628035,378.3896601,44.32230669
159,1433.353118,753.5099849,176.8333647,223.2406884,513.6383301,301.6020487,117.0478305,618.5835004,147.7034983,265.1953387,215.0299429,1023.348419,399.7896636,183.1907947,666.1153176,268.7014752,421.4332792,239.8007717,207.7860059,321.0245408,181.2011055,338.2707126,149.4164049,311.2063567,85.73993757,183.2207343,198.8787651,233.9106225,393.3995411,479.4867482,76.84073492,232.8244041,473.5845752,123.0594539,466.5028018,441.9277975,178.7778638,461.4010035,192.7398162,114.8750102,521.9004345,128.6320292,91.98222577,107.8297609,322.5023121,103.2911026,89.24612854,349.3811209,188.8890395,374.4748215,136.1634651,300.4918407,360.7390664,208.0389774,344.7759149,368.8358542,676.2705965,215.6354389,171.1177765,82.3681803,259.4010023,374.156449,249.330648,137.9656022,167.6120495,225.7696347,151.1818548,271.6464093,297.4075577,52.71726863,257.5563414,376.5597348,588.2434664,115.6152148,99.99569769,286.1841345,157.5787489,181.7459059,338.6317311,197.7169455,77.22952066,316.9907641,211.9491558,321.2481923,80.05996919,156.4590183,86.10500951,396.264326,569.3607861,357.5343399,262.8924453,253.4713342,436.6506002,89.41906988,164.1596426,184.6013715,223.0914382,315.718504,354.0860839,92.21647367,244.7301878,440.5041002,175.9699563,157.1874036,146.0835512,319.4468658,145.0282214,316.7566797,192.7885166,84.21282139,167.1752412,287.9530747,227.0666871,521.8462032,251.4700347,666.7005324,120.0199199,792.5290806,200.1738666,356.1362547,134.1148297,506.5356794,272.6224654,353.2929424,180.9961181,578.7320023,183.0567187,95.43883907,1060.785805,394.2020015,418.9368994,713.9340024,168.4931837,232.2080776,155.0873781,47.73936128,227.0355201,179.2608431,304.9373031,594.0641804,303.538497,464.0014177,112.3492527,330.2798639,348.2213439,194.8576463,343.3277073,71.02895344,537.9843187,418.113932,435.3108274,332.0385416,459.3358861,130.8883383,522.715502,438.8438495,523.4812021,553.9142473,173.9033547,231.7702843,382.5539801,215.9699595,281.3203455,380.5590185,222.6797366,89.87635064,204.7156311,134.7521784,525.2418245,296.185093,378.9065165,244.4680196,97.24861748,101.8696768,206.9967132,159.9861031,457.9723548,289.5708354,352.1065983,120.5704981,567.3008358,98.50210614,167.7900559,109.9359184,700.8262067,116.4551825,444.3795683,187.6013387,1054.57611,160.7384246,115.8123568,344.3361811,195.7181615,207.0818305,272.1422066,756.6890225,732.2770288,306.3953668,387.3347877,48.75482497
160,1362.836222,764.0746044,161.106682,209.3422329,518.7784279,269.079634,110.5488469,654.7300841,150.2680747,263.819694,235.6633679,998.5947488,418.3003005,198.2217258,693.8177271,302.8800805,474.1118315,235.9227603,233.0823074,320.1097552,194.9469106,358.8190917,145.9850138,344.6738966,83.65712947,183.3785096,185.4806038,235.6179871,385.9547051,503.8543098,78.78092315,252.2708682,433.5000168,137.1162621,491.9419625,425.0705551,175.1848711,532.804884,207.9537224,115.3737439,493.1752944,129.8426941,97.16556726,117.27269,371.4004232,108.2925447,87.48294053,349.942429,181.0031719,379.4207769,142.5315387,298.3054202,408.7766202,204.9226245,346.4383539,343.7067702,672.6135435,220.475192,161.0644074,83.30611514,232.1550933,395.1224132,234.2202002,130.9665846,180.1016258,240.0245944,159.6667822,243.3180235,286.3992397,54.79594117,248.4419387,391.1086891,586.9102748,113.6472223,103.3533394,276.5234388,162.3058493,184.4874785,362.4175794,215.6919484,75.08569137,295.9068628,205.6247743,317.7053441,86.20623372,154.4691017,87.78376502,403.8013108,596.1983522,352.5098573,242.0000968,256.9962274,446.4190093,87.1642128,148.4500392,170.6880642,210.803405,315.2316487,341.7005017,93.96193528,254.0050742,432.7297301,189.2864789,148.6390241,142.8949674,330.6756093,154.6639874,305.8048397,191.1774624,88.44904654,174.3514198,300.0294351,225.3005417,521.2836274,245.3182816,697.1314606,122.5003224,866.7380921,201.2279933,355.0074271,130.789662,450.5566603,270.6364269,349.5292212,198.4182057,526.6492834,186.3521051,94.97576678,1023.858462,383.1140165,454.70941,821.2680956,157.8547917,226.9153379,143.1076,46.20876826,229.5379621,168.20563,314.3527819,616.9641657,310.2483466,465.0386553,120.8370138,312.5370978,351.2971061,201.1464493,365.9109066,72.26187586,573.275557,377.9859675,476.0295729,340.0755924,478.2457258,130.7172559,518.4700907,451.8707471,511.1692561,596.0995858,179.9600681,259.543697,353.6965579,220.009701,309.4969236,344.6650066,211.8466648,83.57250093,207.4627599,141.993413,535.1442857,298.2073027,400.7777045,233.7066808,94.02899433,100.1947131,203.6986931,160.9242026,471.6461295,314.1023376,372.6449344,121.9119967,528.4074878,102.3695402,178.1708577,102.3803468,708.1269712,119.6423765,421.4245339,202.1649611,1105.356045,154.1909248,126.5625836,321.9213145,207.3570302,214.6836361,270.0096837,796.4431394,805.8855194,308.3932684,353.2288378,46.06782094
161,1368.421705,803.9587692,157.7480069,215.4720544,509.7115661,272.0310379,113.5179629,610.2781704,144.8593251,296.0267022,239.8649932,1063.585963,413.7453304,202.1570733,758.007234,311.1932863,513.4639929,275.4942317,252.698749,299.9345688,193.7520046,330.2028816,146.6412514,326.9088668,87.30025831,193.8126045,186.3514758,227.664919,413.3081357,478.7804056,84.83806018,255.1444164,446.1095306,130.102651,501.0300151,412.517551,169.9680518,533.3648398,206.4960701,117.9144751,469.2113797,141.5563663,97.37006328,124.4615171,372.4685599,102.1235211,92.59838057,335.8369145,163.1849667,375.2244293,146.6570696,305.5400297,391.1511315,203.5266681,346.6969828,328.3563131,669.9509468,241.7684316,164.3014391,89.56579346,239.5026784,395.7732191,245.5938655,138.5863084,182.9818536,230.4826208,158.1257092,252.8300957,286.3297173,55.82719539,233.6792081,378.5472858,550.6968479,121.0973787,110.1878187,255.3388288,166.2256026,186.3213193,341.8932859,223.6909805,78.05278174,282.0304709,214.1892437,325.0192216,94.53883918,159.6441765,89.33499293,411.6979215,585.8834329,355.5729719,244.8576088,257.7281777,421.2518575,86.77640839,149.402222,178.3501629,215.4925413,303.8801812,373.9111607,98.29879595,232.5847316,448.7602585,192.7719552,160.0268497,153.5974589,336.4611031,155.880214,330.8044786,193.8505177,88.06322784,164.5048116,323.3524568,237.4981702,505.9846249,230.9790159,713.9983134,133.1442201,824.8968311,198.0310913,333.23377,129.1826081,433.9910653,259.5772013,379.3336207,229.6389594,523.2236761,188.7755997,100.6032716,1085.975802,362.8952651,437.1169526,802.9229637,153.4586631,236.9684853,137.5560982,46.99056193,228.5743387,189.4693757,345.5845237,624.2850244,290.8593262,420.8817573,122.4393251,339.3882034,338.9972526,199.1949198,372.4295225,69.95340954,545.3400336,372.6846701,497.1717661,342.7048058,524.8083687,136.5868027,486.5839604,473.8240046,522.9511547,586.0870742,169.3687462,281.1377902,361.8374125,203.4376904,339.7940935,319.8105633,200.6668962,82.79766217,223.4097414,144.4543147,536.795945,298.5728652,399.2465686,234.5300807,97.71550339,109.9417808,200.0368828,178.4374612,496.2665953,330.8353801,383.0475307,128.0574315,523.641615,113.3221611,192.3735561,101.6822246,718.0574744,126.3958512,384.6310064,189.6007685,1069.041158,153.7388363,133.1242443,327.056416,222.4246445,231.7507879,263.8509828,825.0439513,776.6012902,330.3988298,365.5766613,50.46030941
162,1358.714059,826.0110714,165.7956872,206.6883866,507.6818222,255.5872036,114.2066065,625.903525,144.7696726,287.7555296,232.9199672,1119.129334,402.0620197,203.479136,718.0932483,311.7267347,570.4385422,280.9686373,266.534007,307.5707708,191.925451,352.7803195,150.2187499,339.5927109,88.56932366,192.3118011,195.3334624,218.3842001,393.3752735,477.5169069,79.47297118,275.7873277,492.0959483,127.3621908,435.1332218,426.9809792,173.1894379,540.5854822,219.3504652,122.9316461,501.5348145,139.5807766,86.89054125,135.1536454,392.6848819,103.2896195,106.9960273,333.5734992,165.4800809,361.8943051,135.0868939,279.3964481,411.8685069,186.1093829,413.9172286,323.8158363,729.6460199,236.8648007,180.3388215,95.86954873,235.5164694,396.1682927,254.5863534,136.8454715,177.5515443,234.742737,159.2175217,230.2150566,335.405774,55.02660681,229.0562806,383.8624539,560.3410948,127.7107548,104.2838739,281.4646831,161.8177451,187.437452,337.8802164,218.9887972,85.30037695,284.6357345,204.0216955,312.7874106,93.23075049,145.9742117,89.71081024,392.2169317,615.3870005,377.5595572,250.3658504,233.1452867,406.4356768,85.01527286,134.0282661,186.5987388,240.3079347,280.8723601,360.4145851,107.4806926,208.7960123,406.5351087,184.433364,179.3321607,146.4114397,367.2090538,166.136336,347.3611683,204.6540516,84.86805649,171.2668288,345.5035197,221.4744079,479.9065917,233.3377033,689.0368014,124.3160289,805.022329,206.714155,314.6066224,131.1058717,429.7271389,251.2876751,372.6404251,241.2289374,554.5092461,195.3763051,104.8329183,1068.104023,361.9307575,437.4849278,778.5827913,160.3512671,250.1218416,134.2551019,50.32998789,235.2733389,201.1364311,362.8011186,592.5634033,267.904594,412.2746228,123.7131216,356.02428,355.0900547,212.8802275,390.2086258,70.71686481,595.6453733,386.0228341,482.6634577,374.2141681,504.1809576,127.6913232,494.7659199,479.1450779,519.1540884,585.8974598,169.2857651,267.6600972,346.6069502,214.5796138,345.1937015,337.106379,223.3865868,88.42595396,223.0555694,151.0706474,503.236468,274.317676,382.6331735,213.2371562,99.43901109,105.0370335,205.5084753,195.318756,487.413824,352.0772475,338.4943119,133.8507011,487.2706064,120.4835333,205.7068174,104.537195,730.1617692,136.4958844,360.7405054,176.9215978,1134.329083,164.0782322,144.3354073,343.4230352,209.7837704,215.5251436,273.2134735,730.0359965,845.0256513,294.1160571,398.4194115,51.50027201
163,1366.537117,814.910502,161.1317586,213.0682564,496.4958536,244.7178505,109.942719,619.6654972,149.3082186,287.5242238,241.1005326,1020.181086,395.7106933,208.7010816,780.6128007,322.1579906,624.2325521,252.2306302,294.2125405,321.2462519,203.6751477,364.2144456,145.7441305,314.0466497,87.28864991,199.5290497,218.0045801,218.7620103,398.4139171,475.6036631,81.67130227,273.5947175,495.5742191,125.1737483,454.2988936,397.3823577,180.2408192,537.996078,211.1249881,118.0867629,523.2876147,136.5028363,90.6253904,139.0984099,386.360997,107.9103846,120.1860961,326.8869493,161.9206804,365.2334912,133.315337,275.0623588,406.0081091,185.5057854,412.1124708,359.8036077,733.5575034,234.4642718,174.7401787,105.1785437,240.1392221,367.0364913,252.4861626,137.7647197,198.0096011,228.5122151,165.4857552,232.7177623,333.6235237,57.18574249,223.0276738,388.2762097,597.9202805,137.9248756,99.64224766,268.1911114,168.2768334,196.202021,333.7848077,209.0973151,95.98228119,280.628062,188.0691445,313.7090844,96.73193742,137.4614686,89.05528993,413.7551285,656.4088188,380.5186101,248.9518001,234.354747,440.5008266,83.95515824,143.2731667,180.903386,253.8220596,274.6349499,359.9914152,108.2267406,226.4163643,389.458384,186.4015877,183.662783,142.4323178,385.5611595,158.944014,369.2087921,206.0125995,84.58126168,180.7148896,361.726108,230.0046053,467.1057646,259.4095756,715.3622758,118.430349,788.0097012,197.5490596,318.4793244,132.9728861,472.9832255,235.3698904,372.7038958,255.6482439,575.4618339,190.5511124,107.4562173,1146.993424,354.2249292,431.4752458,812.1782348,146.8571966,233.5680742,126.0190276,53.12948308,229.3896372,210.7358355,370.7672854,587.4332065,259.4114924,416.3173672,116.0840056,347.0858669,380.0675311,208.6668938,377.1827391,67.54158454,607.4247062,370.2311388,499.2672709,395.6151802,516.5897566,129.4253894,534.7420354,476.0766771,541.481934,636.263385,172.6990755,277.0057592,335.8617471,226.0410112,347.6588506,356.7880083,228.9883682,91.54596716,200.547309,164.6167097,500.6785125,256.7425351,374.0399761,213.4517709,94.41582888,110.7395768,206.8053396,188.0583356,485.1095767,356.1830619,333.8758029,140.9565719,489.7237592,119.6431317,207.9817218,94.04249746,732.2501274,136.5100591,385.6031313,165.667243,1188.911214,166.8503277,131.7501097,340.9674921,210.8034641,226.1280222,244.3779649,695.7208811,899.4775758,304.5978214,393.1210414,52.27082148
164,1514.568347,838.5170934,165.7601547,207.9871922,488.3676759,229.1995409,116.9807728,611.5323845,153.391885,280.9641447,238.6631734,976.3186064,378.3564658,209.8419238,825.874247,304.7297175,659.338907,270.8431862,289.9441751,318.0009272,213.9927134,377.640209,160.125557,324.380358,88.20650723,215.2283265,211.7584948,224.7174514,414.0513226,464.7739886,87.76879899,272.0383815,497.4849916,121.3214718,470.8618232,403.5334411,175.1639132,567.119118,206.3340629,127.9860934,546.4229324,131.650729,91.57423082,154.8486761,403.6793941,103.8868577,116.0234516,335.0290055,168.1827976,357.2074875,136.2281525,267.5419376,446.4220843,183.7829425,375.7639637,381.2167505,694.8887051,229.9926545,172.9800979,99.14816074,243.3485155,344.5651299,235.3222232,130.8175682,227.2198399,244.1411359,181.9284051,238.9771995,346.0947969,55.39430999,220.5482808,388.2094251,627.2759179,146.1803043,97.92300598,273.3582911,175.8119421,214.4465937,345.5246628,196.0507827,99.57119342,275.0370076,201.333232,311.4233434,108.0510426,136.9023295,85.72224516,415.4371819,642.7481653,343.8563053,258.0339856,233.2115659,468.5903877,87.4314241,140.6874877,180.9401437,246.6400463,277.0098926,363.2238013,98.29421459,221.5012455,403.5357381,180.64234,194.109602,140.742172,365.6543316,171.9113537,350.1447475,207.1357478,94.00956571,199.500079,329.6764496,238.8087525,411.5390825,251.9486238,734.1159675,111.2921964,805.5396013,198.3703925,321.2567883,125.2207511,444.1460042,245.0539662,384.9960431,267.108428,582.9125091,193.2604954,116.2208565,1168.689015,370.7944633,454.865076,819.1252847,153.8337932,227.1210449,131.0620268,58.0449474,226.3530417,228.1006488,376.3981761,650.1084047,267.6347488,418.6493827,103.0268505,340.914066,378.1679606,200.8777085,391.4543478,65.72061893,629.2833917,374.4930198,482.0265951,407.5004091,521.5234116,140.1003107,565.6434747,467.3602763,548.1908781,614.5489543,174.6349173,284.3322854,334.3450644,242.1166297,375.7421972,336.9018054,206.0333436,91.93216979,198.428147,163.5470448,483.7756752,266.8304131,369.9429821,203.7645693,101.5413939,112.073216,202.7307896,197.8183345,525.9141642,347.3086504,351.1262811,141.4063706,508.9334882,114.6450657,212.7996222,100.4145701,720.0175659,137.2676181,380.068928,182.5334167,1246.786724,170.0091494,135.1079663,322.6674718,217.9898092,208.4849318,219.8897758,759.6207927,959.8684885,299.8808457,383.5953794,51.13186524
165,1563.422098,885.6179393,161.5257851,218.4279572,466.643664,225.8875693,126.324821,648.4436956,144.6783557,293.5285769,240.7718741,917.0838424,379.3797548,221.0065708,867.7719504,289.4946619,598.8151787,258.3509536,296.0323874,288.8663275,219.0154676,414.0862771,171.3188002,326.0935976,91.97125227,220.0352985,207.7380949,222.4215911,382.2902382,490.9075825,84.0321168,257.8390222,528.5106294,131.1362559,472.4218933,422.2465525,174.6336366,584.2175456,201.9489375,136.8957473,567.9278954,139.9443367,92.08557976,138.5303045,444.6018477,104.8863663,120.3341183,320.6043454,180.6776196,366.05046,135.7338741,273.5374626,401.7926426,186.4864993,384.2586923,374.6337726,671.0234874,217.2480489,167.2382411,103.5906179,236.5617726,362.2789562,241.1070177,130.8404113,225.5338545,254.4239913,194.4711713,242.3823884,337.075643,57.09841431,206.3685082,390.4897592,627.2659772,140.9438242,91.00290411,291.0904198,173.8536301,240.9764097,329.1972819,198.2817561,100.7574073,269.0991152,199.6257264,304.1555556,109.8479478,146.5469649,83.48191753,419.9310673,600.6984193,353.1440158,239.6111498,233.8468025,453.3309568,80.50963241,152.321114,192.7826817,248.6782717,262.8830627,365.9746759,96.08436755,237.7018341,403.1036097,202.6274006,199.0589933,139.3707764,349.2541452,168.5375042,360.6381478,223.1098655,96.57373798,191.2943406,322.2957357,247.4486165,430.1337786,263.0408862,751.8436558,111.9380183,779.7552308,183.4535093,294.1898535,117.5634384,458.5090901,237.5671655,371.2860558,273.8981344,549.2709172,165.8641388,122.4416291,1198.78143,349.9358444,435.9788932,883.4812517,153.3029744,257.9370979,125.5776062,53.11806646,223.5895865,223.719833,400.5793656,595.7816661,271.0080604,455.1213023,98.42944078,340.3444869,409.4524587,218.685105,396.2460667,67.80293026,649.0967222,369.4351535,523.8779614,392.4493611,475.0736462,144.1165168,594.407371,457.5922593,580.2953778,639.6624911,176.7104274,297.2385901,333.1047549,231.7693864,383.2697674,329.9865317,214.2462374,85.61209083,202.6311344,170.5184268,516.1853326,277.6456045,390.8077698,208.0020176,99.64302958,107.3068928,182.7050713,216.2702329,513.642712,383.4126767,319.8941051,134.7556414,552.0758127,111.7642803,210.6552994,90.62961521,769.6684654,132.7914527,371.379056,192.2405436,1272.343689,162.1156118,141.556847,303.605432,216.2090103,187.677584,206.7243064,807.8020343,973.051134,291.8312411,386.6392192,49.16323004
166,1543.585152,877.7873782,178.2184167,214.8376101,455.967463,234.262336,132.2811614,624.398688,152.6898429,292.7182905,253.3148446,881.6850423,380.3011816,217.4824435,876.4130929,270.7744474,566.4639942,246.8773358,285.9871607,270.756875,229.3712252,407.206705,168.8814032,333.5072418,91.97065356,249.3417246,202.6837874,212.3853049,389.3052783,509.4041312,90.66442924,255.6554817,490.1850181,127.7185055,467.3633782,448.2783061,172.1938999,622.7827879,200.6419772,137.214002,526.7156394,136.9901519,98.83471953,138.033723,488.1869861,91.66885617,122.1948526,306.6774683,178.0650113,369.5138277,145.1169108,281.7364346,419.2648035,186.7740254,353.179435,376.6226734,697.2934575,231.3142694,156.0758296,99.52694085,256.1661739,353.4444017,254.7135964,129.442151,224.3397557,296.0422449,186.7259778,243.9183379,289.6691096,50.79077935,202.9643688,369.4134884,667.8934387,153.7445125,91.88461698,285.0383492,182.8860253,224.25224,340.232195,194.1852208,106.8699919,263.1832432,214.0020034,312.4436313,104.2315033,153.771454,75.14656805,470.4867812,611.1733148,353.2671166,252.7384852,235.9914005,478.985935,82.755478,162.5948264,183.2460498,263.3481706,276.5262548,329.6938694,95.04948578,213.4219372,394.6332583,197.3763868,194.2725731,135.7940834,337.9074073,170.5269679,343.5997398,221.8109408,92.70718637,184.9398655,323.0307176,251.8704072,416.9804375,285.5572654,728.8796896,110.9585677,705.4920943,210.5213945,284.582537,118.1275874,528.6791684,231.1056761,409.2047027,255.7934616,547.3435076,170.7142811,114.2195816,1141.942134,356.3474693,462.5821722,832.2846335,150.2464137,272.9803865,140.0151662,49.20977564,220.2583737,215.574661,420.6714329,617.6320469,275.7763952,413.8298998,98.87145559,353.2927179,408.5521487,226.900836,420.4364229,64.03314632,630.6454321,359.50411,510.5112879,405.237302,475.6779768,133.7146025,567.2673423,461.8489023,608.966886,654.9949729,189.4539128,317.6574843,335.1204869,240.8517526,388.4545287,348.005759,214.4725051,90.19427279,204.4649212,180.1598583,562.6333781,304.5274291,398.8899174,205.8737972,97.64834819,105.111835,187.8846853,218.1683451,519.8195894,420.4570119,328.934378,136.7497679,551.9278837,102.4569623,181.4861201,90.4503684,801.6012443,134.9741558,413.1305274,211.9346987,1371.000183,170.8341616,142.5650703,306.5904089,235.0556931,191.8171765,198.7099035,840.4026502,933.1694757,301.4659957,358.3923154,49.74233022
167,1460.670361,921.154218,189.8410943,216.6028137,466.1701031,229.1721534,137.9241892,668.8224647,157.5460183,326.7319235,292.7732664,901.243387,344.7346725,209.6999561,910.0615433,305.1593547,545.9258767,232.9981016,273.8556326,269.1969862,220.0914794,409.5672092,179.9723387,319.6947832,93.72175718,264.8789216,209.7024535,199.9775084,371.103556,484.1891035,99.48504526,265.1130732,494.6693247,122.4875126,448.3320415,471.9797971,156.0709977,684.4791347,204.825888,134.9963805,547.5079026,145.603324,105.0746138,132.9854713,493.3206442,97.97050641,126.174609,315.9683863,183.17428,363.1750928,148.8056859,275.6155277,425.5145896,175.5056833,344.7831183,378.2107695,714.1190177,224.9061852,163.4822028,93.84246006,264.6150766,353.5783663,250.2444204,120.3588193,233.9207761,280.9566432,177.6328833,264.2285189,284.4448527,50.40599386,218.358928,376.0061771,675.0580525,139.5189142,93.41580904,289.6595545,181.6256483,230.640651,360.8553244,203.2572647,106.1993163,265.0644215,238.1859924,313.2173056,103.3907029,148.1983817,76.70613742,469.0647489,569.2947081,367.1407508,274.9302082,237.2367498,483.5821883,82.78533442,168.0875609,178.7408955,233.6975211,274.3533662,334.2098953,96.03779655,212.3379249,388.0003719,189.7336231,181.0083771,143.2116098,322.3283514,166.007318,352.9650514,230.6039844,82.5502822,175.5423091,343.0760664,260.5182113,438.932112,288.0877476,703.5585046,110.8371484,777.4998762,210.5194687,320.8435932,107.323818,503.5509935,237.3505097,416.3115444,274.8326841,564.7788686,186.1386774,124.6016844,1126.367384,344.051263,464.8029363,772.8625399,147.134356,249.3299844,144.6442045,48.9887357,205.0764092,210.4279981,427.3201977,616.9490379,275.5375608,412.2402634,100.6035396,385.5379357,398.360462,225.7473295,439.3347973,67.4560355,613.8660954,363.9209011,500.3630567,418.815752,467.2626076,139.6027087,616.2040901,490.9333868,567.3470216,679.321365,181.9140997,315.6243283,322.6683436,243.8285474,368.2540487,327.2188857,229.3070169,78.34089741,196.1799942,182.9534953,554.0640606,269.9346741,413.1478391,202.9331593,99.77915713,101.3994789,206.820124,215.2278102,504.7195723,420.0914783,352.5342792,137.3003651,557.409021,97.22542975,209.4972302,90.90048427,831.5661711,135.229433,435.3039201,212.6384628,1457.170856,150.4193199,147.99391,329.8793636,231.4884234,196.4928471,195.8279969,901.8022187,1002.81802,315.1323174,348.5363506,46.7445047
168,1466.061866,945.4275853,178.6416314,226.9015537,486.8396145,212.2975054,138.5440169,697.4153458,167.1872296,335.3828341,288.2768601,911.4739522,332.9052446,207.5385702,868.9903092,309.2771767,517.1009345,224.3987361,289.7323911,256.5491127,203.3872616,405.6591021,156.7183031,334.5714272,93.73642589,253.0905358,207.6306979,200.2064985,394.1171924,463.6266907,111.8306172,297.5616241,481.6386976,122.9578504,430.2825888,479.4663387,149.1150819,730.9099574,214.0937015,141.3855869,553.0070332,142.6425767,107.5572757,148.1416452,462.287227,102.4943077,110.9162012,303.0731391,171.3244213,365.6966569,149.9176659,269.3490679,449.5289422,170.6575855,343.9751498,341.2033796,714.5382938,213.7043812,161.1313452,98.30013592,265.7527746,356.8429872,240.0548436,111.1559214,236.471939,259.4791043,181.1790205,279.4271187,280.4925424,47.84482353,217.5603164,362.1485157,765.833692,141.0161477,88.73214529,317.0240854,163.6260114,220.3305847,366.04971,225.3278168,102.6986338,250.2934741,248.7718798,302.7696388,102.3473485,156.281963,79.47476111,501.7447417,565.4030547,372.4925792,271.855109,275.4386771,511.1755745,80.57234137,166.1788345,178.9040271,238.5936984,267.731807,362.3398736,97.13983125,208.124736,394.1270048,179.5323516,182.0451586,140.7744098,321.1762471,179.7118306,367.4070998,208.8597779,82.09676239,182.3396005,363.0536461,253.0285094,424.5022357,261.0258705,789.3466332,118.5081873,792.7189595,203.4094475,349.3361976,110.4019603,560.3033253,267.9993595,408.8769296,277.2442806,546.5557202,184.3369292,117.4074667,1061.824627,358.5622107,477.2710589,788.8790829,150.1713435,236.7262101,160.8104618,47.71145594,215.3214244,201.4757228,402.2765718,721.9636779,283.0423598,383.1130893,99.29957883,394.9947928,400.0768771,225.9295535,476.9457702,66.1888588,615.7701418,346.5894072,500.1717009,429.8825677,515.7492201,135.3680151,617.6043875,489.606393,574.7318644,668.4594607,169.5407441,326.4419499,308.9047052,232.7047148,410.3500736,327.2358302,245.6750726,79.75455355,185.6629763,187.3212623,540.8550758,302.2504374,448.5446437,203.8387662,99.66772656,102.8588931,219.4291377,222.4612667,513.1425335,438.179934,358.8790123,130.5133904,555.3176622,99.83204578,213.6396088,91.11270552,840.7946205,141.6004474,430.1319518,212.9897869,1436.488421,139.7905253,161.6217622,312.4231891,239.7294034,187.8142885,215.4849985,888.8093145,994.1171306,336.8171674,347.595514,43.60292357
169,1531.908239,1067.241803,181.9210929,234.5036946,536.321176,209.0482565,137.670243,718.9030094,169.0080066,328.1936959,274.6063924,839.2710484,318.6836797,220.1226839,923.9422855,326.7151769,483.6384577,237.4600458,287.9406975,258.0988517,200.2764039,415.9193367,163.8668174,343.3545103,93.09472166,234.2669108,205.6717455,194.8707093,402.9912181,503.5858275,106.9656224,298.2475788,482.5609489,115.0494526,429.9742509,503.1819345,145.0440531,748.6995806,219.5901145,150.4522077,598.563053,129.5694739,110.511677,161.8924593,499.0083009,101.0429928,114.3865302,310.2536796,158.3950206,382.3074933,147.8844264,272.7640162,460.0378906,173.8408087,342.5100207,372.1692755,746.5089756,235.0161723,161.6742906,95.72728563,259.4661987,345.3717442,237.0971369,121.1589002,246.157067,262.6445345,180.9551186,304.4908592,265.9084758,50.32731645,214.8349328,370.2896353,784.397079,144.9192312,90.5033608,307.1550995,153.0240012,200.0068329,368.7912746,233.2335779,100.8866709,241.6679975,247.100547,289.5218661,103.8296828,160.8368401,76.52861262,495.7859044,588.8665125,378.7189737,275.1476732,314.3874332,489.3576365,79.28148933,174.5781464,187.7515939,220.6850275,279.6251408,364.1050379,101.3454539,212.5104932,436.1085913,186.128163,206.4621471,136.9969391,323.3050131,185.5021301,384.7305822,198.5099631,83.59934614,195.0825568,375.3904896,267.1991894,435.2589869,274.5640804,826.8754147,125.9579944,791.7014044,182.6348461,332.8334044,110.7852626,559.9637162,242.3401258,366.0728979,267.7590661,520.236174,195.7493642,106.352618,1058.45796,363.6313687,472.9464552,819.2479975,159.8786976,220.2222621,167.8079652,48.32008482,226.0622367,190.5126454,406.4812009,760.2986798,277.5585074,392.4435199,107.0298601,424.9147292,387.4698024,215.6681472,471.7667636,70.56356133,677.2624617,325.4443595,542.6631515,431.9655633,494.7073552,140.8990331,607.8269142,472.0654578,567.0591948,699.2381332,165.7490857,327.232912,309.3624545,231.1883488,401.7195922,325.2906915,233.1652086,82.58284022,196.4987582,199.169382,534.2464131,285.399668,501.3201969,226.8107699,103.7247971,103.4930529,231.4989762,211.5272251,475.7158285,430.97411,334.9817937,129.5770201,587.7524543,100.1348637,229.8933453,85.92687556,786.8931836,157.9474249,477.7467375,205.4677569,1510.564249,137.1807519,163.9058831,322.137522,229.8029291,182.8838073,210.0919607,889.0796686,1060.046069,341.4336709,349.956396,44.03958194
170,1659.549424,1062.114967,202.8855068,218.0139879,543.8461736,205.9118001,133.5154087,700.9963037,186.417346,308.4796686,278.7262005,919.3113935,316.9330401,208.9819207,850.4367786,331.8579883,505.1392685,236.8718542,302.07724,273.3003752,199.9316044,387.5456085,173.003507,342.3037665,93.0141015,225.107989,202.1688108,211.0058466,454.5821433,485.7946144,97.93728969,290.9750605,506.1520345,120.9729768,423.0565649,482.6449706,154.3650181,743.3600475,209.3755563,160.5862852,565.4074679,131.7426977,101.7794033,181.1002471,489.5991309,103.5100837,123.5676205,334.3524628,148.6701285,388.6723737,150.2597522,275.8843583,472.1367407,188.2692107,331.4326445,400.4203334,705.6880645,235.307543,161.8159644,94.99871084,227.8639475,323.4091316,206.6791557,120.5460618,243.9653315,272.3438191,211.1707077,342.4354333,277.2839134,49.06932594,223.0946246,378.0426799,727.7387338,159.5519004,91.79267628,321.2451488,160.066085,214.5690267,347.3622071,237.3074062,93.95854619,235.6213881,265.4494391,294.7828206,92.540073,164.4387941,74.45318087,508.131273,596.3667508,382.2066902,286.9323286,296.5188717,491.6508477,80.07056477,167.0826575,195.3584801,221.953067,309.4434581,373.7161141,104.3265112,207.0239268,465.397127,179.6803036,189.7073034,131.3317655,318.6099278,201.0925807,416.4488416,207.4198875,84.23782397,199.4597609,355.5668233,272.6427604,423.9406948,290.9264837,748.6524462,123.9751385,764.0649362,192.0638943,369.036438,113.3117843,590.2938073,227.0316402,381.2948229,261.9682068,524.9757913,197.3925578,99.685512,974.5317802,388.3987853,441.5575118,808.5441359,152.8735306,220.9188094,156.1171123,47.85915393,241.1654311,203.9701672,417.670342,775.2179603,274.5053297,421.4894889,97.02262185,394.8669719,401.4259928,204.1363397,489.1218024,71.46155132,631.3192132,318.748276,590.4860207,410.1344137,509.4355582,144.4149051,586.7318473,495.1797746,591.1267231,721.8143647,157.6062423,311.01911,295.5871761,229.0022905,408.6275482,317.6381487,240.4256901,86.07255585,216.1167193,209.0875636,530.5352405,297.1542513,498.8263734,214.9872047,106.5978211,105.9247682,249.6080479,224.91658,444.8618779,399.1614615,343.501655,134.6851696,609.495411,97.07958419,222.3649938,82.21185657,730.6766161,169.1867763,472.3750446,213.8151521,1448.96233,132.0397591,179.4003101,315.1860145,225.0935308,182.97112,203.0631411,888.0735592,1044.894628,318.6836277,334.9890609,44.6560411
171,1539.179323,1115.630267,197.6232136,213.3496477,553.0805746,201.0679786,143.2894504,697.3196759,203.8093018,330.1592837,285.4821114,979.6169471,311.5761938,203.7651893,868.2363707,321.8015712,496.2357727,232.0985952,297.8952267,280.9952106,193.0553812,352.3544316,175.4704694,314.1112538,92.94091681,226.1107989,213.1967962,210.602064,472.6273606,470.11785,99.63990076,288.2874596,495.0521345,118.4312394,453.1072586,484.2932896,177.6255514,732.0536034,195.5674314,155.5690084,582.8494056,142.767771,108.6153475,184.0656527,520.1315358,103.9793226,130.7171642,342.9433424,143.4037172,398.9275336,157.5517536,274.5861379,471.6196399,161.2300451,328.7446572,393.033582,728.4757363,246.9975661,169.1205126,105.3622682,247.4845678,337.1983131,184.7395591,124.2019597,247.8653252,276.9305255,223.8786903,367.9298814,271.4192747,50.73997195,257.6919051,364.9068005,807.3524989,157.3011616,92.65494981,317.5624089,154.6314465,226.7215223,356.0328631,233.58447,89.57239702,218.9427372,262.4612437,291.9523999,91.81328326,168.5039634,79.9186229,493.2071527,611.5802912,402.1056494,280.832074,287.7301013,508.7605198,87.20903403,178.9151735,178.8145128,232.0168414,323.9021448,373.370471,104.1652489,206.0157176,481.6560213,187.9502247,192.1388946,127.5246201,287.5646586,196.7284471,432.822424,215.1334015,81.67280966,201.104231,351.4915852,297.0115729,425.724685,288.6084238,829.3621314,118.2810776,755.4389823,174.1417151,341.2799784,101.4191121,627.8262094,235.0131616,417.6443934,271.7062033,526.4585533,218.6470933,106.2368838,983.9360119,367.7160477,460.820052,801.2379669,154.8452671,235.2360117,159.7153946,49.85834239,235.3904859,210.2387709,382.0317783,758.4951225,275.8724195,400.8271449,101.9360111,416.334454,379.6367548,196.6189774,457.4739138,69.26844096,670.9505757,291.9428721,622.2453748,434.4190262,514.5367956,143.2743472,619.2623568,533.8889316,577.2586166,749.5623041,154.6511947,294.461685,282.562956,233.9266276,420.948951,325.7484407,249.5370189,98.79777211,208.9874702,236.6191694,549.5283501,296.1986621,533.0054596,198.6465064,116.3742082,107.0279824,242.4493536,225.0826438,464.4704705,382.7725675,369.1929446,130.9312918,598.1480251,98.46530538,228.804725,82.01236319,781.5042509,166.5541377,431.4502244,204.5283397,1485.539832,128.3004763,187.1141326,345.6646386,233.841124,187.1415687,192.9999702,952.2354441,1025.619912,343.0701012,335.1845158,48.54327452
172,1547.955705,1080.668874,196.1195879,215.8427362,575.2367126,209.2661668,149.9475343,671.6590569,199.7626592,328.5867082,276.2435118,971.4353219,307.4531849,210.9298393,845.2591257,345.1682524,510.9161676,232.9231727,292.9522011,283.7876507,194.0787973,322.5767509,165.2532018,300.5799016,91.76655645,235.0141224,206.2101275,221.5305007,436.9167856,445.8572655,95.50434435,271.0346627,494.1898808,117.5858531,476.0893058,457.2413551,175.9168408,761.4596571,192.3126166,160.9714484,580.4027513,136.606958,106.7717242,182.2457462,517.4253166,99.63653239,136.7322184,387.9718415,136.7403427,391.4680162,154.2227897,287.7555886,459.8298925,159.8966012,349.6391713,389.9537256,780.1530186,256.535657,168.2525017,99.43418228,253.6178065,363.5283952,191.4402695,133.8401649,245.6562451,270.7001037,229.4429688,393.0578344,266.158793,48.81837255,245.7819642,375.0419963,772.5298739,170.248445,92.02492046,317.5827765,146.6880212,216.9416495,376.5962339,217.4684012,94.99795608,226.8236651,307.075859,280.9371272,86.87725563,184.4246924,80.59195915,524.3756288,545.0987781,401.7878761,271.8903405,271.595172,539.1988224,84.5094149,163.0808932,180.501143,228.8438875,334.1626906,377.4491133,102.3414197,204.0394907,516.4042982,195.133207,202.5829696,141.814244,297.3489243,204.6976266,428.2922646,219.4543134,85.99588692,205.1861852,357.1571939,317.5960477,425.2387699,304.2799389,814.1958849,114.285179,757.0263982,177.8018854,337.6178403,104.8466948,671.8918866,226.3625953,422.6460921,256.0289598,548.1626036,225.7353758,98.76975274,935.9985205,385.6058361,401.8234829,839.4935198,153.6929249,254.6266046,160.0328202,49.85662703,255.6210356,224.2589014,393.2635557,756.4117104,275.13731,372.0147225,105.0833736,431.7639343,362.5096454,194.7195418,461.0951251,65.20282159,622.5463683,307.6827298,665.3184519,426.9289505,532.6995019,140.6883562,662.3089562,493.7932028,584.4549821,708.7587381,162.9135119,300.8679274,301.5193268,227.6969987,432.167564,341.216446,259.4231362,95.47306219,201.4601852,226.7557415,580.9699942,301.6577587,460.0980441,208.9277649,105.6397718,98.99158801,216.2088621,239.7310978,455.1757696,344.4870453,376.7813055,131.3661635,602.603342,96.37409248,221.2527779,76.59299709,713.3754671,170.9775997,390.8616627,193.764247,1377.472504,132.0318144,189.319562,318.8175954,254.5219993,182.3573445,197.9968165,918.9817184,1032.752768,372.2931548,362.4749958,44.87073851
173,1492.938861,1002.210907,184.1973053,208.4047285,583.2365069,199.8681095,161.1565944,724.9268341,201.4405923,352.5089112,258.4069837,991.9027028,302.681367,208.4950788,787.5210512,332.9544671,481.3588844,246.4939271,305.8661982,286.6635057,189.9041075,324.1409058,179.090195,307.8177216,91.08920035,238.2372459,192.7140473,230.177606,419.5494853,465.9161521,92.89198112,272.8795387,500.4409187,112.0524927,487.4060912,472.1887117,187.5241288,767.9977178,208.3283787,154.4815499,594.0469644,147.4543214,109.6710101,175.3761008,558.5713949,94.70740038,122.7943897,362.7110836,146.4694083,382.8373315,155.7624694,284.5501764,456.5915869,168.4862869,324.252425,375.7581113,780.7669899,255.2929373,169.083819,105.1472293,237.7615645,383.6622821,197.2201555,154.1741355,265.8499876,287.1896822,240.9598399,398.0920833,263.045141,48.16230578,256.2213902,360.8822426,792.8666831,165.2778264,91.6550144,327.0697181,133.2550408,232.3409865,398.1367709,224.3228048,97.81362424,225.46974,286.4249035,298.18942,89.46991882,173.4887687,71.92794437,572.1783564,563.5311857,407.7801071,247.761608,268.4826688,537.439647,85.25220979,171.5853464,191.8273321,231.6116893,346.6401007,370.8575165,108.2716747,213.7748328,504.3705565,190.3140358,200.8429308,146.4777403,326.7055533,192.1746294,413.8787215,204.3691996,98.75663668,213.1489985,353.9263627,319.6137429,411.5720986,283.934338,916.8940873,105.1588018,698.4141881,176.9051546,344.4750488,104.3100164,679.8743441,248.0276095,435.2439224,294.403907,609.9610993,219.1814051,101.4433895,918.9302308,391.1340696,432.3576859,864.9889289,154.2136993,236.4617616,160.39066,56.29770587,258.1682701,234.7605788,407.6581504,725.7127734,304.1152677,375.2440968,99.74091704,478.3680736,370.655891,201.9154312,449.6070523,63.60318546,659.5885945,330.1871986,711.3068879,440.3915665,524.2904462,128.7999403,668.4463838,522.3905236,583.8691869,690.6158669,155.3353392,333.0079451,296.8757939,241.9145937,439.5388498,347.3869101,278.7672061,99.52243176,189.9581512,254.9205831,556.6369954,312.127409,489.6955619,190.4085714,105.774686,97.73477742,230.29467,243.5690762,464.6108654,312.8062962,398.158718,122.7328283,608.0505861,87.92864112,242.3240528,79.535751,719.1839104,170.185265,427.1611429,201.6000833,1378.876667,130.5997264,205.6352478,297.8387964,252.4481575,201.7837345,206.0490632,881.2934745,1054.205617,330.6292495,379.6008438,45.16958835
174,1580.988669,1063.899228,185.868252,231.496585,572.2668782,195.4626092,161.7301478,742.8073937,212.1194394,358.4072971,245.3476784,914.6598903,273.6999495,221.4383081,761.1249582,330.7406023,429.7479968,243.7698848,279.827753,271.8036063,197.9092908,333.9271276,186.7511803,322.6582315,84.92133763,248.8887078,184.2657989,229.7300697,444.2846092,447.6422543,89.47781374,321.9823408,477.3296384,116.645848,511.9882387,462.5926586,189.2857798,804.9750308,197.4235878,153.1739744,559.1955763,152.1545625,102.7278864,175.4709756,571.5442837,90.94529435,112.3594136,341.3179988,167.2027019,378.0496407,164.341189,273.1520817,475.6779894,184.0292451,313.4591831,372.1545071,841.5324776,245.593458,181.5185492,98.2564986,239.7549551,392.7977326,203.3722914,160.3601569,268.7759755,297.7412557,258.246158,449.6513559,279.3661503,49.03051441,244.4122293,365.697549,735.4432022,156.7729067,90.08300161,371.5490852,127.7964276,230.0944719,420.7846416,231.3277281,88.23806615,220.2979974,278.8808866,322.4795004,87.53436851,175.740643,71.47647957,544.273528,537.4075512,432.1512054,256.2938798,262.5010702,509.93034,87.0312313,176.5182901,200.3776351,222.8134037,336.4518636,347.053981,104.4137613,228.403422,520.3798484,179.297878,213.272379,168.3827413,327.5723805,205.0540784,430.5247965,198.6066759,105.7434914,218.3858238,343.7043265,313.4958713,448.1945107,278.5457852,909.8039394,100.1955429,659.588413,169.1320739,331.851873,108.3924122,688.5796979,249.6102092,429.2071413,295.3412579,618.8772934,211.1636367,99.96776978,973.5794884,417.3610965,416.1621452,849.8421811,165.4370852,232.5099049,162.7382291,54.89678017,262.2559307,242.386397,392.4559314,734.0562459,317.5682075,375.2797851,102.5854371,492.9264652,341.5694723,186.1136688,489.884096,63.21889766,608.2413058,336.6334233,685.8725387,467.6561326,515.767881,140.5602108,659.5738227,554.5963832,545.758423,729.8937893,150.4439943,359.8555299,295.5280766,245.0239464,417.4300152,334.0981438,265.7538281,98.24778435,188.5853811,268.2503201,549.6982869,295.7933497,489.344347,181.0314505,101.5537995,100.4499279,217.8034047,221.3333192,443.1843262,285.7327296,407.3546317,129.6557843,576.4814773,89.91248166,221.0002053,84.07399308,665.7930281,183.5633536,435.7287456,190.2333512,1353.538604,135.7381145,224.7192369,315.1102258,251.6242823,207.9946947,212.2213106,879.5707243,1102.273406,344.6014677,371.4719703,41.09022303
175,1590.132377,1008.049681,192.9777176,228.2460929,567.0448924,195.5905496,155.6143011,738.2215331,226.6252747,382.7650241,236.8833571,936.8987115,253.9209215,226.6357389,808.0480867,305.8378262,420.7600164,256.525048,278.8290536,257.9215553,193.7667007,325.1639741,196.4821342,314.787767,84.22570399,264.7367644,169.9823298,219.4792209,418.8155502,434.3011906,98.89059439,294.3260934,478.6805443,123.0442268,514.3494752,427.514014,180.3843959,874.1890342,200.6832737,162.1291486,612.5576297,142.8129652,95.35177178,190.6961753,551.4752316,91.34098929,112.7388903,334.337242,168.7044048,398.9999627,158.9133382,259.3373114,468.1061028,189.9600596,301.7909015,353.2213189,827.215628,267.7901657,192.6788856,95.36489688,268.2440597,382.4186644,209.8110032,163.2674609,252.5473297,311.6845239,272.1302336,436.3477109,279.7214547,51.39449623,231.303847,331.3174642,734.0834647,151.2011452,92.6114334,397.6478481,134.548912,265.7231196,409.4405019,249.3051988,89.13801534,229.0237216,288.0191912,301.3773817,92.19277846,180.7321768,66.70345503,561.1374032,523.7411767,437.6396097,269.8004225,269.2883662,508.508797,88.86914436,171.8092482,209.1586103,215.7881884,332.0446357,358.8130577,100.3171558,225.1810225,534.1662822,187.1095243,221.184895,179.4873605,321.0714465,211.5564299,430.6037113,185.5199171,107.958204,213.0771522,340.1631692,312.0077269,449.6811743,267.7482165,863.7299358,110.0714357,688.740082,164.6553163,350.3280425,107.7791213,737.4701576,233.7573251,396.6582809,300.1221276,611.3013604,208.3895716,111.9440212,984.4527749,413.8633102,440.1885861,823.8283452,163.9056447,233.4987956,177.1711488,55.58374374,256.2822367,253.5175386,411.8972122,764.7854299,348.5761182,378.9354945,106.0574477,498.7120427,363.4820236,180.3357552,492.2060659,67.00944354,652.8381024,329.349592,717.1546438,496.2689967,522.3987404,148.0904923,702.2307964,527.0196999,524.3067525,683.4881706,159.7887773,388.6468235,290.4135843,255.7156747,403.8983101,312.2451663,243.4133253,99.30006511,183.4825062,259.2253947,514.1990236,277.6133338,486.6252018,173.2341054,101.3924918,96.88806957,203.6189289,220.9347548,434.4112017,283.357192,429.684314,135.8811662,565.0881605,93.36673491,212.3994992,82.5260475,663.9659521,173.7477534,441.0573208,209.1112165,1300.227505,155.5213486,237.4712273,302.8920629,242.1749139,221.6735201,215.3188613,920.9010046,1045.28052,345.8751537,368.7827358,40.82684663
176,1555.903768,977.2621904,167.4276743,213.5370088,537.039458,202.9181734,162.8246832,697.5967589,211.0098448,394.1962075,216.6440798,1005.397197,254.7124208,221.4744692,858.6072383,302.5253475,423.0009691,249.4293617,251.1288174,254.8611207,209.8463579,299.3805848,202.4434019,339.5505459,79.27662445,256.5729916,182.0774176,206.0901005,386.2796351,464.5112143,99.9545854,290.9555616,505.5623503,123.6135632,547.6371399,420.9045106,196.6930234,865.829417,216.5492602,162.7732252,590.847884,158.9912628,97.60662547,201.3743548,600.5820055,92.34761732,117.8422112,354.5008499,175.0025515,385.8829852,187.4637777,290.0326105,484.5140624,182.1654346,304.5557177,352.2735439,813.8430862,261.3195202,183.5355562,102.5256619,259.7378719,368.9183177,231.230166,184.5478821,259.1523816,281.2056321,266.9304685,475.4184823,307.0319297,50.87660859,249.0950742,354.3598181,790.0777079,164.7507448,94.64144976,396.5034814,131.9081189,267.2511075,437.2763822,266.9862373,88.19813855,214.0188923,291.4562073,304.426806,88.95490742,179.9793653,61.58547148,560.1233894,479.6435651,454.6112289,267.7440576,303.3712736,509.5241952,97.27233332,154.7014011,206.8402597,228.0362322,317.3878287,361.6398873,103.8795547,220.0354845,565.2121782,178.7499614,220.5683239,181.1235685,347.0188,198.5853125,428.2381881,181.089523,102.8916427,221.757628,318.7932224,311.9019567,458.6028253,296.6165301,954.9188285,116.1481143,732.3693404,170.4275217,342.2797385,108.2560953,706.4327345,228.3003193,412.4594646,317.3500987,586.072999,200.0217571,111.656135,959.481127,450.3009603,455.0581698,876.0421025,166.9879261,220.7934908,181.981834,57.48449257,252.94497,252.4523937,398.3120935,736.3746641,352.839141,373.4249867,108.518246,496.912872,352.2469696,182.8969312,487.6941819,64.31790313,716.238436,335.4567427,668.1676082,529.2569734,545.4616264,152.6704859,704.1879929,511.0401575,540.3482517,736.577173,152.1510549,395.8084372,289.7423925,257.6882361,405.3537917,296.8742164,228.9212465,97.66997525,178.0142965,271.8874438,552.1879591,287.8962282,500.9400708,176.9588966,101.6929723,92.30845576,195.5669344,240.6609284,420.3771582,283.4640314,470.4232915,127.7545601,603.0210141,111.6282924,204.4349071,75.97827087,640.1178919,172.0733978,443.0288571,207.8493782,1240.549116,151.8179592,224.4644939,299.432373,256.557497,228.2550051,219.0956684,871.1982958,1051.911323,329.887772,359.2071273,37.08764986
177,1671.224856,914.5269808,158.3902637,193.2225254,581.5293625,210.3550402,181.5460979,661.4721579,230.8183365,383.0592334,206.9178102,970.664674,254.2025771,222.7965548,770.6132903,318.0975756,456.8852819,233.7967729,248.1103917,263.3296581,211.7232858,279.7482823,180.5615399,345.8866402,79.99765277,261.1585235,170.7791161,212.3791228,384.2877409,486.1679296,107.1913457,280.4847834,503.0063367,120.1567022,581.9510862,459.7640997,202.3368727,891.5790835,208.6661153,146.7124891,562.5299334,180.2178992,99.64786182,193.102871,582.2243794,89.11734827,116.2632784,328.012349,200.8059583,382.1541973,212.4150096,291.3684729,489.3190924,165.5529979,311.8591702,334.4467704,819.39959,265.4779884,179.1089765,96.95352519,236.1430348,417.9621145,218.9556824,183.3551658,257.9616728,291.1224589,283.6561457,483.3833045,319.615124,56.32943645,271.0372199,358.5191213,735.316281,182.4821254,97.25309146,395.463363,124.5711247,290.4185789,421.6616503,253.441869,82.72988197,227.2303674,305.6313087,319.4663947,86.42812772,175.8675605,65.4258413,547.1064283,461.1011007,441.8488081,286.2514612,281.8974383,516.3239123,100.9950058,157.1663966,215.8832068,227.0456072,324.6916964,371.4759136,110.5545474,237.0820396,597.5168018,180.5604218,223.1413005,168.3221787,371.8233216,205.6644555,439.3989191,184.8760225,109.1738342,237.9298617,277.7457223,327.6021797,443.1223514,282.7702825,921.5803199,121.9862403,667.6804978,179.7876423,332.1428709,102.7153317,715.8712882,216.9266796,422.0182267,344.4090602,572.3084439,178.0563114,105.9654709,1039.917767,436.2106533,442.7422993,933.5847192,154.7509067,216.5115358,174.3913247,56.45757049,261.3624081,251.5969186,388.2623894,717.4204321,347.1209904,378.9781013,118.0211822,496.6267196,379.2333022,188.8777978,521.0088269,64.11796227,817.2322774,322.3774944,685.3504887,573.5672888,558.758718,156.0657254,720.5025383,476.8586821,544.9805627,721.818078,169.8754444,396.6959149,284.3439448,265.4370648,409.7971975,304.1958636,221.5953161,114.674994,180.8198191,300.0181837,562.2961834,293.0756598,443.5701756,190.1475094,89.33326512,99.93935753,204.7255041,239.6914744,385.3376502,280.8473755,449.5059527,125.6203109,549.3546929,108.5918008,207.0129791,82.01770632,663.417588,184.5171217,441.2934414,195.018593,1329.802846,153.7266084,212.1083353,289.9912651,253.2650096,206.2301384,219.6500257,858.7244054,1066.501505,381.9885536,370.0001568,37.34701789
178,1710.516927,994.5575457,159.3916458,185.5239149,649.6538598,222.1767311,166.7105484,621.9348566,203.8576124,374.5932986,190.4872555,957.7708708,266.4548411,241.002672,859.9328465,319.1567746,472.7978907,244.4454173,237.5510679,248.835628,201.865012,271.1155021,195.5650539,328.3760568,79.74449268,273.8927512,177.3408837,214.7440628,409.3858516,491.451261,102.9988551,280.3104708,520.7968573,116.8850118,583.9090415,434.8034396,186.8052283,836.1095178,199.0250135,152.5387429,538.5856479,179.6869284,97.32696067,179.3195237,560.2973353,90.29593349,115.9241451,323.9866267,205.8240352,355.5346197,220.7465198,286.8353206,500.7109264,167.1454001,282.6826315,327.3307487,774.5760268,267.0911647,177.264466,95.65829205,231.9832637,424.4695108,197.2744072,178.8638983,265.7248674,293.4333355,303.4932531,491.3492492,319.7481541,50.53053811,272.0784961,371.4233166,746.6584805,170.0211167,96.13814312,398.2229375,121.4769957,298.0554218,461.2254102,236.8014424,92.27287569,229.1751686,294.3677128,306.2097418,81.89168464,180.512483,65.68107845,574.8081128,445.0728579,446.8565416,306.0005757,307.3531036,495.8285462,107.274398,155.3802186,204.2234808,226.3870853,333.4379817,365.5799198,124.5342448,240.9244828,620.9058472,184.5374928,230.5238857,162.517781,378.3560956,212.2135751,440.2384552,177.7689453,105.7734424,242.5454093,281.7800299,338.7666604,475.9834682,297.2702761,987.0238114,120.9460839,672.7403392,169.2304,327.3444875,107.0322668,717.0974239,221.6426565,440.9367929,344.2246278,554.7391528,166.2678893,97.67250764,944.8139488,452.9445021,536.7032671,920.8081533,162.5978435,217.9751825,192.3111405,54.65399956,276.9153951,247.5971912,364.8217464,726.4435625,373.2660306,349.3622562,116.6498288,490.6092939,400.4056231,199.1615013,505.333422,60.3767467,787.1214781,344.5458964,690.1864157,549.9005917,544.8732103,165.2741042,742.7278213,475.9979725,529.9905007,711.8180869,163.2400844,377.1884279,289.9349219,256.0296498,421.9462631,301.5751775,215.9030895,123.7080995,187.4818512,316.3529245,558.0501893,290.9598103,474.3695499,203.2592886,93.92392491,99.27435728,221.2552318,248.3760843,378.2923193,278.1184258,456.6524717,140.638376,556.8035393,106.5026928,206.0681148,86.39443093,640.0378853,195.0464245,437.5260845,201.710269,1350.386083,148.1097968,226.2574566,292.2790237,244.5926328,183.5326354,207.6673626,829.9828226,983.2127971,347.9728616,381.2129804,38.76071685
179,1776.053117,1004.685281,152.2143269,200.9689712,612.1534701,222.5921737,154.0309879,620.3886599,221.8782059,360.7499788,223.1347822,996.5224536,278.5509863,235.7298833,814.2663593,346.3909713,495.1731235,253.7182117,252.6430529,254.2760185,199.6032714,279.0874395,202.96179,296.6483101,75.02957019,327.7357282,155.8940113,207.8278717,420.6136729,459.9597789,100.2350454,292.165946,516.6068574,116.7336584,627.4435446,462.1808571,198.1198968,812.8106108,216.8734891,153.9454016,546.8433612,161.054739,91.84116674,174.3910288,598.1848141,91.08426997,122.8354595,345.1901965,189.7685198,341.5310502,217.2943741,291.5263832,505.2122219,155.6303234,286.7354295,345.9815371,736.4629986,289.4836184,184.7515317,90.8944162,247.7038224,411.5828589,196.4362237,168.4005198,306.979869,303.733798,303.8218937,480.3535445,349.8375734,45.18507168,265.1136515,347.4104907,726.0492127,160.6246402,102.7443649,378.8306526,119.1242374,269.3367348,470.2466602,240.7600315,90.31183229,238.1019175,284.3186356,312.4111734,79.60140667,204.9406485,63.45192146,562.6843132,448.3393927,479.7347201,304.0708468,313.3635524,499.6855344,107.2856389,149.8247205,218.7396994,235.7596244,333.0420392,378.1680359,128.6297656,252.623291,578.9143982,183.2194494,224.5001451,168.1464067,389.1094453,198.1209219,462.0631568,175.854525,106.61517,241.9424939,289.9103981,352.1850213,467.0366172,289.9343862,1031.695352,114.8534357,649.9831262,175.4016479,333.8739876,114.7259082,674.8362967,232.5642329,477.3495081,354.1046822,501.0216426,167.1741773,86.56648614,994.625976,435.7297822,557.6960035,930.6490339,174.5282691,219.0181642,179.4275846,54.88378646,285.3338952,266.636667,371.8878954,754.932828,348.7875102,319.8889589,109.5471691,507.1976614,389.5056484,186.1582787,460.6999532,57.80212991,773.2803854,340.4636019,652.38313,533.8945141,580.6663049,166.3148283,758.1613714,496.288591,536.8502328,718.3708334,169.2551749,383.8337616,321.6126353,268.6395188,442.5221975,273.7426398,220.4833978,127.6048897,207.1942892,326.6501515,546.5761705,287.1626529,461.4796386,207.9975088,90.46919945,107.2184756,228.7293625,271.8155363,387.2262301,285.5155386,475.2910967,141.9933141,494.8856767,111.9246693,212.4873722,88.73117581,653.3842173,187.4098354,420.134652,191.1886972,1504.513514,160.1602551,211.9579771,274.2209429,249.381139,188.6399,189.446775,875.3205619,1021.699759,354.8209029,378.2754175,37.13469169
180,1741.115229,1018.111646,167.2952175,199.2873664,594.9628598,229.6413808,146.501372,669.2052134,212.9020032,375.4965951,230.509411,1032.390538,291.9994446,227.2782919,778.7184012,362.8038075,507.9328912,260.4730214,256.5093278,257.8697126,195.3162726,273.0333188,184.9835052,300.9268303,76.84341179,336.8778807,156.1194789,210.7109801,390.5612163,450.7588076,97.23662669,307.3868089,515.0190031,116.141404,650.7941965,455.3878304,188.7831794,787.4778516,208.7337818,156.8947775,567.7636479,156.0085981,88.24448611,170.6010915,562.4203615,95.93533498,116.3702476,339.8455891,200.7147385,346.2394101,213.9273313,277.2816707,455.1351384,156.9751405,288.8432625,354.4553957,713.9301588,296.7487921,176.6275745,86.34380256,236.8039878,407.9894809,201.9358194,166.1886883,327.9042004,306.018791,283.9099642,462.7602237,362.787336,46.46728537,284.6904399,331.4403498,726.9380713,170.285693,96.74688831,381.5076907,117.95147,244.6539932,502.0802609,254.7105939,85.19264539,252.1219694,306.5684913,307.8634031,83.81409607,206.6685804,58.8381867,568.1161759,449.3924797,452.2934548,297.6224853,306.4778447,487.0126725,113.0315395,151.6479477,220.603499,232.3287233,339.4833824,411.8222608,130.3085335,235.7457442,577.3884371,195.6683286,235.8696566,181.5414408,374.5643462,180.8535018,446.512097,181.0400721,96.7913533,250.0811241,300.7166041,324.0916711,473.2370397,284.1782795,1071.265075,116.8836305,682.3930952,165.8908382,315.1183914,120.3144007,679.870841,222.3537918,472.2104729,332.6094033,510.4226554,168.3516319,84.73781779,1038.402498,441.8190234,564.2828689,976.0551175,169.9337952,216.4432318,184.8735201,54.35594956,276.1153564,266.0790835,378.6290191,811.7863404,382.9735365,316.7896449,104.3783623,545.880687,388.0591173,179.1892646,469.2161703,54.91264579,813.7320479,313.1270374,694.9796324,538.5269655,560.8624937,155.6325631,765.058739,512.1818463,549.6554134,743.6468121,172.1414528,414.6203163,339.3487978,269.8567075,398.1402833,287.6376263,225.6489883,121.8501379,224.4294718,293.125367,581.0830597,314.7365792,464.7262897,201.8588123,95.28480399,113.698724,259.2570865,296.508746,395.6051594,294.6164681,456.9106177,136.2723379,552.7593868,121.4816467,217.3741389,94.44941791,628.902568,186.3209432,446.9904188,204.5785576,1427.219043,179.1593918,231.4095145,302.5767913,256.5545238,198.1344184,188.8428643,988.9655456,1041.012405,361.5179517,396.2786261,37.03212898
181,1861.853234,996.61193,168.41384,202.2987997,613.8457737,253.4495905,156.5913174,701.5906367,220.2093112,374.6081677,229.839819,1127.08282,299.2047837,259.6383689,715.1484741,383.1265862,533.1639227,232.3636361,269.7099832,250.7989751,210.5669173,281.2050859,193.569158,296.3189805,71.727511,348.4599351,149.7596048,227.6310004,388.0363617,465.7989588,107.3554578,296.319613,582.116693,108.9741985,663.8545182,462.7982984,196.7898425,680.7920094,228.8939635,166.0816775,561.2551353,156.5540016,95.1878567,173.8324549,566.4263157,86.50719356,113.2784616,318.3771094,211.1582536,345.1335154,236.2086754,317.3539561,459.3427067,154.5899586,308.9794706,402.0142687,683.0191533,299.7966621,178.1442921,87.00504533,242.9948623,409.6055473,208.1419673,149.4544544,331.2293773,293.9446747,300.3021928,429.280197,336.5201262,47.51908226,328.631952,325.9842079,706.5531742,157.1298881,94.9433228,391.2744108,117.8178602,258.4175702,477.8940543,256.9818301,80.45597268,243.7689747,270.277161,305.8881938,87.94811524,212.1166978,61.26053525,561.0296297,439.7350396,467.8762032,286.638564,297.3674025,473.5199488,115.8212831,154.3731107,227.9341688,228.1935654,370.4835664,415.9672907,123.5481765,233.7473349,562.1863292,192.9232585,243.629218,186.4619275,393.2646296,196.3350896,448.620904,174.4645582,99.82217444,267.4720353,297.9870768,332.5934301,494.9446852,284.3561651,1036.871466,118.4981025,716.7091264,171.4963662,320.9803381,121.1300606,724.8243411,211.9477377,474.4088384,325.2238922,557.88385,180.262023,87.46007415,1000.185646,431.8852967,554.9701815,1038.174378,183.4502275,209.8248625,192.0988066,52.62937778,276.389892,253.4687644,361.1043345,853.0727747,384.7800184,305.6823369,102.3020573,558.9084726,363.5382112,181.7693002,466.9190355,50.88295782,817.1092362,313.6174159,780.9898265,545.2217103,666.8440852,165.2919826,740.3379586,531.1465711,495.1298002,700.0649966,174.8620135,396.6959341,344.4099159,259.740871,405.7240461,309.4453406,228.9552079,117.1286716,237.2594039,275.9729251,560.842739,286.3639324,487.3144103,191.0604864,102.2533596,125.6637307,252.1229429,285.9695597,372.7527104,285.0053691,431.3649588,140.8215875,525.4669778,115.5685907,223.893482,97.07809785,585.7377702,191.8866374,417.5085114,212.5108415,1410.103685,187.9088367,210.4165766,275.0870028,256.8716432,200.8650424,177.7472753,996.3766727,1035.978806,382.1718132,405.459247,43.01378848
182,1798.393413,955.1595219,167.7289817,180.4540343,570.8018424,286.0664959,145.3191538,687.2509132,202.0521308,381.201352,238.1030661,1205.822634,322.5817518,268.7662666,706.5705021,384.3050993,530.8162836,215.584534,292.7769752,266.7960568,198.6083892,271.4375156,191.7331595,306.15075,68.86834077,345.5606657,151.9835753,236.1188076,417.6902845,500.7494311,118.3168437,309.346167,606.8684794,121.154264,636.7787984,511.2932367,204.0118845,672.9495963,225.7519575,162.0914152,586.2400067,171.5466364,100.2735562,181.4148632,585.8827538,93.37899764,115.9212611,317.3835825,222.5423677,353.2921995,233.0913907,362.4718296,463.81015,160.7557618,311.7571326,407.5840381,687.8840518,287.407956,191.1324137,83.29288939,233.7670849,367.005606,206.3824201,148.8817879,334.6571324,302.2255823,291.0348194,414.4105559,339.0598737,48.30381446,315.5589596,302.6931834,677.7493574,169.9096387,88.21377186,362.8192597,118.2661042,257.7761753,476.4695526,261.208668,77.18613314,263.1217594,306.0207621,315.3090471,84.81325604,210.4055246,65.52017206,562.6629082,453.5001776,464.7955243,288.0437847,310.8299449,489.8761995,116.6691544,158.4203672,233.4109406,232.1045029,395.7283221,409.1372536,133.0946502,231.6454208,494.7235563,213.8103569,224.3076231,192.4900563,423.5164511,202.8755155,461.2307662,163.587205,101.3898577,279.3377443,308.2130751,334.7481972,477.3641087,289.4555133,1042.795835,119.8808369,696.5512097,167.9898562,332.5619837,129.8913509,688.8538096,220.2758165,480.0048444,361.0126827,584.3776517,185.3549634,86.83361229,948.7055096,426.4662657,575.3329515,1073.888974,186.4002885,219.4838425,201.7361342,56.2274103,265.7167328,240.1146784,379.6983636,785.8065034,424.2768228,309.7794878,102.9667519,536.6865819,328.5695774,169.6289444,492.0185224,53.7012864,781.2074625,318.2054995,767.0727782,570.2935618,677.5341573,156.3013566,693.2473346,536.3520637,476.0712271,718.4438894,176.3658475,388.5437974,351.2139988,257.2530743,428.4675508,285.1931213,236.9616001,119.7804038,233.376903,282.6304711,591.1005022,295.5005573,481.7607774,224.3681009,105.8130221,126.9267407,250.5260501,273.9101475,388.7686264,280.7654158,384.2352918,145.3228064,551.1839912,110.6572452,221.4253525,88.7962293,619.9629996,199.3443375,400.3588678,213.9928802,1448.285876,191.5083584,214.0818739,319.0706541,262.03902,202.1746438,184.9917538,925.8496084,1028.546929,390.4069755,388.9888738,44.00499967
183,1833.522809,923.4417524,157.5862886,181.6442093,530.8103043,298.9215242,148.4616342,702.1635366,229.9080168,395.6890365,244.5537709,1102.482501,304.3166311,262.3903326,704.5246939,377.9983476,498.1228734,231.9473001,312.0644122,253.7230387,201.9304345,282.4151618,194.4012009,313.9148141,70.63248584,336.3310268,145.3225364,230.7161397,427.2899251,466.5909534,118.2890028,326.981033,583.2497663,119.2885878,638.9553247,536.7603618,194.483636,684.8331126,251.9078065,170.4874425,566.5142271,186.1031695,97.93235921,191.8240597,609.0761965,84.17667827,114.7111845,329.0444295,220.7311145,366.7169597,229.6193055,373.7322038,430.6206021,176.8913415,307.3694462,433.5962858,675.8189159,298.806009,207.0818048,89.84180032,228.2140021,354.0991473,210.2928657,151.1840177,337.9703026,335.8384232,310.1260244,441.1668789,368.9180809,45.19262462,310.7911507,290.0703558,672.5446052,168.4670051,85.11957399,351.6632467,120.3082701,262.0463194,424.2312338,243.6626397,71.97215237,254.8894957,283.4958421,300.0861376,83.87699603,211.4554071,65.07947584,586.2116691,486.4411134,446.6223226,280.4487403,315.7607233,510.4230921,117.9829124,142.9117999,226.2481062,258.4334811,379.718765,417.5995796,143.7666048,226.5989578,467.7290652,215.7118731,244.7001215,193.5645559,405.2069289,189.9140335,480.3040068,155.640334,102.8881246,300.742946,321.8763828,356.2487069,486.9444963,278.046496,979.9897698,118.6519777,660.3409202,180.8815432,314.5107833,135.3041346,666.825552,210.8473008,451.9172484,376.7394969,590.7878061,195.0325153,83.74851487,943.4835246,443.8428646,565.2044949,1078.181462,198.2150902,222.9037674,227.0827102,58.38553369,293.5195666,225.1426823,391.493587,863.6305281,447.1787265,300.1050401,105.444505,589.1342131,314.5780554,173.6530825,495.3383031,52.71651372,753.0035067,295.0638566,782.0527519,577.0928757,636.5549682,162.3482632,672.1820507,522.6555766,489.2884485,688.5123339,173.5842168,393.0106386,316.9849539,282.2197349,446.7414295,271.5608958,252.011338,115.5998947,240.7429989,287.7938592,512.9200391,278.3051376,470.9749168,263.3711907,105.8888667,131.6534824,237.136393,280.0259052,384.0739852,285.2115021,406.3591698,145.8139181,536.2709852,108.4471164,203.2005005,89.71332231,610.2449542,194.2570318,408.9504646,239.8309127,1570.618664,182.4046966,202.238786,322.790056,272.6417259,221.1024523,182.2618841,888.262443,990.8722992,392.6378093,369.5218516,41.28925017
184,1881.480361,944.9548665,155.0217204,197.1229183,530.003927,316.1574269,148.5644464,683.9780483,218.0322795,389.9981595,246.5299745,1107.358875,297.8619525,274.4535876,762.9728726,371.9782157,456.5344543,222.204043,327.1669981,241.4039656,200.169006,256.4468316,204.0854857,323.0473779,69.90347307,360.3505309,150.1233922,232.647022,415.6305254,506.8717128,113.0541176,330.5075798,538.5716369,120.3592787,598.4943035,514.9612686,188.7572559,677.8103971,241.606972,167.5425084,559.1077477,177.8124697,98.80377836,183.7507853,614.9441764,93.54386446,123.2399798,311.8157383,231.4527226,381.7523304,215.0218549,363.4187733,447.7452334,192.1099869,303.2487857,430.9461704,701.3675449,298.3517558,223.3770235,88.19336656,229.6063396,360.64031,212.4063753,159.595991,328.8471979,325.2520031,311.2649094,433.1562095,333.0105113,46.93732846,326.815441,261.8546111,657.1139034,164.3728988,85.85655098,359.3458687,112.6812051,261.6653187,448.5583567,224.7774049,70.29130113,234.4201786,290.9044744,310.460786,83.84414484,216.2613238,56.85828092,582.0266078,560.6177988,456.6195942,264.4294946,285.5529319,524.2726512,113.9826343,157.4531989,225.2926544,275.1645984,412.7890353,480.1861678,141.2243432,222.9496818,499.7445145,228.2285355,250.7868941,210.1683903,392.0810172,189.4866639,477.3925634,155.9171044,105.8446885,293.2904585,344.1437557,369.7433604,513.3312255,279.750315,1032.527788,113.8374978,648.9673677,185.6099595,309.4228645,127.6921194,683.4919159,198.9363828,414.4210739,379.972896,559.6706206,205.6074967,83.60559283,984.5501763,422.7121572,531.1152813,1034.278145,195.2083325,237.7122234,243.1693482,56.93403765,319.3971953,230.850489,419.1050681,853.5029436,457.6620878,276.0916014,107.6890708,576.3077139,304.3483844,187.8374902,546.735235,53.54200366,793.1863202,311.7918216,720.7352275,535.7264583,665.3081078,183.2963745,681.6043851,508.0264758,472.8142057,652.3635624,165.11323,398.5846665,305.2676082,310.5325505,403.7887252,269.0294056,257.9333427,104.3349603,223.6724642,298.4903604,535.8697906,281.6891646,483.2727635,246.8282733,104.8059703,138.6553635,225.2980544,278.4136513,365.624451,290.2784314,403.2128239,140.0694881,528.2515231,111.3940446,200.7422317,87.15474076,657.2549319,192.3144886,426.6677981,233.6372252,1679.602772,167.7438985,191.9828029,343.7440267,265.234848,234.8796495,188.5302237,894.2696583,991.6974501,365.4641012,409.9305559,41.32154725
185,1885.938701,1003.782092,168.6161126,195.2704906,553.7383693,298.3210356,148.8247533,727.6822662,221.7528017,398.6435813,254.202765,1200.375639,304.9592832,297.1008011,718.5847242,374.1998786,471.7469578,217.0688579,330.9314025,237.8510582,221.8239305,269.4363227,219.3062914,316.3307155,70.97270145,388.8260814,166.8315868,235.5127896,437.4067995,560.5412983,122.1492132,357.8077853,549.3115936,114.5946907,615.3726833,523.9037764,180.3055753,696.0045655,253.6069983,161.5963512,569.6775221,177.2678037,104.031301,194.2265698,634.6293512,101.3037664,116.3265369,311.2295375,255.1084654,369.928363,211.2425653,385.8637955,451.0836658,188.7991529,306.4290563,444.7802688,699.5266326,289.8293565,224.9811289,88.20297877,212.3423984,392.6931441,202.9131973,162.0847103,333.5851183,317.6766493,311.9528249,444.9737517,335.6423462,46.78202189,337.6144978,276.3194434,651.5543178,164.7028281,90.19017805,339.1749567,118.8871157,264.2995864,451.6424298,224.8640008,71.70126238,250.7431464,308.8794437,320.8083616,90.10511649,232.5391487,66.97721865,590.7138798,589.5373002,498.6460357,258.4334213,297.0770936,576.034141,117.9901956,168.5782322,245.87806,295.0758597,414.9120026,492.2291791,135.0353451,215.7798984,531.6279019,217.5355455,255.4862984,234.9499433,400.2119856,197.8095799,515.1667087,168.555983,113.5581323,262.2826125,323.9353772,389.8500704,567.8279948,271.6294623,1066.972673,115.8744697,637.5701157,161.9476688,340.1110004,135.9042995,752.906934,198.2661395,469.0048864,372.9521276,591.6615957,231.2280711,82.24604578,961.6014496,432.9094221,487.6108925,1117.998006,189.3516716,231.2722649,228.8362388,56.87150295,282.4348035,242.1027238,397.0194296,776.0691391,456.4395424,274.346556,111.0165034,600.6279308,302.5771709,182.2783563,551.1891761,54.33198101,754.6271742,330.0351782,712.8071899,533.8582192,682.0069836,190.661771,692.1934952,491.1918109,476.6260005,663.5837903,167.0429473,371.7329958,307.2388607,296.9760062,376.9379833,289.2312795,266.0979316,96.02637271,225.0232506,318.3603925,543.1580659,289.6373978,482.0041513,221.0315014,101.9604858,155.3177277,226.5402843,273.5936523,374.7696476,296.3508493,379.609266,145.1525527,547.7500618,108.2671928,193.7527349,92.48726203,636.4649632,187.1015464,402.549407,242.3410206,1726.093555,161.2081049,194.6198817,332.4237681,279.2331417,231.7097737,183.0465487,873.2602288,1036.177226,354.7576461,421.881061,41.05746299
186,1889.142393,1145.665429,175.7374294,175.1199882,581.1185503,305.3435512,145.4994794,750.0449918,234.3480545,392.6527301,253.7580439,1243.034113,316.7169737,292.5146665,674.8059544,385.3231013,445.8250953,211.1040061,336.6818786,250.6376567,209.6349269,282.667391,238.953752,317.1017151,68.24876319,407.0289321,160.1592301,256.4215832,473.2975416,497.4494568,134.0314153,351.8141029,548.1977117,112.7501394,637.5606013,553.2938543,185.7773427,746.5469644,272.5639433,171.1803287,616.0252558,175.2234909,104.3717449,222.4503721,623.1943942,105.3768502,124.9730606,314.2153175,261.4381275,361.1242994,223.1135343,398.9919868,454.2556288,204.3737495,289.0333416,477.6066823,765.8741545,302.5408809,225.260423,94.47377544,228.9585877,404.9633596,216.2261331,156.6426304,339.3298311,371.3012575,327.4814996,422.9305867,342.1752411,48.5659723,328.4714899,264.7712802,641.6247913,172.2329336,89.10064017,365.2513724,122.6425112,251.1839289,469.8970538,230.4678369,66.8510639,262.5649587,344.3203049,314.5665226,90.72442016,224.2281821,68.91618186,621.7547681,610.8975356,504.6826965,258.4154449,341.6423209,621.5610773,113.0165561,168.5192399,277.8836509,292.0499487,442.4581854,543.5852073,128.6499124,221.5427538,535.4238474,208.0369574,271.8567407,224.157539,410.4814194,215.7922769,518.3772509,177.0018998,114.3377968,304.1481244,312.925833,401.2821963,597.1293956,268.0719449,1056.929871,116.4887492,623.8811723,159.3360157,344.7311635,145.2861081,845.8003543,203.1951889,468.3586297,364.0347833,619.0407739,247.9832303,86.34107613,1024.459799,439.8460569,529.9392789,1137.627553,191.3596308,239.2343723,220.7825434,57.49137485,278.2502592,230.2825273,415.9294956,754.8397602,445.2413516,269.4137216,112.523345,643.4168679,300.6433149,179.0843218,520.1063199,53.77674661,824.8812572,306.0787533,653.1277136,476.8284686,612.000362,171.9759052,699.6088874,462.2817746,482.9964472,710.1849239,169.8577533,363.3474219,295.4027251,287.3133754,378.2432076,289.2897637,259.8751996,100.9947188,214.8979232,343.1765846,538.8489481,274.5390931,490.0278461,242.7044963,105.1634283,144.9517798,245.7695284,261.2780181,355.9021678,273.0012945,357.0107078,153.3462352,602.0448849,106.7875806,184.3808038,90.97539069,684.3564416,186.3173588,447.951031,260.722104,1703.900435,158.627109,201.0972822,330.9616113,292.4377318,244.0332079,163.483516,907.5454642,1141.121756,362.5635291,443.9885386,42.04677751
187,2175.890694,1137.801911,199.2577647,172.330957,541.7981982,302.7917659,161.8489216,788.855309,242.1561412,412.1325194,239.9761856,1206.880916,321.4209887,272.0943493,642.3858283,402.1162773,456.4115946,207.5547449,341.416831,242.8383212,212.9184821,262.5888777,244.6957116,317.3648386,69.88498904,413.6734314,172.0814917,267.96138,463.0067178,510.9962207,126.2882653,338.3028662,553.1084911,113.2960618,623.530023,579.9136159,184.7309656,770.6410206,262.951649,161.192205,558.0765831,186.550058,105.0953416,217.6789797,597.51244,107.3891656,123.3180244,309.0077907,260.2685983,348.8213286,227.4163846,404.8836288,451.6170236,192.3116906,287.0053772,467.5747804,773.6525036,267.9229442,236.2196528,100.3987384,239.5716999,369.1875832,197.7476067,143.7848526,360.8539201,350.5828529,327.4131398,408.0080289,335.1913393,48.33288895,325.6331281,264.5692057,663.4945169,165.6060392,95.63651407,365.1004457,120.7021175,252.2863558,462.0934108,219.9197929,65.57465501,269.6443763,322.2435981,301.8950848,85.11380665,218.3202396,70.14734908,588.2552754,604.8911547,469.9082482,260.1089939,321.1981774,644.6973991,114.7308235,168.6177352,295.2669479,295.6376549,452.5800932,541.2736006,118.3188173,215.3618751,510.5412648,214.0102656,281.0764519,212.6233622,407.73964,227.8543936,476.1703639,204.8478401,121.034089,329.5652663,276.8539953,421.0804423,569.2140147,259.4533235,1090.472576,121.5370792,590.1291446,161.7184475,351.7577654,144.9043756,923.1767605,210.242171,459.1615913,403.130783,655.6812962,255.9110387,83.68680253,969.6391307,433.8815735,538.1320227,1277.710772,194.3159965,236.3405414,221.5225699,51.59314563,278.763009,223.6484238,427.8484975,787.161198,450.7274189,284.6553949,107.1330227,698.2408728,321.5417038,175.2661301,487.5199919,56.54857946,891.3106212,316.7915717,663.491015,479.6899207,590.5850515,163.8231028,617.6890413,433.0841324,517.2747692,717.1994182,165.9309323,359.4620135,314.3307771,306.4745558,361.0748091,295.3261484,241.371858,100.6830252,204.5680242,332.3062465,517.4403135,279.241771,519.9182273,227.5724507,112.928053,150.9208779,244.0149344,227.6223602,362.5754026,281.4957551,355.2505853,152.7367629,570.5328195,108.7056407,181.4298046,82.64788489,737.7901168,194.9260484,460.9375894,261.0197856,1778.320268,169.9839113,209.7817254,337.0931898,296.3453816,231.172819,164.3112118,890.3804578,1142.321116,368.0031554,419.3504679,43.56268537
188,2136.553764,1104.939448,207.2261575,172.8136643,590.6085203,313.9461459,160.3231568,841.3457353,227.3697958,434.4435088,235.6239769,1243.502551,299.2834754,286.5080119,670.2966349,416.0538225,473.3409742,205.7468568,339.8172453,248.9783929,203.6078345,243.3950375,244.7455769,313.368741,65.83688112,447.0881973,182.4862658,254.9773983,497.7805666,511.5866271,121.2183703,352.7986463,601.2039437,130.3151441,638.3623362,581.8902033,193.9494192,737.4996784,267.0506416,143.6174963,572.6564693,192.407651,101.1190843,216.1890371,572.0631549,111.8377493,124.1827606,303.2136556,257.1481434,354.4752403,219.8658649,409.7006993,442.4354909,182.0895643,274.2630041,466.5604657,798.7751938,232.3826472,251.3922857,99.03860046,232.3934154,365.0072979,187.2006019,139.0455503,376.6560104,342.7938073,323.7612165,385.1179105,356.3756044,51.69574953,361.9137631,263.9429585,633.5950036,173.0789918,99.36429585,353.6992108,114.3176579,254.8834234,503.729717,215.6443464,64.51917977,252.2132696,309.7577914,321.8441455,93.50785399,209.0859117,65.68341948,589.7626299,606.1080556,543.3319547,241.2306829,322.2381258,611.9990872,115.5200831,171.2971626,318.6351095,319.3060657,455.5615791,538.8173982,115.5794339,212.4951421,473.4646839,212.2810941,278.6118091,203.2573044,441.6206718,225.4942391,394.1689902,216.7263467,131.7485929,337.0016593,275.063536,458.5039253,556.9152587,257.8793667,1025.016653,128.3244564,586.950771,169.0113191,369.9535209,145.8036796,1003.86101,242.5456252,493.583008,401.2950411,622.2958179,259.1883118,82.40061728,1016.329243,443.0714187,567.8572193,1341.311876,187.7432967,242.5304226,219.8911655,56.92188873,269.5777003,226.0664249,411.6889429,780.4608647,453.6651818,312.2892562,110.9654312,757.3448806,315.7990459,188.3651921,490.0735575,57.5229057,948.1804656,326.125011,640.5376054,425.5550336,587.6105967,163.6289628,609.2221677,426.3208293,517.2472947,635.7995369,163.6106549,354.0496658,299.7197732,307.8159821,382.3252645,292.4342089,228.1168865,114.2757842,218.4970557,336.063149,543.6184477,269.2721357,550.9151557,232.3488276,114.9057154,140.368806,259.4629642,221.6489565,382.4717547,279.996237,360.6962473,152.4770855,572.2202062,99.85991979,174.9928582,84.84727149,763.1335723,197.0638146,491.6920011,278.8150187,1952.029871,157.4225823,219.8931446,324.7393125,294.8876875,247.3618821,161.3220115,776.8632623,1236.612249,363.2032331,442.5113791,44.99647883
189,2073.391093,1090.983032,199.3900437,166.9566831,578.6294259,342.4409551,155.562781,782.2148336,224.543331,410.6459949,253.2381923,1108.397121,284.2557191,287.9116768,645.3845411,417.3621809,453.4645248,211.8271243,335.0926808,219.906708,192.2648423,219.8053983,248.8119018,298.278252,64.24073858,433.5047135,194.2610991,247.9250807,502.5483509,544.3013645,118.4499882,403.6303661,651.4920392,128.4697545,597.5327841,577.0675464,198.5219374,741.2855847,284.6088123,136.4965136,578.0659823,180.1752709,102.7237635,206.2995197,599.5837723,124.1033509,118.2404247,293.4716795,260.7606622,378.7880717,228.345555,404.6303079,451.9949255,203.4643634,289.7215286,423.3142812,830.411922,221.2004892,260.1461134,94.78436614,234.7183842,378.2552379,191.3285743,131.8269819,375.3583145,362.6604835,311.1236495,365.7130288,346.4038447,54.05667238,346.4313917,282.4635452,633.6232691,179.0456031,100.5667322,339.5278333,125.3589937,247.0049832,502.408428,222.5878978,60.42935741,262.5338125,340.780349,303.8905249,93.11462601,216.3404808,64.08278244,623.8468024,559.3652448,539.5126644,233.105558,328.4607463,576.9043066,112.9896045,165.1106291,330.9884835,312.6110523,476.552925,544.5689253,115.896374,218.735469,459.1857257,236.3668068,278.3973704,219.2098682,446.166881,241.8007682,411.1727091,218.4157059,132.3521187,354.709078,307.8148003,490.7187138,577.6089188,259.6769104,1000.088043,144.8433219,621.7843108,166.071048,351.162306,159.7630036,912.9757182,252.2253209,465.5191288,417.4528783,643.6238144,268.6105482,77.49109924,997.0779934,495.3370649,557.9399074,1220.920597,189.2088515,244.3450821,212.6279671,55.68251395,271.2638839,223.7205335,390.4606599,744.0304838,443.3590681,303.9140892,102.7076878,832.0392481,291.5572702,203.8342213,481.9894375,56.10608638,885.3464384,309.8917135,646.455766,428.1197085,588.2117971,158.7700314,609.0978911,446.3897528,496.1045058,691.8962833,179.4483113,362.362615,327.2777963,308.696749,407.2604973,295.0416449,232.7258603,111.0599975,208.7262533,347.9535158,508.5633567,266.2941384,579.5623391,236.5750068,106.8872723,149.8392558,246.9263734,215.1830725,400.2418142,269.5131004,346.3199983,154.6743881,590.1269671,101.1302075,196.7611344,90.11486322,796.5675401,189.5458082,484.8774618,272.7803619,1761.652192,161.6167849,239.3705219,319.1585419,285.7691245,244.869825,167.3300948,806.629741,1300.332361,357.2138419,448.4185628,43.4452471
190,2208.949245,1238.361052,180.8152012,166.1319468,542.255468,321.075453,132.5107717,800.5911007,231.3785477,373.6472616,263.3882091,1122.604865,281.4265453,301.9001675,673.3503542,416.5787176,431.3894776,199.5103805,317.3965389,200.6632871,189.9419379,214.2997778,254.6320759,280.5611688,62.10387993,430.1415159,188.8520765,262.5016962,530.9194232,556.9641144,119.2838487,458.5035225,638.4134419,135.2975469,560.2314315,550.4575284,207.8125875,752.9830459,285.2509989,126.0618026,560.6394295,202.7210437,101.4164621,207.1855066,576.6596486,110.5143334,122.7253952,294.8626114,251.2240078,370.4576831,219.6947542,398.0797656,462.5631186,184.8854154,278.7069727,462.2078492,759.2225593,207.5388434,262.8528317,100.2865318,234.6263973,346.6483558,197.0522744,137.5385306,374.6044647,355.4858937,339.1597766,366.1162013,319.7993135,52.82100459,340.8692162,274.0917844,658.9713519,179.5539478,101.3627041,323.281226,131.8410282,276.7517672,491.0117482,191.0011256,60.3487768,241.8517468,341.6673718,337.3582781,94.79723706,219.0620934,62.77695157,609.1489441,582.3033029,556.6481365,233.0101794,312.9682735,564.9511183,120.6920631,159.328405,363.003011,273.9851984,474.1001328,522.2493941,106.5423466,238.388297,445.7569019,221.5024732,283.7605557,233.0608944,421.6346919,250.7868188,410.3068351,207.6560627,122.4419164,372.2307619,313.6509662,554.6628323,597.445635,269.908587,964.1447397,142.5659813,612.7938068,161.6675231,377.8070236,153.6300293,906.1717805,250.2001128,498.5117231,450.5256155,645.7711051,272.4031088,89.96477944,966.5608726,510.7237347,555.1790698,1301.958964,173.4939412,225.4186712,210.6308334,61.99046332,276.8124846,223.7235064,368.0197552,745.2815468,454.5594995,312.7810255,108.0357393,832.8411418,285.8212483,228.6484543,483.263436,60.68270577,874.4081447,282.2361102,658.669477,424.3680941,592.8318676,161.6141574,619.0995495,486.1808922,555.6709619,682.8798516,172.7075324,367.0238427,335.4716621,286.8519235,413.9711244,270.4922676,213.1921743,110.3482817,214.0481864,363.4961997,467.24589,284.850167,588.6895147,219.1214487,107.6472702,157.2392061,259.4867088,212.3761254,358.6508007,283.6139169,330.7812447,142.8714763,601.2162455,100.8124509,188.3729253,99.83682689,864.1665647,209.2164428,536.7637946,279.5168942,1718.480758,164.9235907,250.000805,314.7698055,293.5714339,245.8634979,163.9750697,882.3783629,1428.918999,372.7346502,467.0357696,42.71599194
191,2087.873854,1326.75417,182.9603753,173.3027987,503.1057757,329.8991609,136.430534,878.4253825,256.4976906,383.3459912,296.535666,1134.529352,281.4187752,322.3666068,690.4276415,410.6584211,439.3280924,214.4065019,311.397248,202.4074894,194.2579901,213.4296003,271.8865686,300.1852315,61.95727847,454.5556965,194.1500729,278.8900646,552.7532245,535.694406,110.8173877,486.6508455,660.4727633,136.5543757,584.1635424,583.016707,212.3999946,818.9460019,309.8567964,125.7512997,574.4245745,210.6766493,101.2190903,202.0479827,596.9671865,103.3828602,114.4396141,255.2138072,246.3945997,370.620779,226.3835163,361.729924,434.8315596,190.222147,296.3632914,414.663636,755.554923,212.7379129,271.7094522,87.51376458,245.5009272,366.2217538,205.8085313,142.2558153,417.6808726,371.6231064,350.8986774,338.558984,332.5757058,52.46151211,361.7713828,287.9640421,664.0061957,178.456598,94.37890694,335.7106914,134.8536305,297.3947233,512.26107,179.0486465,55.86533789,228.2114152,350.1501292,361.6901438,101.0408283,225.9394082,66.41756028,604.5638056,613.7411666,609.5668686,235.867204,325.8692777,576.6147542,118.9470412,149.7685917,367.5298647,260.5503285,504.052414,530.2552688,110.0893772,239.5493934,456.565862,248.2281101,279.0327671,254.5895047,426.6819129,257.4096894,407.4601322,210.7586399,132.7231119,406.9392308,321.4028766,550.6049388,592.6615989,242.042703,1040.693976,137.2284987,584.9356586,161.8788967,371.7604676,155.7845574,892.9034975,260.3099385,479.8057814,449.1837559,649.1567746,282.7518157,95.05437913,1044.668431,515.0728404,562.0546552,1205.093316,176.0303384,211.1115102,215.0091455,59.43743022,285.0025645,220.3269314,366.7550893,743.4594819,464.565058,291.4392953,107.1738462,803.2314229,289.3276653,231.3433939,500.8155692,57.75263725,873.6586394,313.6075149,678.9946994,389.5052815,593.8335716,165.0683723,629.4974729,518.3491652,593.5584956,685.2958118,195.1004693,366.9784298,357.9723784,290.6868602,434.8773131,274.4358559,213.3373192,103.9140551,217.0327462,361.13185,426.2945732,271.9171979,588.5981404,233.3688489,102.4073383,164.4821936,267.1164139,229.005303,347.9988553,284.8031689,356.9914153,155.007013,589.9093057,98.08274345,197.1417584,102.5843059,848.6505625,204.5238116,547.0746052,290.6542116,1773.479197,174.651651,279.4948472,289.1844653,283.0945849,240.5763397,181.3514802,879.9908033,1412.015501,342.8272187,514.4435106,41.56035166
192,2006.001307,1330.033104,189.0081963,174.0235097,495.0780994,354.7152976,145.713774,977.535425,251.2371519,409.7229612,313.6941685,1020.436159,274.4015895,353.9237175,743.0121353,421.9091705,468.4768295,205.8708572,299.261145,212.7494751,205.6100057,197.8374767,276.2901045,301.0587992,63.69521156,421.8011309,198.2268224,263.7938086,557.2063406,526.2856706,105.0201885,436.7738334,654.1853764,122.6706078,564.8540584,637.9203411,233.397321,854.8206288,293.4632217,131.6964294,607.9047115,211.802833,100.5957479,200.730344,599.461686,100.6829203,106.4563948,249.1794576,235.9974239,367.7351545,225.5408662,335.5157946,420.76838,204.3058399,285.3256236,394.6022387,781.5352517,223.0405109,276.1553205,88.08934247,241.2181632,377.0392348,200.127259,140.9018587,402.4081443,369.6787194,355.8939947,379.7432877,304.8060888,49.99400462,351.7876532,295.68025,657.7650117,172.1341726,93.0093521,332.5185608,132.5012324,303.8309383,539.8001779,178.3423693,55.26378071,249.07157,306.7927961,356.4955718,96.76889731,202.4390515,64.35551097,604.3797251,571.009252,612.1179998,219.5307877,338.8577291,620.2888813,121.0219712,139.344981,369.0565747,242.7541256,495.1427515,583.8428027,112.7076309,233.7773798,370.5076156,250.7423952,292.1193921,264.7340483,441.9838997,219.7760202,382.2910293,213.1846415,128.9716804,405.79011,305.7925295,527.1677354,557.6331984,229.8627508,1081.246224,142.2376293,617.3284877,175.5335899,393.093027,159.6426338,918.3357759,242.0616415,469.5409274,452.8857465,683.4526554,267.9160756,94.69414136,1019.778304,559.2187299,545.7910625,1179.426775,155.5019988,223.0021162,214.5694113,57.93191605,275.1238948,230.4996356,351.7898094,720.5485706,449.8958845,289.0001896,113.5646208,799.4527799,280.7094619,239.8039289,531.0477445,63.90659061,917.4762014,312.6942295,613.3841411,395.6541454,604.8040706,172.0471209,609.540479,506.274569,607.6359105,721.6410099,196.8736401,366.9059704,362.3594769,284.464792,477.3762854,270.4771309,218.6490245,109.5469136,233.0339821,389.9058103,446.1264084,268.7575924,600.9562279,205.1953433,109.6571974,169.0104218,268.3334863,247.417046,374.266876,281.2083733,336.6686722,144.4551692,619.0053015,104.3560051,179.3340568,106.1830319,941.1967149,195.5494249,588.5761301,305.5720453,1888.472559,177.6324674,281.4929331,258.1283107,305.1754055,232.9503075,156.4210253,886.2141803,1351.088836,363.0459477,488.7935401,46.77036334
193,1973.929462,1400.797673,180.7968781,169.6938604,478.3162927,351.6917521,140.8887888,971.0033977,268.8942969,422.5847364,313.5121069,1049.988679,249.4382829,352.9218974,703.6967145,353.0872076,485.0463935,202.2758054,309.1029298,211.1472183,224.1361011,205.8659574,310.3381822,324.0434776,64.56207499,438.4949028,195.6618823,255.1155776,595.8681774,528.1095153,103.4959382,447.3078386,699.8793821,117.7256473,611.6062051,674.3887702,219.1499662,801.9960792,289.1231946,133.9008662,574.7729015,229.143274,92.24747872,210.8933598,600.5557589,97.61104292,115.2295515,246.1680837,233.5325214,379.1357915,224.7597797,328.9830326,419.3998615,209.5750539,310.1701758,414.9897445,829.292145,252.7647345,264.4697658,84.28595605,242.7936169,393.1247979,220.2488032,137.4032961,416.9597897,380.7774443,347.297048,387.4557306,317.3319702,50.82422743,351.3957747,295.1423377,652.8771073,168.3435036,91.54525224,327.4635312,139.3102627,275.6723141,568.8896783,184.0141415,58.91541853,235.5756577,293.5903599,336.446886,100.398357,210.8143758,63.95437783,615.6566017,552.0402842,594.9925099,219.0581588,349.8420266,637.1899675,138.8555552,142.8617332,399.5436929,253.9940411,474.0948272,618.18918,124.996118,216.2886173,398.0426883,231.2728875,289.0780989,262.9156832,423.4228518,213.0828522,389.9652003,208.9369212,132.5674449,393.4877067,339.084067,450.5308329,541.1231222,237.7484489,1072.834729,144.5409627,618.489773,173.875687,394.6953129,170.82381,959.0999589,208.0025558,476.7598146,470.1293354,761.4878659,286.4867589,88.38614726,1005.431491,566.0458308,544.4108757,1274.881178,143.1014486,218.9280022,227.7507038,59.31323822,276.5819793,213.0619606,339.759367,733.3668272,455.6066227,279.5324424,109.9874946,802.8915517,268.5737643,228.6144104,506.966181,63.09514617,887.4535946,313.961673,626.71724,391.4457359,623.162922,185.4323399,656.2713607,495.0192489,602.1309261,737.9484633,197.5672425,363.7966762,380.0836623,279.8714989,478.7051304,306.9495833,214.0146606,111.1292043,247.5677981,410.0211757,443.1330685,265.9360806,591.56997,206.3169848,115.5172401,167.5608329,249.012519,259.1866721,387.3519732,282.572697,358.1989585,145.7201722,620.6127947,111.1938784,171.2907834,107.2789976,923.900326,201.7798357,594.715274,300.9715306,2030.310943,198.3164182,298.0216308,284.5692692,307.4311543,246.5160086,145.2020683,944.1266445,1317.023082,352.1513237,487.2168412,47.10398908
194,1971.361348,1410.365435,174.5558917,178.6328805,490.5497229,369.1472441,137.5514036,935.8266,277.1542211,431.4346034,308.9543695,1015.552864,264.7943903,379.8742368,690.3875083,386.4998956,458.0827687,193.7052963,326.86282,201.8170188,217.5945261,216.9152855,324.6642898,336.7994256,67.89267946,461.2587364,185.9229849,256.2142511,584.6154266,498.9682436,103.1301622,480.5996829,659.2688135,118.0003908,631.5413176,670.6509889,239.9270276,781.8269917,283.3959605,133.105831,548.9686627,213.0133023,98.35607018,197.7888492,563.551,99.84539174,118.1336485,265.9616364,212.0445604,380.2884399,242.6858213,324.7894865,421.2355489,219.0293409,327.8657615,396.5070088,901.2193509,243.0143128,271.6445713,86.3397167,250.3825807,393.642482,227.3364888,141.257737,420.7758466,392.2756095,366.6692292,392.8027916,328.5839561,47.92979264,335.7071458,289.8255479,630.671335,178.1717814,88.50074183,311.7038482,153.6043854,259.9279108,558.7687604,174.5725793,63.45729107,253.7148316,323.9059962,334.413158,96.73790284,220.1224288,62.85265048,618.0775729,578.2859615,548.7408671,214.9305744,352.9129941,591.34981,153.3843602,157.7458521,394.6792445,244.6057614,516.0680306,663.4252918,125.8157964,230.6784047,392.5541337,243.4367737,296.0613012,251.868467,407.0786622,218.7494545,380.0650796,213.025864,131.6930516,415.4907733,328.6740279,423.0345805,597.0883443,241.632165,1157.610545,149.0350367,666.9208377,165.9682253,381.2869188,178.8986429,1048.399513,210.6977077,469.5576642,482.7068426,782.953708,293.984715,91.63512319,1019.808194,560.659782,566.4325126,1274.574163,137.7578175,213.1884541,238.3792339,56.36402929,288.0219607,216.7308896,334.2020006,773.7090812,420.3876385,274.2419847,105.0891306,833.8418431,274.8924722,235.7554814,501.979824,58.42010757,942.3002994,308.2023101,580.6790931,392.3584838,618.8116504,186.7108213,642.4538725,524.8398776,594.6961054,735.3648579,199.7486509,360.9977003,387.2119218,253.6019884,482.4850416,352.7475877,206.203621,119.6839384,230.6129422,403.6090326,437.8336816,259.4128452,574.5435096,206.6142672,118.0452905,165.4099734,228.7191848,273.9643316,392.5321214,287.4532892,368.2097029,154.6851687,552.4924214,115.3899684,179.7885204,98.59793821,955.1938933,191.9616032,599.5522316,303.6570833,2188.264652,200.2283498,313.2850849,296.1238592,301.5718101,262.4005116,141.2460593,880.5452666,1447.41009,363.5508269,488.6003549,44.99325737
195,1811.96758,1505.209542,178.8723454,172.1103355,429.1627933,377.2319145,143.8415285,993.3970173,307.7820181,433.6180733,289.8825654,1048.015228,255.1967134,372.3285447,687.7220981,410.8475169,487.9883462,200.7758075,343.7846594,191.9147631,216.2529635,209.7047618,330.9598291,374.0341215,65.5233557,465.1456613,189.5536832,244.9455177,620.4639906,504.1977481,108.2833167,464.5456435,667.8668225,105.5987693,666.3121034,653.0696031,231.2597913,799.8022242,288.2691827,135.804344,576.1286425,210.1078776,100.6370683,204.2296874,595.8120068,97.67387118,125.370866,283.881002,229.1445409,360.8931692,246.4437208,313.21418,416.0867339,222.6569043,317.7615441,423.9945793,938.4740618,231.1803927,276.5133704,88.19127977,244.5312722,372.3225285,234.8976706,137.2133814,426.84527,367.2193165,387.167758,433.7679604,310.054962,48.65686511,348.3415516,284.1752546,691.968257,169.1289189,92.25915557,330.8035006,133.9565714,272.9406024,546.5216768,169.0806445,67.32838682,244.8872666,318.5429171,350.7134711,103.9684278,229.810454,62.06550759,602.4143274,565.8332915,499.180757,215.9705077,367.8962094,577.2062069,146.8468665,163.1584282,398.6743005,250.5014447,546.3824926,643.8863317,124.2010062,232.8146277,355.1015606,238.660609,283.2234339,261.0255049,378.7428853,219.6319742,370.1631654,213.2866034,134.7336635,388.8233946,355.7247192,440.1539583,588.8824481,222.0744888,1086.510594,157.8672634,726.6385,156.701668,380.3248771,174.6956526,1189.752207,214.2874821,434.0675208,467.5620538,866.6061291,294.9981008,86.75132712,1045.341246,634.3708737,546.8574968,1270.879375,140.5601479,216.0255003,204.151587,54.81340154,283.8694904,214.5339629,349.5519297,749.746067,431.0956521,290.0568191,113.4565584,901.7611157,260.0777692,234.2037002,527.3732418,63.78986459,1011.378328,307.6507004,587.656338,391.5017046,638.1435911,185.7022754,664.6109971,510.8374837,549.0558209,757.9358948,190.9972898,317.4952232,410.2256822,243.008509,495.5333484,357.4385759,213.63141,112.3910815,235.9388615,395.5320265,432.8808133,288.1442615,613.0258652,208.2710437,117.7025825,164.1942005,232.4410472,277.4563312,404.4268976,326.3189313,393.9083116,155.1711563,523.6952273,110.3429508,175.3460782,90.94558807,935.4918487,217.0425027,678.3480609,306.4237675,2146.23152,226.2905182,320.8153031,303.294578,305.7080228,275.7783817,145.529324,908.889681,1355.261134,373.4636198,458.6336125,47.53757144
196,1798.365872,1591.307514,183.1886091,195.3515562,421.904237,378.5630187,139.2800587,956.7750119,323.1998154,457.8422816,286.3335999,1096.773818,267.1063048,401.3488125,640.5094446,416.7526402,505.0101752,199.697869,352.8669272,190.7678796,210.1445716,202.998819,345.1789372,380.5842396,74.19892751,494.1427333,178.6043489,250.5723693,644.8191446,547.709501,105.0255068,487.0099843,671.3482546,103.9664308,643.9822364,687.1371795,223.7767655,809.0170818,301.3684175,143.2764454,663.1133387,215.8068063,96.54439316,220.6279771,601.0647505,98.14651266,118.1321857,268.3135841,223.1386874,350.5427143,216.3026699,290.7253028,438.5174612,222.3952,329.5364258,440.7170396,895.0358879,256.2095578,273.82384,74.80148812,245.4967366,367.5462968,225.0877121,128.762734,468.199524,377.1184122,394.408113,475.9991766,309.0390125,49.21154702,349.689396,304.7360564,732.1774194,175.8187516,89.9248459,339.2354109,141.8225423,290.6593005,531.7021511,172.8379691,64.66510286,271.5459848,296.8380305,343.8456438,112.1443217,242.4282369,57.09962843,608.9911772,572.1801449,491.0041222,232.7661636,377.6558754,605.3706478,144.4403737,165.4394927,396.1554305,254.3837712,485.768212,609.4898898,125.0885092,240.639602,378.2714996,238.3203801,275.3609699,263.0035827,362.4181336,228.3462144,387.916933,207.9344893,140.6363137,392.4850382,372.3096454,446.8531351,531.3297906,244.9666957,1082.572696,153.3366715,733.2141401,148.4207546,402.8559,173.6419606,1236.046848,207.6829915,426.5787907,456.6510943,821.9252938,278.8625405,91.38937214,1046.659041,626.9394658,573.4751804,1293.235676,146.2386225,216.5556532,205.2583471,52.93386623,296.1863523,188.2635434,374.494079,786.8300522,391.72814,315.6224171,122.0872858,964.1909629,253.8626869,219.2700705,530.4964728,67.03057544,994.1481987,347.6823827,589.8765736,385.0781016,619.2927092,171.3110628,713.2495098,534.5063497,560.0479498,782.5462797,198.1336112,333.1247875,401.0772409,226.0341721,465.3641235,342.5571963,211.4688475,110.2773563,256.738882,389.0606613,450.5384109,295.9883912,614.0898773,205.3185063,123.8637607,169.3853206,228.4146965,293.0574919,419.4649299,324.8293344,410.5499559,153.8232498,600.7817121,119.1189293,175.6403102,91.95909231,892.7923176,233.2269147,672.7657577,303.550162,2161.990158,236.4765752,289.2252452,289.5032724,329.3253155,252.6780276,143.7312979,934.3133447,1458.088305,379.6875342,483.0631004,49.37811938
197,1712.237231,1477.594566,173.0564055,189.0356585,403.0183766,364.8694243,134.8703057,957.1545599,309.1779829,481.5485142,262.8329845,1098.790647,284.9580461,399.4128393,679.4791318,420.4151959,522.8486107,188.8114866,347.8489267,196.0586539,219.6147706,193.0361816,327.4081754,402.7138729,69.54519206,446.876077,182.6054528,243.9776055,628.2763332,531.1392633,95.30200074,511.2287151,691.6233487,106.7252967,672.3935613,677.0806612,205.4332054,831.9700748,300.7508787,156.0886524,712.5919146,219.1421511,101.4226213,220.994634,637.683895,89.21797671,135.4538458,258.0540179,207.6286832,358.5355965,204.0053253,319.0990721,448.2829199,219.8245647,337.8060862,456.2899271,920.5476653,264.3749792,257.8779678,65.25857946,247.9246131,359.0980298,222.6439775,125.7938225,462.005409,353.4503158,373.1215617,456.5642079,293.6533072,48.57490529,329.7694755,304.1833634,756.0814755,174.6108252,89.86740769,339.304126,136.2057641,295.7649595,521.175723,182.240568,62.30334137,281.6101695,287.4742062,319.7749218,113.2005906,265.3311784,58.48724293,597.9905206,585.7131095,532.740942,232.0006273,361.7418898,584.6005809,148.5057838,185.3278805,374.5364961,230.2017473,476.9942667,654.9790435,112.2057038,238.9590209,381.0039332,238.7359861,253.5329742,276.5595601,335.0426383,228.7985398,372.8603445,218.8939402,141.9724888,402.9715884,341.8616734,470.8712744,569.0759664,240.4080102,1070.925683,144.1711511,721.3563046,155.6535025,378.2280296,180.9340352,1381.385446,200.3368741,407.1432833,464.1924003,760.0462711,287.2024731,90.67551125,1062.776358,689.9843029,555.640623,1369.360526,160.8470032,226.970297,243.2005098,47.82743743,271.8023353,194.9219764,362.4708959,790.7440259,428.6000363,335.9279796,122.458693,964.4260509,276.0524829,251.1746205,487.1303345,64.83158588,994.9753767,339.0295525,617.5377338,376.6104689,570.6948424,173.4631199,733.818411,575.7342091,537.2256849,806.8225362,196.5127836,312.1901054,383.3079862,229.3807731,497.6072284,352.1814395,214.2542954,117.2060326,282.5028029,383.5880017,507.0206111,285.1285172,570.7659009,221.7952837,114.7824325,155.4603751,269.9401311,291.7622082,410.4407689,335.1661335,403.7156518,156.7287936,649.9755943,120.7385513,182.8267376,97.90494498,954.6525931,245.4129076,649.1722401,301.5778912,2320.831873,237.1388092,282.1481899,296.5862078,322.6323295,243.9973661,146.2247908,863.6542041,1545.735494,364.2872669,473.2906883,47.52411201
198,1673.67369,1460.346208,175.8436116,218.6369324,445.0749998,365.1663338,139.2708366,966.7479393,265.9759282,504.5043863,260.1296436,1095.748066,283.7903354,415.0852398,696.4618014,453.9684378,500.2464277,194.3256051,357.479767,200.8649817,244.7023826,172.6549003,330.4359501,427.4908931,61.99990997,447.1527593,182.6427459,227.6305279,616.3125163,500.0952491,90.56863402,496.5884202,770.9888822,103.4382912,691.0623262,720.7361974,222.9804209,839.8394959,283.6362273,153.535256,728.478806,196.4685879,97.99791537,233.4395972,630.6730762,93.53354958,127.1449171,256.5723413,219.259832,321.9178186,203.2098929,324.9428417,450.732018,225.4395279,341.8149561,447.6614889,883.27395,266.2807886,294.7366245,60.86553597,268.3121772,365.1561101,245.7433975,127.7684394,420.2302752,339.8223329,379.49996,450.6993639,308.0851937,48.8993351,319.6966304,299.953948,768.0649368,174.366316,89.92669245,328.5023591,133.324158,279.3623312,543.076003,176.572779,58.15223518,285.3168428,304.9934773,321.4739344,108.848776,284.6244468,60.97028863,613.3864665,598.5159878,541.5500549,243.3538561,347.0847193,534.5924925,152.4593869,187.4077126,381.079207,247.4380738,514.9413389,664.3475748,118.1258361,233.4563412,352.9494788,239.3417223,250.7255684,260.3964583,362.7544201,220.0185182,331.2782976,203.7185477,134.5741883,386.225142,339.1845887,464.1828394,621.4276223,232.9725131,1009.172098,149.1445274,669.1832428,168.3841804,361.2645057,197.7688516,1293.855694,181.3900183,439.6001945,494.0921486,766.9625928,298.5679568,91.35227439,1025.740189,668.9483208,495.9561715,1307.600445,162.5237264,228.3188152,223.0558474,46.05791751,283.8397911,196.0503501,361.391792,801.712492,446.8255201,333.101022,120.9412167,1081.452388,282.5583585,248.0146301,501.077574,60.16737056,952.8344914,381.484679,590.426108,374.6438263,631.693173,171.2603465,717.3135313,594.3583716,532.4999198,775.6571577,195.6933075,330.7086102,349.7355154,235.9600701,477.0889153,348.9691499,210.9714893,114.1548082,286.9037259,376.8672245,501.3836293,298.2751281,548.0483439,244.3425723,106.5220475,156.0597132,268.0900017,284.4593712,391.2577161,356.2743981,381.8611819,139.3419557,634.8568872,120.2438237,171.2841506,91.93214638,1010.915389,235.4410225,690.0182521,286.2564453,2280.071786,232.9643291,301.847532,295.3118826,316.9748051,254.3046651,143.4081223,819.3614067,1400.60797,347.1401555,473.8801268,46.83490251
199,1668.352328,1385.789611,182.0490422,191.3277399,424.744084,374.8386173,146.477099,932.1504647,262.6916626,499.635449,270.8988849,1127.430367,274.7436538,424.9752505,686.4439547,509.8597057,451.6850087,189.9280113,382.4421888,208.8863685,258.1416719,179.7161671,326.1410124,424.9442489,58.03441262,426.4327043,175.5915016,239.6412732,593.3392438,489.3401789,90.84277798,476.3600031,810.617,103.6457914,704.0050713,725.2257518,231.080875,831.870997,289.1440517,147.8438715,794.2934958,218.4556616,92.98737623,231.3362087,551.0316181,99.59940502,132.6853658,247.2286535,229.3726804,307.2850146,180.8739468,327.9304737,439.1647007,230.1509921,349.5753501,440.8500843,839.1370232,259.2082412,318.137861,54.32310284,276.9705748,346.9171209,246.1153145,134.6189796,423.2714177,347.6966667,375.3832502,381.0245301,327.3252115,46.58522181,337.9919768,303.9255626,777.4403991,173.7630104,91.28110681,310.0771389,129.303625,291.0652212,512.3955213,174.1995113,58.37810854,294.8813186,295.2559595,323.021697,109.8663758,270.5047938,63.75334349,594.0073861,602.9687831,541.9848117,238.0717004,342.6957196,546.6829279,161.4819408,199.2715978,385.2923044,266.7730675,533.1849112,610.0162328,115.517645,232.4952626,392.054852,259.7219956,240.4062586,262.0435304,360.2918808,225.9860585,318.040307,185.0906156,140.2553125,352.8407123,345.2452244,428.7095283,675.3146024,218.0396251,1049.834672,157.6203624,657.2708206,178.8227635,362.2464658,181.2034963,1305.741602,180.3165766,434.3161363,527.0007618,760.2662516,317.811417,89.52825622,1017.135592,695.4431594,527.8269107,1329.212252,172.217057,247.9562036,222.7299363,46.85750905,280.0556193,196.2798599,339.9853502,846.5766651,429.9279702,365.0518983,125.9782705,1025.612984,285.7150447,257.7039168,528.9560405,65.30617822,904.0670441,387.8498563,620.6352655,385.4431247,696.8833609,178.0194617,701.2638066,636.5161971,551.7998105,893.3670338,224.4987905,334.22933,397.8023336,225.8547434,513.4950822,364.8647396,190.6261308,122.0713718,273.4078155,365.403483,558.3129751,315.6693888,564.4994026,254.2203569,110.3845808,163.5328196,289.8202924,286.1915861,348.3672867,364.5576674,357.3431204,142.071942,652.9757385,126.8407784,169.3904991,102.4231548,978.588728,232.4144419,716.9889473,280.1168776,2158.450489,237.558177,286.9913179,296.3698716,334.6497944,260.9080188,141.5118148,861.5128975,1474.477125,327.2589345,462.2290173,45.70066807
200,1612.095139,1444.840346,169.0293033,180.5940648,407.1728703,385.5457197,138.2019675,936.8558641,272.795751,495.1909302,276.3298443,1244.041927,270.87628,459.5430942,717.4463597,523.5416876,477.7310607,187.878268,380.0575231,193.4869828,255.8693708,169.9421095,302.7405269,420.2276426,57.20725689,418.3244855,157.7784854,232.9465992,616.0739894,511.7056128,87.10838085,522.5932,851.9613345,100.1401223,709.7164607,766.0846323,219.6852888,851.3507387,301.5051814,151.5934041,793.2169857,212.5706761,92.75661583,225.3825988,590.8991927,90.43242319,137.3609376,271.5091622,244.1931812,301.6597488,183.0862548,332.7214851,456.6156071,214.3601461,352.1956643,460.222124,828.529993,266.9804479,316.5287012,53.69710905,266.9474822,389.0345586,242.9559121,146.329051,421.7803194,327.3034186,383.1834453,392.2060645,325.0081322,47.54597057,363.6454387,310.9189873,842.1497424,164.4038475,97.32089041,281.9998446,127.8874111,279.674716,516.6912954,161.3714446,57.36551733,308.3323298,300.5001303,323.8503953,110.206437,249.887797,65.61901826,603.9008827,607.0952891,529.3476836,229.5183109,334.6365465,509.1478975,171.1672492,208.2388568,417.0482397,242.3207762,496.0880944,609.4675949,128.3495972,225.7628348,380.4611473,249.753217,247.8464646,268.830019,380.8592242,216.3306002,314.7686579,182.7966981,150.7724147,397.3746893,401.3824309,453.5625301,659.7773661,214.4100636,1039.833871,160.6344001,630.6745707,176.1399393,350.6580238,178.2404322,1279.149383,180.9206158,444.7721183,520.3693187,732.4364377,316.7973808,89.49888478,971.5552121,637.9735687,534.9218795,1193.694046,180.9665156,242.992887,210.5587532,51.34811596,278.8103687,182.8046766,342.5042956,840.5258704,429.1055485,364.4261384,120.5069568,1011.020592,298.8814503,258.9513031,533.9492153,65.71315779,966.4257414,394.7257085,665.4478223,369.5450115,712.672568,185.8881147,746.8957807,729.1439413,526.1454536,955.363985,237.5572769,339.6586808,374.5909245,227.2446101,535.7342851,365.6656904,188.8816152,122.883509,255.130088,387.9526526,562.3798807,292.922496,544.7268655,238.2708313,103.6842067,168.5269184,269.8686496,310.2749615,391.2076372,382.9129338,387.7426478,133.9308227,694.4913364,134.468492,157.7830341,98.68432224,906.3381526,223.5091062,691.0820612,271.7357121,2345.194432,246.5919343,273.7758377,300.0420756,322.0893837,263.5960272,140.7776969,825.553923,1419.312208,332.7281273,453.5942499,44.55829037
201,1589.23329,1369.631411,175.702699,191.3575167,379.3368727,400.1743744,144.5073671,1025.155385,276.3156377,503.041927,291.4380838,1214.947777,285.8808269,455.6062268,733.8542999,517.6947423,503.2405408,183.4830089,399.3573928,196.5101621,270.59999,172.3583808,299.1235672,397.3816032,57.83816588,418.6789813,151.419994,241.7464119,535.9048806,497.1314354,89.53261675,517.2063482,843.9309902,95.496574,739.5465422,805.8864779,222.0077644,797.6800678,301.6010791,145.0227959,808.2137543,214.3901688,91.86146029,216.9077475,584.2969865,99.37985634,137.6587509,259.069464,248.3566497,309.2458218,177.9613994,323.8303932,492.7356646,217.6476159,380.5962033,471.8927335,853.4603958,246.3676201,328.4846372,57.10901588,265.8917167,394.8741152,239.0148297,150.4530015,427.3148661,342.5430066,382.3797087,405.8882501,311.8564272,44.78013566,351.0814413,288.659813,809.1041263,155.9459189,90.11672946,280.2146087,137.6952997,275.0890657,488.8620789,157.8189114,60.87564651,292.693001,310.3159788,331.5333012,105.5672109,248.8866334,72.68407968,683.5827139,631.0235243,511.2196716,213.606199,314.8105885,562.3568238,172.0076741,216.9599974,412.0862217,257.8155642,509.4916902,645.9167881,132.4510663,235.1965522,362.2910813,235.6997872,258.1655796,264.5540791,376.9781558,207.9605369,288.3340447,188.5090124,148.6789451,396.4043682,437.5339455,482.4577512,750.4239806,216.6380636,1021.034188,155.3072731,638.0340168,172.6314523,347.1948199,178.844518,1282.094727,182.3496714,466.9127876,502.1564377,762.7017177,338.3909725,90.03328285,952.1696517,687.3050132,542.5231682,1283.233847,184.8666884,236.0148256,211.7602042,49.36168942,265.3408468,196.9549031,353.938475,863.2219778,426.4284003,379.7067855,114.0743872,1014.259344,305.9564571,258.2357793,515.137436,66.89046129,841.2105537,390.1017447,739.6887735,357.5818353,690.9011919,179.6144284,785.3190779,750.4819345,567.1251068,926.2810592,228.7816026,384.255891,398.1028699,222.263617,583.5252221,363.452508,197.763723,123.9798977,268.3197641,427.4473938,549.3288549,311.6797396,565.8855842,250.8987199,108.6383172,189.5059503,267.0423201,328.2214991,362.362808,355.1333781,348.3567209,139.0690956,740.0644111,147.8947631,164.0665977,92.4378505,926.0118585,230.4810676,673.2377966,283.7214543,2383.241827,266.191101,260.1240975,301.7866283,323.0964269,254.7376107,155.3261919,866.6337234,1440.911697,351.6222003,438.7193422,45.09804358
202,1619.599246,1207.842675,167.3163684,182.2046103,396.9517298,420.7291478,149.251719,1004.444575,284.060417,501.9039035,296.3094401,1192.360849,299.6671868,477.2535551,761.0655664,475.4966031,545.6822744,187.1191305,402.2940905,206.0313537,274.5176011,171.6605625,352.8555722,389.7642193,53.14038374,416.7830465,160.0363218,247.4792073,543.9992709,514.7113774,82.93329801,559.7144463,849.3926663,101.9892537,768.4541085,825.3911544,221.0901154,810.9116918,269.5851468,157.3432147,916.0884221,197.0271513,83.1983398,221.9074311,576.9452126,94.27398357,152.4108067,246.2821559,279.4791893,303.138946,187.2928796,318.928954,497.8417997,228.9904359,388.6304568,464.7341029,908.2472651,274.2102005,347.3362502,55.51443898,259.3921577,375.1113587,251.1800414,151.8379021,456.2639865,329.9579,435.3084087,419.0014038,331.1015477,50.20428573,327.4567072,285.2321223,809.2205851,144.8039093,89.52624906,284.266676,145.5717135,288.8547134,505.9738605,159.1463438,63.66217314,301.5891619,345.0354337,310.7212606,102.2887371,268.3786942,73.98486208,638.8953627,606.4608456,488.943699,212.5631535,290.4481025,550.2639204,168.4930844,223.4294286,404.2973466,281.9625725,518.3378158,679.4128383,133.8519642,246.7564536,331.5894238,227.0467652,260.1412337,299.8310363,407.1295048,197.670156,288.1481775,186.8207724,142.2232611,413.9689564,415.4808162,497.5438746,797.0159895,209.5865562,1036.726995,163.6745547,653.0832886,171.8107219,351.5944417,194.1716301,1293.072135,177.8306342,466.9511365,490.3168642,863.8485793,300.2946655,84.24764675,967.744398,666.3250926,589.0872845,1238.499816,199.860892,231.4862327,208.7911156,45.86131887,246.0691519,194.1785838,332.8336298,825.4545292,439.6654319,366.2511645,118.6022164,1025.431387,308.8004041,249.704078,527.4356692,63.7792003,802.0177109,376.5938817,679.0225174,339.8406808,643.6966559,177.0565688,804.2418893,805.8290061,595.1265305,902.3048748,244.9696143,381.4242432,431.2836222,241.0043683,496.4839398,331.9630274,191.5139747,134.1220776,263.9207805,403.1810718,526.7665312,314.5118353,587.0064472,262.281829,117.0266085,177.7593192,252.3507566,322.3435694,331.330008,346.079825,354.6577797,135.5435983,728.0780878,147.3027735,163.2937111,92.6087503,872.3227988,241.0621108,649.2176426,287.6851957,2410.716757,265.1317828,264.8692556,296.7901892,310.62488,259.6639226,156.6417625,879.2322836,1468.608653,360.097194,423.8134093,46.67633765
203,1651.283793,1196.365744,159.3163863,183.4189699,401.8384053,422.4539568,143.5502479,930.1886027,284.4853769,460.2159866,289.1600397,1162.547599,295.980776,451.5911935,708.8404907,471.8389865,536.7865495,195.565757,390.9336855,203.7350509,279.3664472,177.9654764,364.3794885,397.4167322,54.38626539,418.4370157,160.2751936,246.0830734,573.1658203,564.4583266,84.67784743,554.1200737,878.845254,107.544036,744.1212277,790.3558505,212.9320463,805.7498494,262.8859161,158.96212,961.6634328,206.7043992,82.3032336,242.1265436,526.6301408,94.06772731,161.4797215,237.6795413,270.4849698,302.2065281,190.917175,309.0138554,508.1023774,228.2037671,409.8217281,395.0698055,853.7628547,263.3203703,340.5821736,54.13399579,277.4974726,374.7487017,246.0956255,162.036028,455.1292817,307.2717467,428.0102316,391.5337798,320.6225476,52.90345074,304.322967,265.7273111,802.3786189,143.4913164,89.2413742,294.7903181,146.9746938,279.5391126,465.9203304,154.8330205,65.03835128,314.1999319,351.7274585,306.2973849,96.41566836,276.3055588,77.59169299,669.3844646,609.0711483,503.0057869,200.9727228,299.3185624,542.5323108,152.4772514,217.0064208,415.7932912,290.4379477,564.7620154,706.6122185,140.8785629,261.5209629,338.1226559,232.7681241,261.3261733,309.6618544,446.8530793,217.7359252,269.9908615,194.6737992,145.3595718,426.6465592,419.6508549,442.4192486,817.554808,202.304811,1173.991828,158.0908769,649.8273344,177.983886,353.8464515,193.2331983,1304.637697,184.6363313,464.3083086,484.0611929,866.4504024,307.4868969,87.61138399,934.0819928,629.9912945,546.351735,1271.177131,187.4274829,239.700996,217.042641,42.97483184,249.8405792,197.5727039,331.3475607,796.7260427,442.0911037,414.069611,129.8604584,1046.549343,310.7306074,254.8472731,521.4914502,66.80683098,825.1640001,367.4263084,696.7796426,352.912076,642.950845,193.7878176,847.6442108,869.7829647,588.5494945,900.8569125,246.2640906,365.8422709,425.6439673,234.5854843,476.6387476,360.6446843,185.0440743,134.3538658,247.9224483,374.9613789,566.0318785,314.9627003,622.4939849,264.0765044,113.2305956,171.7458459,263.2628585,276.274444,325.1144028,377.3127453,376.3886689,136.6640915,686.1304497,144.7318605,147.1982848,89.47946739,909.1729854,240.3763989,643.814004,261.7895153,2301.682969,267.8002219,255.1581331,308.5889589,265.3893323,249.2238068,156.7156286,885.3376472,1714.723991,358.4954172,435.0947175,47.69216208
204,1576.567687,1185.784818,169.7570385,189.2970136,443.8092205,407.2410237,144.0488385,962.1404515,262.6256667,465.2583558,287.716763,1249.562974,318.207283,441.4371316,718.529844,437.8425325,531.9678995,191.8535148,398.3789453,196.5331883,259.4224736,157.9238594,377.9068786,400.3900848,56.25663769,396.896167,164.0080389,220.6557899,608.9767924,607.7440501,79.83680798,537.7232038,905.617371,112.2381905,740.2337518,778.2909979,214.548339,810.4043675,305.192168,169.672697,990.4900713,213.4612985,87.61312103,242.3647109,570.9292333,102.7907228,153.8307845,265.0550857,270.5791571,319.2819898,191.1393016,315.5152045,536.6325717,239.3568538,407.2993961,469.4011703,874.8515273,286.8413299,349.4870881,54.29074742,265.2639562,410.026656,245.5971441,171.0391424,440.7714236,322.0097565,463.6283777,385.5337797,337.5459813,53.29162178,306.605547,263.511493,812.2459396,135.5923952,95.42159187,297.9529037,152.7306935,276.812537,443.0458161,152.2609219,62.79289409,311.226235,401.3006774,288.4730922,91.57628733,275.4286102,80.57755919,716.4888545,665.5160829,492.4956259,204.4914347,301.5649024,560.1636381,172.8667615,223.4079307,443.9853414,296.1542334,603.33797,749.0044282,140.4527256,273.9476728,347.1737213,241.4656779,242.5733523,335.9176844,440.0581854,214.90102,278.9922519,206.2064924,140.1538848,414.7205541,425.4314393,474.0140594,817.8621899,208.085401,1271.677392,156.3788148,585.8993071,183.6697506,363.38927,194.4919335,1436.872087,186.4682912,435.9911997,477.8723515,898.8320175,342.8393909,91.39855334,926.7086728,664.7011592,509.6126118,1236.53612,183.7763971,249.7411928,211.7740309,43.92343814,251.8739883,194.1979009,310.8634982,820.0061684,435.7814996,441.1968336,127.0217584,978.8833189,319.298602,249.5880803,518.442023,64.06980115,813.056126,345.900278,702.3542981,345.7164912,665.1415004,204.9525532,750.218983,910.9395123,617.7062837,891.3477115,246.7294749,354.0607702,413.6330052,242.459637,454.3806735,337.3995744,195.6643144,126.9997628,246.378547,348.1948627,599.1716903,329.8347145,646.3990561,254.884658,105.6371418,166.3026715,264.0612406,260.0128461,328.80165,410.1890725,346.9106113,150.0456331,678.0977327,141.3094961,143.6160884,87.20834497,899.0746904,272.1415527,746.2883942,274.2459932,2384.699876,303.6208832,261.9874235,324.5379138,266.9620769,239.2210133,158.286718,919.7686801,1640.38369,379.9824983,457.4594269,47.28722062
205,1503.996995,1224.117096,183.6887268,181.762989,461.7396975,386.5187372,147.0072614,1030.774079,256.1034709,459.3976147,294.1194984,1190.808315,312.4895104,438.6668563,743.4137087,445.1669896,511.3332865,199.9310929,413.8646789,184.0735159,280.7179635,142.0169191,433.8546685,404.020252,57.26877696,394.8223178,156.0171908,215.4263833,583.9088705,642.0516059,76.80062816,503.454827,948.8468923,119.8285422,767.9173947,773.5012474,201.3999934,838.8327634,285.1393666,171.1435068,911.9116569,216.4330143,93.86718276,243.4331022,575.1137448,108.0516125,154.1032946,254.5553478,268.0888734,315.5621677,183.3046692,307.7220692,536.8111037,258.7661605,391.3345735,491.8602904,855.4856511,287.5644994,331.6985278,56.41626795,272.7420922,410.7448229,245.4200076,176.3934895,491.5336634,327.7952264,464.0836196,399.0969252,313.0482291,56.99625549,314.0426964,264.6963212,776.1740803,141.5246806,96.9979891,301.8290853,165.6303579,275.8438644,443.0569322,159.9591593,61.49239106,285.9345648,381.390356,307.9537943,95.6614293,275.1875262,82.92269656,728.7021316,702.407297,504.9686111,204.4050758,311.7998556,672.1340985,171.7568415,221.1883742,500.2086763,298.4786319,592.0557583,796.5284606,156.3521057,267.6001524,366.8007059,244.049346,255.924429,328.1985912,434.4480389,211.4240365,256.9832599,212.9672371,158.4609655,417.3016789,421.8144421,469.3106469,852.441649,212.7667934,1248.943076,165.2938768,632.968465,188.6037558,387.4086215,188.1127843,1302.65749,177.6891463,413.0457278,486.5149366,977.5653539,319.2707147,91.53355644,914.0867685,640.3035654,501.8641033,1190.929058,185.0910291,255.5790937,225.7112029,48.47998687,240.2334998,225.4790147,295.0261576,816.5412976,432.1095023,471.26202,131.9707191,1082.590192,325.1196793,249.3376913,504.8575452,57.15776572,846.6821113,335.9846233,726.3642888,347.486902,648.52809,217.9352159,718.9613426,930.4619015,627.7597812,853.0349567,223.6045104,367.156746,405.9292713,251.298022,473.7904558,358.1237024,190.1522834,123.1918876,246.9896486,354.435777,598.7426274,333.1934248,652.1590193,276.2442153,103.3024952,177.6839552,250.7365924,271.2363895,332.8623646,443.7481668,321.5140899,164.0950282,694.5175689,139.9868306,140.52756,91.32984087,916.9816123,252.951069,740.0161983,286.2000948,2354.329125,314.1938067,292.7847992,341.8058451,252.2066756,245.7949554,163.2265116,937.3676901,1662.357574,362.310587,450.5755751,45.11593204
206,1404.138349,1319.18523,188.8681131,177.695693,509.7769196,386.8601259,139.4913818,1061.495104,260.1590894,485.2652351,303.7506195,1184.418666,313.9904513,444.6019571,690.4151946,462.3717863,487.3418992,187.769861,403.9671855,191.3206085,280.6045632,127.6066508,415.9082252,412.5051466,58.07196787,387.7492435,177.3335704,212.0926088,646.7309127,631.103103,73.77443007,496.3755259,990.9115994,130.7555459,814.1524542,808.0253251,207.5375542,771.509912,267.7093401,171.5340339,929.8628291,220.0002472,90.60776729,264.6822354,527.6612843,96.23819605,160.4178102,244.9505582,241.3751875,298.4965152,183.4547766,336.2736044,596.4890216,259.2179064,424.597919,488.7482917,852.2644087,312.0770127,322.770877,59.05543134,287.4204799,391.6237114,234.6160537,179.5268683,480.1059369,320.6163514,482.7662902,385.5901793,349.7715433,56.25599146,305.9982593,291.8832208,790.1359749,139.5661334,97.17172655,284.8173209,171.1282609,280.0261368,432.4712458,146.6337368,62.15056563,286.7923687,407.0642952,321.0816727,89.02446242,274.1569322,78.12955202,719.8578505,676.1001919,487.0075992,211.6531504,303.8449604,669.8425526,173.3511713,243.5181905,527.3345307,331.0928128,602.4787926,748.8438204,152.6898139,255.7417353,387.0271304,263.6897437,235.7336583,323.0194106,439.8123794,186.008959,245.0833596,226.0044052,165.3824099,411.6702275,411.0530842,450.7053663,827.2823116,212.6454556,1299.473809,162.9121492,595.0179791,173.6536781,376.5003438,206.5993459,1348.963968,176.5398846,411.705295,507.5043629,1065.023851,312.0573331,86.63522041,839.367729,644.0285887,429.3220256,1124.14344,196.6146679,263.0282751,219.3735257,48.48103549,246.1078172,250.9363807,266.1606107,790.7721815,407.4899172,449.0831383,133.4408659,1099.14277,339.105076,266.9738334,557.6927142,54.585233,886.2415438,351.8700186,701.4761296,351.7794783,584.0769216,213.003931,764.1831457,1011.787684,634.388999,903.8076613,228.4936548,347.7124789,380.2029036,240.9887412,436.5662297,351.9876677,191.1939743,123.0004476,239.3950177,363.4913009,570.0407319,378.4347475,626.0759365,265.0845655,102.7854443,178.4328243,247.4207449,257.1802612,363.2386113,450.7022312,329.8322869,161.7480679,656.9485022,140.0555857,140.5015358,96.18297095,944.9485224,284.5555826,742.8268663,284.2604291,2425.649712,350.2340407,320.0121086,330.7955334,245.2945563,225.4223852,154.7339579,928.9551406,1646.965327,354.4018972,487.3134901,49.56930564
207,1352.71892,1299.660273,187.0414581,166.6798593,540.1410362,348.6171609,147.0925788,1145.141825,270.6501919,497.7902516,312.1698908,1194.081759,309.9237502,436.6773466,687.6426197,449.2560396,481.936546,187.1602161,408.5025518,186.3274215,293.6348648,124.5588226,432.7400434,410.7003007,56.06021805,415.6689589,161.0602149,211.63748,607.080325,600.1810751,74.63927074,506.249127,1129.527256,125.1470436,831.8570638,871.8803127,188.3884658,786.7231741,290.1940454,164.3041098,1004.81376,205.5752898,93.38329239,299.6348161,507.9657653,98.57717898,160.4651886,257.8952402,257.9269489,275.2846597,195.9466054,342.1434641,623.0240619,271.5507299,408.4656331,483.6371837,845.0807539,312.6304663,343.6497901,59.02886906,293.064123,394.2226974,245.5078462,178.4001497,466.2163009,315.1493266,548.759824,355.3797433,374.7226576,63.727895,303.4601575,283.9958018,740.9071294,139.3374122,92.81920375,292.3476085,167.0485748,271.7018698,433.1627444,133.5871865,59.31305617,280.698678,419.4360377,342.488011,91.08197511,265.3871216,88.27261783,728.8045781,734.8394933,535.907473,207.936114,294.9030105,652.1214988,166.5305086,253.0633693,544.2282174,350.0992698,554.595692,750.4607915,165.5195925,276.8743645,376.1436149,255.3567168,231.9536229,361.8170655,477.8270578,187.9511492,247.8774533,223.0224356,167.2144993,401.640917,452.2401602,454.6731579,879.8088841,218.6911227,1266.795177,150.1543213,681.6100924,174.9634409,367.2751245,222.0466101,1306.626335,194.9489781,441.9993591,522.1249102,1211.098853,340.9496873,72.83240502,894.6684328,649.4077514,417.9671456,1153.964235,180.4241541,265.4019552,200.3915484,46.96188675,254.3764277,264.4184099,265.8117247,827.2404914,427.1211962,511.1645209,131.8531028,1013.994148,331.747436,268.5786093,560.7816082,56.77102061,920.5731226,336.2537388,687.418875,370.1608219,564.0196377,224.8493367,778.9334833,1037.726526,634.767589,886.4788996,225.1475853,348.8079632,355.266781,219.0238493,397.127747,343.1571932,208.2250029,128.2684366,242.8986345,378.5843735,552.5610513,423.0032128,614.8021661,258.9010517,108.2193706,186.0563915,240.318591,252.2709031,346.4029972,421.9967763,332.9181817,155.3882032,668.406525,152.0274965,146.204512,95.10518026,952.9273516,287.4214343,755.7318019,279.8719597,2527.921952,354.7382127,325.0796059,337.4621185,241.3439952,241.6038534,154.6696437,888.2604674,1645.625411,359.6793563,475.680636,48.97411844
208,1354.051498,1464.981755,184.1794894,164.3604668,551.8916485,347.2943605,149.4961713,1109.417356,276.4587528,498.9274985,326.8527751,1330.176776,287.2421528,453.4893257,712.7137377,468.5534662,500.0528282,181.812147,375.0954866,196.4866928,322.0243678,114.4679123,480.1289637,448.6008679,55.33301231,446.9909487,169.4473525,199.8841955,590.7370934,609.7346279,70.47179829,501.5672004,1128.440959,121.8120704,918.0822929,855.0728236,183.4613202,803.8732052,314.8404948,155.9517302,980.7247989,203.7807384,95.03701633,281.1549825,463.4378355,93.11288846,161.2599262,261.4964375,250.9251778,262.0702208,183.419101,363.3832335,661.9422438,275.4988391,397.7293326,443.8964976,931.0375065,297.4399978,344.0256507,63.01406339,294.4890064,413.1241677,244.7134295,173.2733547,476.5600842,284.0240451,622.0776459,334.5699323,385.7850704,64.8203051,291.8215428,294.4294725,739.2000322,135.5540003,91.39781591,264.7550956,173.1906837,262.8140395,418.7721956,123.4074518,54.06910524,300.2460069,454.7433542,364.3557059,92.81382379,283.1362484,86.28277951,694.8491338,764.7908536,474.455351,202.6915559,279.7674258,670.5797493,176.6002487,248.9919472,550.9482184,342.876235,588.8196866,731.683546,163.2688051,277.3503127,364.7465716,255.0450558,248.9003444,405.239897,479.8513388,205.3707188,250.5321102,229.5890269,168.246332,395.6613957,444.3615649,471.545993,883.3110226,224.0720881,1303.478808,142.119999,703.6178408,184.2171868,369.0037066,231.6240517,1291.994339,191.9398599,455.1953512,569.308639,1164.993886,387.4272569,74.54246023,929.4765211,661.510807,414.1717395,1153.300081,179.1341152,246.6946792,203.9923317,51.30791531,238.731495,265.2706212,257.678267,808.2584244,426.7989613,567.2541171,145.0891274,1093.240255,325.897965,256.1977405,586.9904668,59.47896346,886.2082353,359.57445,692.3070605,375.786545,594.6100498,224.0180539,886.6039041,1054.123302,679.6291818,789.341751,208.0142459,324.5508011,355.4974452,207.7261486,402.7751181,342.2522844,198.2258029,134.9034675,246.584825,359.326247,558.2813868,440.127798,619.9337276,258.6669264,119.1578353,189.7593107,236.0003732,271.9022551,325.2500058,431.2072368,339.8373624,178.6567699,698.0180836,144.7306963,136.4993398,98.60395068,881.7738002,312.7657179,749.3201076,266.441297,2585.346225,366.2474791,327.7882395,384.2310553,269.1264316,224.8102662,161.7918048,961.6078987,1674.620471,382.4699202,493.7098934,50.41893074
209,1301.937984,1473.480228,203.9162675,179.2871736,574.362427,353.1311573,155.3171456,1078.841993,260.3593857,505.6602113,354.6521949,1412.896106,279.8161755,411.3526537,776.5552547,499.2411354,481.8431929,164.5975023,387.953901,214.4232135,327.1778631,110.6554161,473.8936792,460.4831466,55.21456663,453.3143674,175.7960736,195.1204335,586.40732,577.7767682,72.37722159,463.772401,1138.138079,119.326852,970.3572893,858.2552493,185.1342055,824.099822,317.7597105,142.6685624,921.7416298,194.5767953,103.2162099,276.8749276,493.9179826,94.3431776,155.6904504,266.2965521,263.5640257,250.409997,188.5118498,361.2157207,604.6706538,284.2663957,398.9348448,436.8746621,939.6968392,326.2848039,363.7249023,63.58354324,299.8441012,406.3473886,243.0382971,174.2320347,468.3413321,274.2145655,658.8471487,321.3549978,379.0707982,67.22422873,279.6019713,302.0006193,817.2336054,143.5164785,104.7402589,264.4874844,188.9745722,254.9570408,420.5628088,125.8852559,52.98263791,290.6678841,488.0894957,324.3985766,90.66258948,293.8241214,96.84475672,765.6180127,758.6253139,454.5951138,207.4914209,281.4880255,694.8110083,180.3551215,264.6542849,513.2154962,333.6261646,587.9547618,698.6199622,156.9906227,264.982169,421.0128777,263.3849383,261.325459,414.0895756,489.0109777,215.0787672,248.2036505,245.9775344,188.5748,388.3074078,422.3065612,460.5436489,862.5433875,242.3416726,1237.396526,140.7567987,778.8270982,185.8198824,362.6283769,242.1715132,1386.648706,179.1850612,447.8733319,554.2064107,1209.38038,386.510629,73.19968403,928.426498,672.9456267,377.5840188,1252.416942,180.1295158,225.1851854,201.3030253,52.1943323,253.6113865,264.6692473,248.7822197,800.5496215,443.1234,534.3056311,149.2719812,1046.859684,343.9962957,263.8311054,538.3699309,62.91888345,915.5261874,357.9354585,671.6779779,381.5152458,613.7671392,236.8776502,763.4615575,1127.566938,662.7134961,819.9533616,203.4930421,355.1762519,342.4859527,210.9604828,377.8006761,349.4445868,196.7384842,148.7265034,244.4132057,395.307112,575.004459,427.0602776,619.1314307,268.9485137,113.8462357,173.7679789,219.3107724,284.4987089,337.4702981,447.9478431,339.1400529,186.0180362,659.4026316,148.9958922,131.7638471,104.6546073,897.0317003,320.181377,715.4940854,259.6309475,2667.660644,342.4825599,340.6024925,369.6206148,272.5046972,221.3647289,156.3142278,976.4928954,1603.592907,360.4153671,495.1355793,54.98895777
210,1305.463502,1471.713046,199.3910146,176.9459261,607.0045881,366.6055518,158.4360795,1011.305407,271.1640997,461.4376347,357.4573414,1373.137939,266.644501,388.5367034,789.1325846,513.6608631,469.2029631,150.8295451,392.8062752,225.4369618,297.4260464,108.2482734,461.2029324,407.4915069,54.70072215,488.113988,162.3656487,190.1248708,580.5839986,509.6487919,67.49937761,445.1991138,1095.235166,113.4064791,950.7184338,888.9434879,196.2911207,882.0636938,334.6398421,160.1372442,972.7038042,207.9638891,91.95528558,259.3084813,483.839775,104.0359209,152.0948112,266.9217889,258.7164827,242.6428073,202.9935884,353.9794855,645.6472611,311.595937,404.2174879,417.7716385,940.4756989,330.3044785,376.9269403,67.90566787,312.9181944,426.9963995,239.5866765,163.7094052,484.8174922,272.6534176,698.0972645,338.8928451,378.3158527,68.3409252,266.7533214,287.1064974,834.9002918,153.5171639,115.6064195,265.377711,183.6583345,265.7991324,438.7959302,132.0628895,50.16939348,292.9514314,481.6611079,327.8314073,86.45762401,328.0645844,96.42043207,732.1789696,744.7773853,454.2816468,185.4738315,313.5379793,753.8227801,166.5959043,269.1498888,469.4547041,324.0459446,557.2347124,749.7783763,163.8808838,243.6096333,401.9259048,290.2888537,279.0606408,410.1725003,535.9941992,221.8744327,246.0286767,276.0859262,201.2285487,382.4220775,459.220375,482.027042,868.0078736,259.5100997,1213.727571,149.2286375,740.4877547,181.5227125,354.3033226,241.3983022,1327.047429,180.7639697,480.819597,567.0890734,1299.365162,384.0006401,74.50215112,937.1891993,610.9543912,349.475837,1224.059586,174.406159,227.8992435,198.2782109,53.54550422,243.2904416,252.5086086,235.474962,777.5298969,402.4355984,562.4186458,153.5963007,1076.225678,360.5567985,263.3231023,530.073489,67.12202358,941.4788629,342.5681523,633.8071532,395.0586285,616.2243352,235.0625437,748.2439687,1169.435375,714.1984241,816.7401965,207.2943727,319.708173,370.7191484,193.2307334,385.90181,323.451019,209.8104864,160.5327973,242.3337115,395.3436816,613.1106723,405.6759881,614.7611348,274.2385861,116.0800161,168.6728449,203.3235605,280.1576507,359.0817021,464.2058408,311.0635934,185.5604503,693.3532004,151.8637654,129.2648074,99.68055066,869.881323,302.5868284,689.1955771,278.0920294,2589.494849,333.8979377,337.6677303,324.576372,256.3989471,223.2335964,145.376726,951.858782,1774.726546,360.3696856,534.632359,57.42917472
211,1267.710789,1551.835925,197.367994,178.8349533,621.2164105,364.1899295,159.8977081,953.4411637,276.0551236,433.0331652,345.7656143,1359.900585,247.7131606,431.1081154,791.1354407,565.0355848,510.5617424,138.3050545,385.6442481,204.655996,301.8683003,112.2986544,448.2934284,407.2924916,55.43061613,479.4447574,182.7156925,219.0155531,504.6825395,560.2709811,65.11261867,410.3742886,1118.490113,113.390872,954.7969249,970.5886482,191.7468878,941.6206467,318.048172,153.0365847,1026.271978,227.4488691,92.41374472,247.4819515,471.265867,110.4625129,139.9912131,242.0739244,276.2902675,272.6324728,183.8911652,336.8042292,736.311717,351.9140505,424.3644849,374.751446,937.8122832,353.1050593,350.7004371,68.09360428,329.868126,420.0863654,250.6387806,159.6591515,515.9666784,269.6088059,689.3347794,387.4968067,369.1028213,69.03941132,273.8278917,288.2741129,795.310194,166.9707108,116.2263988,252.7118531,195.1105369,269.0216332,456.6840895,131.6093746,48.2178988,314.4294716,479.2280978,334.2862163,89.96563684,347.4231847,91.69648897,749.512894,749.9998664,462.7135902,201.3231484,334.2901441,692.800538,157.0679533,263.97842,475.711676,335.9455999,554.5918052,716.9465763,154.8460754,265.2521378,421.6034211,284.8692755,273.8579903,418.715097,563.8538205,243.5398788,254.0902,277.2098122,209.9624601,385.8599635,508.5326289,520.4089416,792.8836014,234.584924,1166.875888,148.4576005,732.1310585,204.8523613,343.3685963,233.678811,1263.847777,184.243859,511.3365326,587.5072393,1285.20401,355.920862,81.6742471,941.7131515,600.3568066,361.9561264,1163.582797,157.8647623,226.3314597,190.6122044,51.74837715,236.0565221,271.7821986,228.9283504,793.5740296,435.0669807,588.230499,144.2452705,1128.082824,353.9171196,300.0643171,541.1016962,66.78739241,895.6548709,313.3963217,647.1007548,407.179654,665.0796177,238.9531019,783.3479335,1112.262882,739.7261324,882.2640785,200.6081747,324.6024376,358.9682127,194.6461519,433.8709387,316.0608504,224.3250106,147.0792461,225.0400768,432.0469509,617.2234622,401.1850499,625.4412292,302.0148984,114.5354141,202.8430255,187.3499181,302.5094946,355.3104555,477.0234859,312.2976124,196.2059123,719.436077,148.6483615,133.0290089,103.0687983,891.3072664,312.8416242,684.259615,280.8079784,2744.424224,343.3990145,347.8902668,338.0907559,277.7369362,227.6769073,136.6443546,971.1475219,1754.283949,350.3261675,477.8487375,59.11613609
212,1211.938722,1615.326828,212.4031562,167.2977497,627.2907906,375.2306066,166.3315878,1025.031324,285.7192526,428.3385696,314.7370139,1427.418182,249.0456214,441.5333676,820.7967711,615.3651685,532.4461304,144.9192346,413.0544986,214.185813,288.1261865,120.1980837,432.1787298,407.8791192,51.40430197,469.2423503,180.7147311,219.3701464,540.6008321,549.3529157,64.44204678,413.0625415,1134.395728,113.2846709,933.467045,884.7519494,178.3660437,950.7119656,348.9973857,152.4069625,1077.238828,239.2117327,92.7709973,238.9182,484.1546946,114.1429463,132.6266124,243.4258032,264.8061259,284.2992411,170.7753798,356.3729258,712.1558224,339.1250066,406.184389,346.3604121,991.9146088,326.4984884,351.8204795,73.50533176,351.5687601,449.9602264,251.6010132,162.1775797,523.9717825,275.4979237,712.2167371,411.7237567,388.6656727,76.89034476,270.3800358,309.6010163,813.5591849,173.5255504,124.3177062,261.9747043,207.7613228,277.7986883,507.1749661,123.5165879,52.34448389,312.0805017,455.6614403,319.4831163,95.11346201,371.5648508,86.43915651,766.7241398,734.6793932,469.147078,224.1344329,343.4926675,662.8124659,144.0660499,247.3716079,471.4848841,326.3234508,587.8167796,739.3583302,151.8089563,282.5892557,423.92922,270.1437005,282.1355205,423.4027988,534.2978606,249.9671027,235.3991834,288.1149448,220.0524792,368.612302,514.6490948,493.9899855,843.7318946,244.0950694,1291.235438,152.62891,758.0954911,194.1616993,346.3905214,214.3818499,1286.019862,188.8760685,526.2657342,586.9676176,1374.602303,339.4888582,89.24634787,1011.200103,603.1816893,371.9329089,1147.408922,155.5042217,230.822418,206.2219992,53.30115531,234.1159538,279.2428214,226.7441128,776.6910817,444.758745,575.6287218,152.1135823,1102.791661,383.5557362,294.5244928,532.5689635,60.11378449,910.6480197,338.9650107,681.3202562,452.6332622,684.7057569,232.1338338,739.0992691,1004.967347,695.531369,835.3337027,209.0819615,324.5842079,335.2602444,185.7709267,442.8715933,326.6328159,226.6512538,157.9195348,228.7830505,434.4671406,661.4560463,386.4812232,620.5866636,302.3738858,113.7557668,227.8302438,199.153346,288.348846,327.2842065,428.3539253,301.2929218,208.5018864,720.0248762,138.5005351,133.2360581,94.15709411,807.9309746,316.1807139,717.1585404,271.0575374,2749.861139,341.6629357,335.077503,330.9398948,275.4819212,245.004482,130.8687846,961.7865557,1780.195277,330.949823,433.3559143,58.67930164
213,1240.061003,1640.056214,217.7319358,171.0636684,637.2999074,374.5596258,179.3870227,1080.283059,271.0818269,483.9329912,327.8566299,1382.953246,242.4284603,442.2947739,883.3880387,576.1090268,556.0432276,153.6037793,414.3387846,213.8918586,292.5783743,111.0453128,417.4964821,380.6683572,56.52653676,539.4622266,169.1765719,208.5388894,579.068441,562.7209316,67.04605406,403.454596,1028.899636,112.4450123,960.9837477,964.2890313,197.1070483,947.032459,345.3847715,141.7129299,1091.575878,210.9095824,90.98760178,247.8920137,441.4423998,129.4580157,134.4067903,256.3994806,287.8369427,292.5958994,151.4817794,363.0191701,777.4904166,340.6566768,407.24787,328.4666811,1018.441391,314.769919,374.4231673,77.17794068,373.0308344,463.942964,269.3128131,163.079693,506.0974399,281.1673131,715.3172216,442.7234282,376.2655128,70.74128736,257.4606063,309.8023274,797.0338565,197.16262,120.0637058,258.3150634,201.6898925,267.0544117,538.1809632,128.3306929,50.97699339,313.5248774,466.693604,319.1444448,94.21589934,360.6661747,84.47486595,760.1473318,808.3731445,482.444278,220.3492074,328.37695,621.4831904,145.181788,232.2914437,429.0289201,319.8269666,581.6073694,682.8836044,161.4451743,270.0000666,457.6223819,255.7446503,268.4240004,417.2770364,526.0432439,250.6033441,235.463831,291.4963333,215.2144795,395.5033255,533.1053069,459.8289699,870.8883859,230.4822355,1173.842996,166.452365,737.5488107,200.4677337,339.2466749,212.679152,1244.647511,184.949729,529.4480796,542.177128,1325.090077,313.7903866,90.75339215,1067.634032,625.8843523,366.3316864,1002.583329,167.426579,231.4226801,210.9282659,57.43868486,235.6971723,285.274292,244.646614,776.3313467,418.3324556,596.5533978,145.2707417,1148.53006,389.1393574,305.5519512,523.3629541,56.70558272,923.1181461,334.8387139,728.160408,489.4967608,642.4823066,243.6694729,764.8738246,956.5533646,726.2780938,845.5108371,216.3158853,314.3299672,354.0661919,224.238084,465.4245214,335.2215315,228.2463881,171.8082255,238.8863932,440.5868745,640.3456904,399.8175868,560.6781962,316.4825828,111.7269229,237.6191481,212.5202431,275.0741806,303.4165191,384.9840078,284.7859887,186.6143847,772.2341813,135.1214937,136.0196869,98.76741891,783.2465473,307.5449442,710.5311969,281.7781602,2652.694214,322.8747544,340.4713022,342.3637697,265.3111954,223.031285,141.286967,922.9464665,1654.559347,306.4879465,439.9705741,60.73577763
214,1297.425963,1668.471026,209.1046453,164.392005,643.8275318,345.8708839,175.3425432,1019.893206,263.1381383,522.9112301,357.691367,1464.178812,254.3611902,444.7023404,923.1045242,630.4073243,508.9639755,142.8151156,415.2178321,216.1965622,304.0126284,118.5501709,423.4429164,386.8832671,55.47097104,531.1429263,161.1759596,191.5175511,550.5505294,570.2405633,65.45937922,386.2677103,1116.981702,131.3604466,940.4895027,929.3448037,196.8266944,850.9653573,351.3820233,140.1549888,1069.554546,230.052805,90.27506484,256.3099891,463.1655861,132.6120307,136.4366202,261.978347,277.1393757,311.8763639,151.9896565,366.9277552,768.6840535,356.3484325,404.6627407,320.3763754,1146.481516,340.9004466,378.7875497,80.49819956,387.0417175,451.4556854,249.3734663,149.7184617,482.0392734,311.4700978,698.3274543,433.5133087,365.1722013,69.90468929,244.8539887,312.7821683,809.9661428,180.7351407,127.2076765,243.3410367,207.5148471,262.8410382,533.5457596,132.8617251,48.88389112,319.829281,475.3714913,336.9262344,92.71305631,367.9378395,82.81996211,777.3273249,842.1181557,475.7221521,216.5011317,320.8299409,645.6312875,140.8103646,230.4627222,404.8011758,331.2932075,565.5598433,724.1557179,153.7236381,263.8544713,454.7205036,267.7516076,288.8796431,386.5054382,556.2965507,262.9783275,233.3745321,310.5620174,226.5857496,385.5760402,572.4352886,436.9418469,854.2749772,235.9871968,1231.415733,178.2057284,753.9328311,209.7420455,320.0512157,202.6772372,1222.418433,197.3299609,523.1463285,578.9025481,1318.681911,299.5343867,90.93849736,1150.868997,625.2004441,353.9201773,1019.390969,160.0454032,231.8758595,198.8477995,55.1344105,239.0720916,280.5240623,238.9997082,785.9900988,434.2832526,661.7550555,149.0229904,1252.097842,378.5470557,303.360685,522.0324649,61.72146883,887.0939741,306.1575175,742.8385209,518.0180275,621.3081832,225.0775148,757.7243708,892.44414,774.7703675,826.5522612,208.1372025,286.3846075,358.5903924,224.7173438,447.6490988,335.1162426,232.6846791,180.5343533,213.9065694,421.2002111,685.6030957,391.8174341,551.6043012,323.4683416,112.5474048,228.7906311,210.845736,261.5669192,294.2541243,421.3008758,273.8209822,195.4599621,883.2958854,135.1057697,132.6637584,93.96638326,667.2787565,299.2778969,682.3346332,276.8712663,2462.756677,338.9157118,320.7149846,368.6398502,272.2856487,235.405431,160.0244731,865.705782,1466.239074,315.2823167,472.8517545,59.68201833
215,1216.094808,1738.101283,209.771606,173.8370244,629.3544632,338.5401895,176.6683502,1033.455883,272.3020207,494.9581148,371.0402093,1589.433869,278.7236992,478.8460272,919.9522852,669.1490703,516.8390557,149.2317488,387.3968261,213.3211048,324.8362904,119.5987776,437.2935041,370.1574189,54.81790338,523.2992739,156.6535209,196.9959174,535.7634734,557.4593218,66.62751108,367.7513396,978.3956235,125.8936754,990.1559274,896.4229317,201.8796109,878.9597989,345.391547,135.8056703,1086.914827,236.8427002,95.00851734,259.1511695,459.4195408,132.3072123,137.5779949,264.2431297,287.1435654,320.9732851,151.4695631,383.4276646,794.5160551,355.63163,413.1684692,334.0934661,1233.311339,325.3483065,411.5161627,82.62166634,406.7806,487.6254444,218.1869233,157.7532368,546.5182984,291.2546598,687.9562701,436.0993153,388.3796302,69.51216865,245.960952,323.6157369,828.875776,180.1673263,130.0750443,250.2930176,205.2351525,293.2188478,544.3634094,133.0221808,52.02219171,306.5528178,430.8775912,363.3192926,99.74270739,347.4054705,82.18011411,729.6462018,782.5983557,578.2168351,233.3299326,322.3834942,666.7222032,150.3774106,215.4306924,428.1924804,345.4941012,575.8597293,693.6722665,139.4599822,249.5758362,488.5985984,282.6136438,319.0815234,419.7094836,541.9844462,270.6164435,253.8826259,332.8778403,243.0250669,413.5480084,557.960977,405.0423946,851.8637305,243.3266768,1248.893132,179.1436422,786.7754886,207.3375926,298.1479488,220.6322188,1198.310598,199.5334095,532.6066082,596.8476569,1336.982922,317.4647413,98.31456847,1207.701987,613.3546516,358.704273,989.1601822,150.7317679,211.2088723,202.5716931,52.85064647,275.0979219,279.9705578,254.6145164,789.736551,456.7808325,621.1532573,150.1350364,1267.667167,377.282991,306.1887326,512.31819,65.69118175,860.4446028,300.7560275,725.7665727,538.2053004,637.6969095,213.7658049,752.8769228,881.5438635,782.972875,906.2957162,214.8718012,279.708455,348.7095111,216.6114666,439.820369,344.2882293,232.1409944,181.788948,208.0739807,396.2671214,695.592198,366.287185,611.0607304,339.8559129,103.7096088,238.004079,217.6781901,266.3346563,295.7933451,460.4026231,279.2795051,190.7538511,845.6952383,135.1423817,139.7607419,92.76434772,656.3787472,316.843206,677.9362777,278.8251728,2512.024049,330.3370581,314.6385146,409.4327098,258.7752549,233.458087,163.2867994,917.5299212,1558.705054,332.8906326,477.1251065,60.02012454
216,1262.265785,1807.199629,216.1662673,176.4534244,609.8168494,322.9289465,175.5079165,1016.646112,260.9319251,573.3485222,370.7991735,1647.958189,303.2941806,462.7449384,843.1731516,709.4699728,549.5026601,147.8278977,417.9691147,231.7530845,357.6947241,114.8568547,457.2352929,392.9299945,57.91919525,571.7903701,132.4742097,190.1793653,528.0291073,559.1942854,69.77180663,386.8363714,940.8789964,112.4758514,1023.623672,873.6988907,197.3375778,862.8292104,349.0263101,137.5520566,1072.897887,222.8201675,91.39838301,281.2394183,441.6070577,129.2144978,137.0669451,263.0198731,291.0092531,309.892965,138.6473912,392.7301684,782.3330687,368.5661019,382.3857657,331.7993975,1208.195589,333.9192315,381.7123242,77.43702707,395.1808189,479.0230072,209.7617659,169.6618608,559.2013811,296.4839207,726.2807084,386.3638594,377.3433759,70.58113769,229.0646838,345.9105979,845.0965786,181.3337624,138.0488393,240.5566794,205.2548958,302.5153264,632.342203,134.1628386,50.41054082,294.8448463,472.4601674,345.3706271,99.72695623,360.4530301,89.51699097,732.0121883,770.0299994,597.1506765,243.3658888,337.8978877,685.6046116,153.8541216,195.64858,426.8114277,360.4531543,576.271323,698.8228279,135.0927121,246.0617821,508.4982707,250.3268418,323.9153375,448.3975703,560.5004324,274.4880744,244.2440925,326.7435892,244.5336398,439.7442439,544.0919918,383.2962565,851.3060651,254.6741858,1258.205831,182.921962,708.8553007,197.6534554,323.5202463,211.9438333,1237.375572,190.5916797,513.7657863,606.7310989,1431.37579,310.2432912,99.10438592,1249.931026,589.9382698,393.5943842,1027.406433,158.0945864,202.0636735,215.7718855,52.48504936,302.4059067,279.4039848,246.8995583,835.1021901,435.7854088,594.1414191,146.9652697,1302.864294,360.1277337,333.6607985,521.8187712,60.90145062,905.3633611,301.8728033,737.4285246,569.5535836,659.1544254,207.0240723,761.6226539,860.3490505,852.7539732,964.8439348,210.2688423,310.1443139,354.3741365,220.8878246,448.7780665,315.6417989,225.8635787,183.0473008,208.0662864,384.8342433,696.8903335,374.5723619,576.8748636,396.5874554,103.8343083,207.7410255,213.642693,284.399896,275.5995373,496.7836442,276.8068338,203.382406,971.6560854,133.5329488,140.9661008,89.53289631,622.152938,348.2148499,679.4527938,288.336429,2645.022718,366.898188,297.4073126,390.6134293,270.8364427,232.6810361,173.0590346,994.3021325,1595.674805,331.9851279,524.0714119,61.51506088
217,1368.476146,1742.427435,220.4088277,178.0122452,545.8866091,310.8452237,176.0168153,1046.977566,263.4127846,554.6335136,340.9093575,1673.888392,334.643429,452.5908664,866.2854538,701.298811,545.9276787,147.5939989,387.0921653,256.5248332,379.7905562,117.0216337,437.6483015,394.8027671,59.71451317,516.0106897,144.9135169,188.73394,536.9145184,544.3736265,66.71473257,420.8999093,1038.881816,123.9873307,964.9461029,914.4635692,209.3471012,887.3447722,370.0648183,133.5325321,1025.083915,230.6880499,94.90313872,275.5143764,450.0445923,133.4142011,143.9221547,286.9323326,305.3921104,323.3429706,138.8268326,390.7429833,789.6118577,367.1018746,349.7069621,315.7271053,1254.282313,346.4698629,359.9911196,83.17057779,365.951418,470.7610309,216.6030964,186.7044205,544.5364878,306.5766795,790.2214446,440.7206494,378.6523948,75.37779018,228.0496829,354.3352611,765.5134978,201.262717,123.833653,258.5649052,186.8305788,292.1573543,727.6184657,135.2684382,49.9695885,298.2203369,480.0004377,397.9114631,106.2487138,370.0834226,86.20453078,743.4922485,764.1389266,604.8968478,249.5458913,323.0602418,683.0675814,147.6118913,200.6947736,427.4642037,371.9227902,609.9229863,710.6691904,142.9542732,238.5700581,539.7860127,253.6209923,343.4451228,455.5205398,523.599266,278.995746,228.4085462,329.3387845,268.3176881,477.1323654,557.8816001,368.6889382,857.7308015,273.1256202,1358.229387,184.5225765,761.7109523,192.5264895,318.1921033,200.6604234,1083.532955,178.9883653,495.9336676,618.2226539,1542.355886,309.2536703,100.4962258,1166.704065,562.847657,409.8030407,1061.322901,150.0529995,207.086042,243.4759718,52.35682238,285.7623658,298.060262,251.2974101,823.0040603,458.0346986,627.5655423,153.4702204,1437.918298,383.5699965,355.6057332,564.5331787,58.06418439,939.2015701,301.2144162,804.414974,588.0798334,645.8140012,201.6410336,784.9122886,810.4577657,785.6983688,1023.59123,210.3921857,351.1380673,377.6662408,219.5168949,479.3948598,308.960306,225.9829738,187.2037692,207.694049,366.5005623,739.2523772,366.4384585,607.333982,405.8122555,110.429241,215.3312625,234.0670147,279.4719618,307.7156301,494.5429794,286.6689963,223.1877896,996.4988379,132.9067283,132.2410472,93.66300855,639.3758679,335.2398098,724.1719056,280.8845109,2903.293105,355.6301067,310.4657797,383.0761945,283.7284265,237.8352706,178.94109,999.3431176,1631.89535,349.1388006,501.0804105,60.28286925
218,1394.976258,1783.174677,212.4270763,188.7899998,583.5451978,287.8203198,176.6659196,1039.519581,281.0898721,592.2934517,323.1867522,1674.221065,356.8267353,436.3476352,830.0369448,678.9222106,533.9873056,148.2221683,378.3609961,290.7915584,372.7685443,109.048806,431.9198732,391.0731971,60.59427889,527.8745404,151.9371979,168.3844228,545.5180659,541.4504239,71.04387079,442.3955988,1115.616125,132.2417019,942.0204216,939.1865969,224.4311024,846.0260148,355.0379945,130.6644681,970.6706255,262.5551887,96.6743063,264.7623258,437.7017768,126.6636233,137.9037694,254.6012702,332.4923731,330.3080686,135.6962936,415.571398,725.7026302,363.0054448,365.0891084,313.5949926,1363.008676,373.6020539,360.5555985,83.2521735,336.0993228,527.9162369,216.2605804,183.4529204,560.9729238,305.4490195,771.8527771,446.5787601,401.5370795,71.29848782,198.1310917,360.5909951,797.0294327,215.055578,130.2781103,264.9101961,180.9612886,306.00737,716.5712073,139.9142246,51.35788685,311.6268708,438.896922,402.9220893,107.1105806,367.4035085,86.19458013,763.3491701,699.362128,549.0459941,268.8701739,329.6785802,681.0573446,138.4725573,205.7020903,432.208392,423.2307244,600.2001299,690.0881572,141.2339167,247.780013,516.9932123,273.6774966,346.6703059,451.4111162,505.1939149,278.7034654,231.485686,304.5769391,257.923408,467.2140003,558.5399437,394.847683,880.4711705,293.5360822,1480.588476,198.4416935,745.7484581,213.0028026,309.4200324,203.695463,1052.053198,187.7856595,466.6027171,609.2730019,1564.6704,323.2959305,104.0073408,1219.45349,541.215304,410.4929389,1082.166007,165.4692302,193.8014107,244.5638325,55.21294853,308.8068107,286.0783593,274.4189589,882.0606442,448.2511057,654.7569112,158.3929862,1559.564693,385.2349842,369.305404,552.4352598,63.27680345,972.1916572,302.9033407,805.705616,600.9236541,685.066564,199.4675236,734.9644471,892.2300463,794.8004844,1042.627943,213.4137389,374.3754211,391.4152399,222.9325786,450.5945039,328.6416799,234.0246669,196.5790446,207.0063557,352.1844096,804.5331517,417.0956859,561.6535349,415.9389187,118.7770219,203.4519269,221.6905313,306.5001846,310.7630021,434.5824586,290.9484146,213.812683,954.6388293,135.8353013,138.9613706,94.98146551,666.2924128,324.1315833,758.6207088,246.4664988,3027.059484,363.609599,330.9328897,404.1983178,282.2759521,265.1393183,182.995058,1030.594445,1654.651526,357.9735747,541.9920696,59.60834795
219,1400.708985,1837.898597,226.1392029,192.4840141,574.5073485,293.6390429,177.9703188,1050.733293,286.1832715,575.0140553,335.9167832,1869.644106,389.4878803,435.0434826,843.1759326,722.650202,545.4918064,140.3276264,386.6227136,321.061957,383.2545212,113.1569951,444.1556102,403.4273214,68.11343813,563.4563269,155.8829634,174.891586,458.2487497,512.1955198,68.25784528,454.6146497,1114.799853,144.5406503,975.0103895,935.3307345,235.5504419,962.7694023,370.299188,123.9621969,958.6457496,275.3879284,93.86484763,276.2585485,388.625331,123.0257761,134.0542962,273.4114679,296.5232776,329.284885,129.823266,426.7510468,701.8519235,384.1319149,339.1995805,293.652281,1360.599004,397.5157209,346.3008151,81.60734707,348.4977037,513.9184909,202.7777729,180.5969565,594.5002362,286.5254778,770.2030813,460.940304,373.2191575,73.23565631,187.7203913,363.8028099,830.1550268,212.3045083,126.7191844,241.9257566,184.3286673,334.9674311,709.9110842,148.0612463,48.41364711,340.7561945,459.31264,395.5685502,106.9759831,367.4883032,87.63623122,753.0009417,743.0773311,519.2742165,266.847815,350.8354442,725.7310481,134.5738675,210.5015009,406.827525,404.8408297,586.9649584,698.9464422,142.7095504,242.2566506,539.614428,266.5944004,366.5056604,441.9638971,482.3350712,291.2589832,226.442866,316.8328065,249.4669606,480.5315779,556.3831836,389.3108155,835.7494436,270.2171938,1660.092679,198.6754656,700.3406283,223.7091039,314.4674321,200.0693441,1055.527222,183.9796409,509.4588986,675.1765205,1605.825616,309.4532357,106.7939006,1236.644639,482.3272792,399.0288174,1008.925775,163.2632878,186.5638252,268.7627868,60.1316179,274.7331138,266.4361019,298.8124752,932.9157017,443.0751094,607.1047069,169.7473826,1632.963777,373.3214156,388.4323579,550.7651702,72.14190977,1024.204591,323.3155022,874.1460087,589.708883,746.6536923,194.4648747,713.4512768,888.9702506,777.8642211,1050.128156,222.7070844,380.7744889,402.2365633,212.7997065,428.0768689,336.7914699,231.2820245,183.350727,194.4773151,341.8655277,830.2399508,462.6194444,561.7063368,419.9388912,111.0720578,190.3856233,226.7223348,337.0915959,312.4846222,403.8876957,272.776878,241.1454042,976.8097287,136.164291,138.0202763,90.81759243,729.7743631,307.4748515,744.4230676,249.3795368,3170.138567,361.1145096,338.194251,404.398927,266.0054055,298.6581693,168.0911634,997.2436306,1677.233141,351.226718,509.9980199,55.19897266
220,1450.81718,1696.452224,243.2176874,180.1288161,557.4103357,286.9913934,174.8335806,1063.210076,291.0195689,569.5559585,325.898317,1988.146496,399.6354109,445.2629687,805.8405732,666.9473911,578.2997337,130.7684647,394.6693176,327.8110073,380.3468073,113.2450658,435.1452914,406.4118691,70.7635824,592.8958321,144.3652024,170.7326736,499.5701273,509.3765205,72.72091904,491.2781141,1101.291158,160.8527952,879.4110255,887.3174455,248.2128272,988.0579996,401.7513271,129.0510001,1093.16365,271.5003272,102.0926821,268.3035532,401.7335609,120.9274237,134.1498035,269.1331753,288.7702831,344.5823912,132.2344213,407.9444111,759.4696721,346.0685634,334.97011,260.5284432,1275.700513,427.7412937,339.9894505,87.30725817,386.4618434,522.4627402,214.0609445,166.5091713,582.5080484,283.1731858,779.8770471,470.5474139,383.5084046,69.04193725,187.6204167,332.4759046,840.9348736,230.4087437,123.7340779,241.8112838,190.4911959,339.5803845,721.1984615,143.396469,50.28936762,338.9813267,452.9751383,370.6906151,106.7076103,360.1156501,89.96533544,748.7114135,806.2900416,500.1269689,250.9044759,356.4610754,768.8294287,147.395589,199.3516066,385.7530881,393.2013707,580.3493874,680.9115531,148.8820606,216.4255896,589.1216602,283.4482954,341.9065385,452.9200823,464.3519493,318.7059829,237.7402194,312.5222327,261.8697086,462.0769368,499.1109606,388.5906384,832.7205443,256.1799366,1605.724249,196.7759996,754.9941512,232.82752,319.4623566,177.8236789,1082.701696,187.741368,501.728022,725.2963294,1525.388809,324.4347516,106.3104127,1247.593807,498.2416528,378.0378383,1014.441883,164.7248874,184.9659107,291.5574421,62.14846024,306.2251541,251.296798,286.4544552,937.3354018,453.3607384,657.3696819,164.4291562,1503.538075,406.4076435,395.2676633,570.4518901,72.02912917,984.4846493,316.5305161,878.6628596,581.5959105,814.7999771,188.6197104,704.65648,858.6961874,820.648381,936.0878304,236.4800292,394.9487817,390.8133605,247.12164,410.5000316,311.1962971,238.7059246,175.161344,186.7793119,339.8047782,800.799595,465.1657392,575.3590031,434.4823428,105.8510928,182.8157305,216.3716471,338.8205964,345.3890329,411.5289784,276.2755947,244.1500083,1069.788554,135.6059005,126.9856886,93.80533062,693.1423485,315.4772928,790.8103335,267.1793188,3114.451142,363.1393141,341.0975154,413.3957879,267.8264753,308.2695292,160.0766827,1049.613761,1529.57272,354.2897914,514.9377693,54.88977574
221,1426.136033,1891.181777,237.9752688,197.9541473,551.9438135,297.8161351,170.8136184,1117.539249,280.7943427,568.2907193,318.4905199,2095.303291,393.4556561,436.3462734,819.6709703,622.1369602,619.5855791,142.4377922,409.2046908,330.0372136,375.4857948,113.2552413,426.8925463,399.9214615,69.45900737,556.6206117,133.1279857,174.2800251,518.2270629,539.8751199,77.88956435,529.1392546,1202.703828,174.0041659,858.9240463,807.5289292,247.6555724,929.3187412,362.6341057,131.4647611,1111.124669,265.6857867,89.18652169,242.7836555,379.1267288,130.665853,138.2443825,266.5752543,290.6264106,352.4260199,130.9105313,421.7409061,800.7121391,335.715848,324.7172625,252.0791688,1364.536355,434.413887,355.8976032,78.06109365,390.8578823,556.6304715,220.3543824,168.0424531,622.7072092,280.6256482,794.2751362,469.1077168,382.490608,67.6873263,203.1417254,363.9706267,868.8785195,221.4035538,125.3759862,232.5715465,195.4124856,333.1755144,792.3674334,157.4170332,51.69147432,325.0504363,449.4912689,377.5083473,106.7356182,407.3288571,85.72131822,837.7326815,827.1088076,494.3701143,252.4503036,338.6973477,771.3581596,137.7102011,204.5931127,413.5155287,398.8422973,563.282986,648.5432832,155.3320986,212.6454321,566.5175936,283.0621401,365.975466,425.0939921,491.0923184,332.0196904,235.0624975,296.0533164,269.9510266,493.3469185,543.3043641,415.8881898,793.5540833,228.4958129,1654.740717,199.8132471,745.3390303,227.689817,341.0098658,164.8830917,1031.073713,167.9571264,545.0918845,724.1481187,1514.762639,346.7140039,101.4545656,1370.31796,492.036063,387.0544271,1038.516141,167.5816301,186.0739456,295.4309972,58.46833279,342.4662316,254.7140425,319.4396755,909.2262588,454.3678828,670.1548444,169.5674875,1575.190777,387.9892915,419.8231991,606.0472401,75.16623444,995.7388069,314.3794536,869.8126788,545.0749516,768.8472495,187.4954878,699.258863,840.5759074,848.3647669,853.5433442,250.0165403,393.0678353,380.0441056,259.83139,406.7184256,303.2306722,254.7891088,168.7077384,175.4853669,329.9483851,764.5185695,478.8351879,564.0687741,438.1738097,117.503464,187.0937719,225.2174554,353.7094442,342.584848,431.0510611,282.4266096,234.3930418,1093.757236,136.3948547,121.9802387,94.72110823,706.1209827,319.1272601,761.9196808,286.6953028,3081.24249,353.4767187,359.8462186,424.4816034,252.0193168,333.9748584,166.1338083,1090.435883,1656.833529,361.4018247,519.2372076,61.13673322
222,1523.437042,2002.693502,247.4823823,178.6455687,530.8222952,297.1846697,165.2153547,1131.035772,295.4582451,622.327637,347.126645,2112.750125,395.2421364,423.3400974,808.9775329,600.2145225,643.3495254,149.3043965,401.0458578,321.829686,390.3438069,121.5771961,442.2421143,390.0830343,73.47582367,549.9272957,129.8697834,167.0248357,497.6736439,529.4977199,81.0243072,541.316652,1178.811418,178.5592745,939.3597225,738.9185444,231.8182553,908.957721,354.5806394,127.5269529,1023.825881,253.7706123,92.56830555,241.4219696,370.3265277,123.3429488,129.6255858,248.4930065,306.8104527,366.8614021,125.3152477,433.9273038,796.5924062,338.9108581,369.6969783,242.0059752,1365.475385,423.3592151,376.7634475,68.43715418,398.3475517,550.9458929,223.2990954,163.6158469,622.5274385,283.5052159,823.710177,443.9113658,380.813716,67.2949142,215.6597403,362.8468131,859.0489043,218.4161506,118.599442,249.2547852,209.1752151,351.8816611,836.0952116,159.6685513,53.83032896,314.5371393,407.4562372,391.4086119,112.1176446,384.6694588,83.28933639,843.0487667,755.3907555,527.4183768,248.4624616,363.9792306,766.9312963,136.9272369,220.1972476,430.1983719,369.4097275,532.3766465,654.8651406,165.9505165,215.5004712,516.0146718,279.7865351,404.4134554,421.8188411,525.5340141,336.2106423,247.5198178,312.9357261,272.4171809,461.5808246,527.9889622,407.4388241,836.305303,222.4520653,1559.295569,203.0302185,764.8930044,233.6582589,346.5507341,147.2687641,999.7912233,193.0568818,565.111704,750.1644403,1537.876817,345.4309523,105.8941526,1379.302887,553.5013643,400.1880151,1103.949963,164.9829333,183.0461338,302.2321134,60.0866191,341.7041263,253.5968841,302.101917,949.6784625,484.0580397,654.5075373,177.835049,1455.147657,388.3437056,389.9690286,614.7046647,77.3727178,992.2569626,294.9025438,881.8575505,539.2322304,803.403596,168.3331314,666.4440026,866.5108363,836.2684778,855.5487393,259.3731606,446.7345854,385.0394719,249.0453225,438.2096252,320.0363952,263.5723249,168.425167,177.5372944,296.5416437,739.2637121,454.347319,590.1695497,413.9919222,119.6602835,193.4369263,243.4688997,368.8449373,323.8391938,434.8818526,281.4165661,239.6032782,1112.144331,133.7854917,128.5543015,98.04668011,767.5830449,320.539894,725.7159994,295.2030236,3291.798402,325.5077325,349.8954078,401.9513801,230.2774592,327.9732646,172.8459291,1106.519523,1713.28842,353.8395323,506.5579649,62.34223759
223,1430.721982,1931.936045,255.9101554,174.3242823,587.388675,280.4567256,154.1173147,1154.37524,314.2659942,623.6479829,332.8706388,2046.474124,418.1543366,397.6405932,831.0782797,574.6779203,658.0745538,155.2356918,392.5954495,312.885608,370.4314409,129.029303,487.7624396,381.1962858,72.83867923,561.9155564,127.1605107,160.9662272,483.0933958,527.5365132,79.95661738,539.9873784,1105.52329,184.1255115,906.2936869,729.1679203,239.5181255,925.8202713,349.4039673,133.300517,1092.8587,260.0693009,98.3235463,249.9720905,361.9715946,116.7595269,121.6576928,235.851055,301.9075295,390.4814098,111.9452761,465.9575707,765.5027201,325.1140308,383.5632012,236.3464368,1380.107515,450.395663,370.258721,72.65293426,389.0924416,539.8299792,223.9368239,162.9511605,653.4502374,284.0705274,842.6507627,464.0334946,394.3547913,66.11602994,223.1705271,347.5579443,852.6100809,226.4427537,108.0846661,239.8384006,220.6221334,362.9381987,832.1285864,155.9088527,54.27791828,318.1775832,411.1180953,385.2668491,115.7346331,392.4617044,74.16107742,800.5438975,863.9983603,532.8373523,254.160598,383.7678796,753.1189372,144.6319129,213.9901962,420.9202939,345.3507068,545.0192387,660.0187864,160.2228475,233.3552163,556.084339,296.2989178,418.5322059,455.9403669,516.8776704,336.6909994,240.9597581,333.73878,305.0042332,464.219215,513.1981775,407.4403405,835.4370392,231.9969198,1396.968444,190.1862221,730.467592,216.8672339,384.9003888,166.747629,1060.684629,181.8677301,542.6314282,720.4274617,1551.88919,333.7426109,106.4227609,1361.281866,518.9534293,377.1676412,1030.79105,152.6295467,183.0379784,314.3656971,59.08684173,327.2229983,264.3780871,300.6377505,952.7238901,501.1696855,645.6457043,176.2298435,1411.199712,397.5716886,416.7648118,614.4132142,72.627216,997.6997739,328.1516071,955.3117869,541.7703142,817.4860825,174.7143992,644.623684,844.6447261,844.8953132,773.9695422,247.3847003,437.2808035,370.499261,248.1432219,423.0149832,321.0497557,261.0945992,163.9249678,175.9784937,299.6657721,719.9244434,486.1003973,532.9279254,382.8146476,120.8319519,195.0713167,241.7777113,378.7614499,324.3736661,409.1620643,325.2907959,252.5355388,1090.591847,133.0455023,121.4261761,88.92012718,760.8775481,319.6252758,723.1021679,278.198918,3353.195597,340.7449889,352.8514296,413.876317,225.057882,332.5275557,178.9042614,1229.472108,1841.902064,377.699705,541.4949695,61.07845826
224,1426.589036,1952.757743,280.919401,179.0910089,559.7961114,274.1873285,159.347049,1201.345869,311.5507798,597.4159523,326.2392511,1990.828311,427.1883795,403.49046,988.3020017,583.6769001,615.6943491,174.3394755,377.3568194,307.9936312,384.4932318,125.6132634,508.0761732,428.5364336,74.48685025,603.0647939,117.217598,156.7606355,496.5360691,557.1823747,78.23069578,553.6378518,1036.286358,189.8567095,910.0589012,747.697488,237.4980839,932.2433643,371.8565772,131.2175113,1107.321401,280.1696956,103.0398341,267.5871086,371.9342982,113.0344068,125.5350044,219.4550083,306.7154202,383.4541464,109.4154643,449.747128,690.2227863,335.791462,376.1293719,241.5289696,1387.0073,415.1741009,347.5491932,70.59358505,369.2515252,548.3201814,238.4266708,145.3890081,650.7613097,307.374299,837.9244111,447.7174535,405.2043778,63.76782555,217.3562759,347.9426193,909.5638661,218.1318821,102.4473819,235.8164848,215.5764488,357.3405391,835.1464712,149.911023,58.21113711,342.7393251,449.7895367,406.2872219,116.1153154,374.7614239,77.60426841,770.8372196,926.3086522,543.7019919,247.228328,365.1548142,765.9567441,156.9642307,223.9326239,429.8432027,343.4439707,552.3820349,692.0911189,148.1128832,244.3959166,537.5479473,308.5245078,446.5233411,472.2493198,534.0480295,334.4282954,251.2678698,330.7543459,316.7316074,482.416014,528.731235,376.7317187,783.122131,236.352439,1269.063702,186.3497843,729.5121446,232.0199046,362.3438404,165.6008787,1042.65939,157.4204219,582.0023266,692.4126133,1538.387213,351.9031774,100.8834155,1273.490511,521.9615599,378.3646412,1027.005625,156.0652459,180.1538126,328.424518,58.47914683,332.3838775,265.534696,305.0766074,866.0962119,479.8941712,648.0338048,169.9268825,1382.549915,415.2802032,411.4972935,622.1098681,84.12811989,1049.993607,342.5579348,957.0035509,584.0245497,827.0528011,186.7250694,649.0233754,910.7575217,819.403091,791.4545163,253.3299152,435.4010634,375.9627262,268.7974437,448.8721317,312.6649949,261.9526693,156.2500041,167.8239203,286.2670125,733.1731948,483.9104209,497.7662882,404.438378,117.6843867,194.1308685,234.1938164,384.7241983,328.2020635,414.2152384,341.3733484,241.2255493,1134.604947,130.7061117,131.3557293,88.32233214,746.6484159,330.0396305,685.2344423,252.1847069,3508.488829,316.0363644,380.3548131,451.2808931,208.4113668,341.5416937,199.135218,1240.427122,1771.507748,367.6317423,548.6272334,52.98116404
225,1368.652692,1815.821136,266.1627867,174.6078758,555.1152927,283.9370489,152.7545419,1206.574335,329.4533945,543.2568491,330.3381511,1962.76581,411.4510823,388.8113417,973.1920588,560.6678648,603.6476267,168.6758346,380.757866,301.4838763,363.2091258,133.2249208,474.1538831,455.9742841,76.87657798,627.8099285,119.3173365,159.4181194,420.239553,619.6545017,82.08080387,583.0246209,1053.319168,189.2772478,885.5674272,711.4084591,252.7256593,1005.652335,371.2598307,133.155093,1162.113954,268.7992521,103.6673083,241.7059039,339.6594395,112.3330366,135.1218584,224.4169992,298.4544733,380.3917875,109.3017563,402.9346323,752.582376,326.9721284,370.0766882,245.4913667,1473.727532,446.1037381,357.3966443,73.32947268,338.9268285,524.4295185,234.8271891,155.0726488,679.1871993,305.6334214,874.3354237,496.3422153,397.0557297,68.73150422,209.7553634,373.3978863,964.0881772,236.5435362,104.7689134,244.775183,229.729811,368.1419068,829.8080145,153.7904428,61.2984729,329.8650524,455.8123723,407.9933299,118.3059201,380.4928908,93.53405526,828.1654025,861.0433555,518.7796142,241.0239802,386.9162241,685.856951,159.1730912,220.480172,460.136132,358.6051593,537.325107,708.0853821,150.4634611,246.4537284,510.4133162,340.910228,456.8937677,522.7090713,544.1110991,329.3569498,266.557682,323.493511,281.4708367,485.3448522,482.1715841,398.8943822,779.5102724,255.8376311,1338.987287,179.1341172,694.3213317,235.306325,358.9866174,176.0829553,1053.10551,159.5971682,568.9649358,769.7737692,1644.419127,344.7304656,105.3211317,1346.815204,526.5065358,413.616227,1011.693278,169.81268,193.1746191,329.6155307,55.3095448,328.1730943,291.6695514,314.3228805,868.0152649,509.6779587,590.4973368,183.7980013,1415.397715,417.3718655,419.4849944,627.4485817,87.11570014,913.6595079,354.7027133,900.2656834,582.8113063,916.2137595,186.5144361,620.7417681,975.0213546,821.3694727,809.7392906,249.2478898,428.7007411,367.1181256,268.5838818,435.9964257,317.8938283,270.8990497,150.5904551,174.8985294,285.2212039,749.4985355,506.3497518,486.4823746,390.017955,124.5557661,191.3432808,247.7543816,407.6852603,301.4166921,428.6796479,321.1215442,235.1527733,1093.602603,139.3330236,131.8560167,96.80381367,761.3603809,339.2206449,664.4699237,270.4773363,3404.240774,315.593267,397.9018585,465.2608537,215.4514401,333.6844821,197.7190231,1359.925815,1559.257278,358.5463441,647.8352519,49.24469292
226,1313.214687,1871.155647,256.570482,184.3698536,569.8139621,292.3010278,158.5815566,1228.210392,333.9758833,604.556223,332.8978267,1968.408031,422.5232951,370.1029307,890.6629772,578.6178346,575.8007224,168.8927623,378.8598668,330.4296978,389.5100921,119.7522182,463.9385157,444.4705008,79.43299725,594.8897333,122.2707678,166.6719217,382.485025,636.1576062,79.75144941,572.9257081,1026.829097,200.4781423,884.8977198,672.0064193,254.9000166,990.5017788,382.8865996,144.9535618,1191.118218,268.6822203,105.2702956,247.6647029,341.4318869,99.03867567,127.2742924,217.4200916,293.1994179,384.3518191,111.8216101,394.4385598,753.3749956,346.9807578,384.0335028,257.782392,1501.34241,429.3941431,378.9356292,71.73352152,349.2314845,509.1718456,239.1258003,170.7637099,667.6714989,283.0153074,825.9843796,477.5420468,409.6025737,66.7955748,210.4110792,358.1965804,946.691745,252.2775109,98.40319449,246.5730437,221.9283055,372.1231139,818.6163926,155.2205152,59.59538931,322.5826091,469.2021728,419.628599,125.1181833,391.0087418,102.9792046,831.2763299,931.1015355,465.5597178,246.7123262,383.9262921,723.0038665,155.1462817,215.7107361,446.4379566,397.2766619,530.4630853,690.9995141,153.2696488,246.5424548,500.1546753,322.5540668,522.8222106,502.4991862,546.2048478,336.0382734,255.2930724,307.8277944,276.2169512,451.6504556,470.3177141,427.5708372,824.190392,264.0301274,1339.983861,178.5845979,714.0797041,218.8150665,353.0161826,182.5188419,1060.900051,158.4470256,560.1346147,757.4848705,1560.965991,348.5253035,110.6862932,1371.920164,533.6099875,415.0602717,959.8969648,174.0330046,202.8996285,312.275741,55.86268252,336.6179932,289.7597153,325.5397236,809.406055,487.8551555,588.4595393,176.8377931,1545.239244,408.5308342,391.3104143,598.9575161,86.40736014,1023.586992,396.4420614,893.7970792,551.8104274,971.5423094,176.9209305,619.7079591,1093.084955,859.9532092,855.966186,228.8203674,436.8891158,366.4556864,293.5138608,483.8425579,295.7544294,280.904641,155.6273891,169.5202386,312.8105997,772.0478446,524.3365749,508.0524787,409.0758494,115.7106112,195.4258467,243.5128735,382.383769,305.642582,452.3264532,336.4064597,217.4683988,1017.780017,135.7160381,130.793173,102.1080421,820.2573039,353.5555308,693.6404314,275.3055688,3352.771171,295.1788349,447.7461713,458.5521665,240.4709139,346.904026,195.6337278,1336.720594,1707.617599,339.7885455,672.5243107,47.77102297
227,1287.90603,1933.048942,254.7410592,189.2721442,571.9980325,281.1464623,169.9470095,1224.224751,350.5303124,663.9635987,346.8920303,1943.78853,422.2864753,377.9776797,936.9770816,592.7177288,575.25346,170.2193057,371.8861345,328.5070888,388.9240087,113.8136839,434.4069193,460.2955982,78.5383764,625.1023452,114.8446397,173.0631735,382.0833926,631.1069977,73.33160233,603.1553433,997.3306353,212.8291243,931.3110107,672.3013249,260.2574329,987.5560925,388.9766792,142.5577464,1273.327498,271.2820583,102.152628,222.3304379,329.1591772,111.5119566,133.2487798,204.0512048,325.6161223,388.1154472,126.3589995,469.022442,676.889403,375.5296892,390.5962057,263.0923557,1483.947038,436.732019,369.9723206,72.11001497,349.9381651,508.4645886,243.7016565,169.5450643,688.3854238,283.1230029,794.5428241,465.9699748,435.8552153,61.40583335,225.5002019,372.311697,855.295985,260.2582254,104.3754884,227.2548157,225.4451955,396.3611036,913.3857771,159.5286169,59.99699499,317.7321523,525.7139775,416.1211929,132.2695759,399.6863089,96.86000596,890.0338573,877.4607108,516.2764879,239.787137,340.5601213,670.7898577,157.8218951,205.3790818,483.6295071,391.120527,540.3556492,725.5659829,165.7871223,249.1789038,492.7925137,339.8048918,524.4640738,484.0206421,560.8424114,336.4284123,284.849403,335.5182781,262.1705618,451.3925784,458.71485,466.2625332,811.1724124,266.5507002,1374.269999,176.2971498,729.1528188,209.8882424,362.7365335,179.8164832,965.0706496,151.7114448,547.8842929,699.571872,1599.292163,351.9362332,110.3156606,1462.302746,531.2653252,461.1998949,950.7697524,183.9250207,203.6898868,335.5635696,55.01116277,359.1235324,297.5516582,337.0397867,809.8557852,495.7661786,595.8434591,189.5318469,1544.489411,410.3180845,360.8207298,646.2849049,83.0016248,1000.862045,404.3426062,860.9159895,576.0813033,1035.16609,180.529177,720.6688482,1162.735024,809.5088999,884.2469716,231.2203878,434.4114397,335.694087,281.097946,462.1010535,280.2527717,299.6660213,147.9258139,167.7354788,316.8507946,725.9644276,532.9950627,530.5901896,403.8490531,120.5824913,193.1219501,253.1186364,405.2490255,289.7888766,449.8677022,362.2622568,228.7714085,1082.037662,145.644322,135.9541637,90.18844222,802.7503792,348.4448304,684.1531374,280.9550685,3407.528522,267.8673589,435.1100578,441.1208272,229.1833702,359.1756331,199.7042241,1334.477725,1643.120609,348.7099732,666.1920563,50.32609912
228,1416.452471,2103.155002,257.9902496,190.915776,597.9314703,287.7135321,168.1140852,1223.835423,358.8402994,709.7288797,340.17189,1839.968387,449.032957,376.3323339,951.3339763,579.8030352,555.8015526,168.0642295,374.3453325,344.850514,374.0964088,121.4889312,416.4202468,457.9994812,78.65347776,604.916828,114.4928513,171.8253305,381.4990295,656.6906339,70.73385408,621.503851,997.9898633,218.9793955,994.424975,699.4829354,228.1981396,1068.689505,424.7149754,147.2409377,1294.321006,256.6958482,100.1685136,212.6644581,312.0489444,114.6421802,137.7352426,203.3276426,325.1056904,408.3750125,135.2383757,437.928644,687.0699937,368.0539689,382.4800387,274.8206192,1498.645537,447.1487083,349.8510375,68.15856121,334.9750895,536.9750985,246.3152088,159.0373467,702.0114223,283.7469202,806.5828151,462.907623,404.9749841,62.00345917,218.9022852,366.5901898,828.8299622,254.7883715,107.3882922,221.6774184,236.9130557,411.2746834,909.309896,170.2947712,57.04197327,351.7879142,523.887836,371.4450876,132.124393,418.1053395,93.97324572,923.2889345,848.6170914,485.9955755,239.8854447,366.1703074,692.44467,151.2345888,220.4615208,482.895479,396.3807922,545.6748298,707.0588204,161.4954367,237.1183721,549.294907,351.9674348,529.704055,509.9193231,544.4089208,369.5249192,280.1190546,316.4079511,256.9307567,452.0628025,490.103751,470.0865182,888.333685,254.8175285,1391.980995,182.125321,710.4142939,213.9751151,367.4037466,182.7784832,997.1314091,147.1981449,553.4036976,712.0764749,1668.220209,368.3799437,117.0325982,1441.976085,520.8512472,481.4183619,933.0404901,189.6793714,209.9646708,322.2799245,59.02817049,362.0115812,288.063691,341.5741588,859.8736856,485.7226266,589.6664937,184.3131441,1610.078153,424.5270691,333.9002934,650.2570581,83.63138458,959.948822,415.1635447,967.3608896,644.331446,1126.086771,169.0219272,768.8426562,1160.806492,812.2463659,955.0341741,228.0200305,412.906471,348.062372,284.3417801,461.3281236,297.5241193,303.0266369,171.152394,177.9947458,333.5530991,728.2493361,552.358756,608.2216036,392.5326734,118.8210684,197.6445608,256.5994962,377.6174617,311.302826,447.3697248,358.8722968,234.6119572,1136.791836,137.542776,141.7848595,86.27309485,795.5645196,343.6111555,699.3948562,247.1819874,3682.829084,296.5003414,454.8040663,431.5136528,231.3087553,364.0388467,209.1196215,1327.395829,1739.399225,363.2658611,640.3812429,55.23937422
229,1479.225906,1893.687201,220.9141193,202.3163451,584.6908729,312.3584963,175.9091935,1237.842894,399.7789974,771.5362981,335.5643522,1790.908789,442.6423808,351.883366,968.0731183,604.0693062,614.283045,163.8908118,376.015621,380.4176468,361.7370434,126.2130404,395.9839397,504.4340951,79.33095874,603.9153952,108.9016029,165.0493018,372.2686272,620.8340432,69.161043,677.6548399,1051.249245,213.8563896,1038.260865,748.2325333,226.5255244,1129.246098,437.4768967,155.6084829,1233.034373,228.134069,106.9790812,213.8363067,293.4511978,119.8328845,134.3341502,208.3029132,315.2215979,424.8385195,137.6697339,459.7652911,660.8233298,381.0572091,391.0478597,266.4242312,1499.692208,464.8640553,339.6503933,63.23797974,333.9439254,539.8833305,233.3869174,159.2756219,685.9631002,282.34714,891.3477782,439.8461213,425.2087958,64.2017129,228.0435153,373.9973661,821.3879998,258.1164068,125.4872647,236.256023,236.1022498,415.7210713,938.1598776,173.3107173,63.35869931,373.8382334,553.6227232,386.791973,130.2726295,420.0654213,102.5601836,1034.449287,826.9819024,467.6250946,243.2756099,384.6180274,728.8585265,141.2285969,234.6713473,489.6618066,383.3435971,517.4599336,696.9049009,155.228295,238.7511868,506.6154547,352.5698222,549.9140363,484.5744111,527.0053007,367.6193278,259.575739,301.537848,249.3809801,432.9112303,453.6636708,480.7695751,870.6021469,270.2274387,1339.373881,185.3027986,755.3938066,222.8068593,364.352119,179.8574944,997.28642,144.6700782,570.7395806,709.6989911,1765.767913,383.3597354,124.7377139,1422.978778,516.702503,510.8940272,944.0403577,183.0897069,214.9689364,318.582241,61.78308277,347.9663522,304.8489476,330.6767478,827.7051495,488.5532143,623.0578069,189.983877,1679.158495,428.0095376,348.6650169,626.2040129,83.34831644,903.8382353,394.3767004,928.7348249,676.8605556,1129.946108,176.5835594,734.8377635,1313.057491,858.5185826,1103.59774,228.5398549,427.6683513,346.0044585,322.9769901,450.4036104,284.0088002,322.770597,178.4680276,183.5092746,341.282816,670.4112203,563.8567868,567.120504,405.2306839,123.753021,194.2250416,238.7840661,357.6386067,325.3079362,454.6059547,384.0155762,257.682407,1268.716936,141.9977712,133.1270334,87.50602569,822.5350138,367.2871154,673.8060209,236.1994704,3758.421461,294.6379256,444.0367124,410.4722697,217.794429,365.1970062,207.803473,1267.467505,1664.752055,334.658216,641.6292373,51.42390706
230,1513.719392,2242.261573,224.3318668,212.3488604,575.9135888,322.0664678,187.044798,1263.79995,398.2641214,835.5687774,333.1914737,1829.884054,406.5101685,331.5249361,998.3614013,644.1515233,727.4181787,166.7888694,352.5737854,394.9563309,350.8086029,132.9422341,392.0846945,513.2512072,79.43853737,626.2228546,112.4240886,174.6323186,366.2334661,610.0372013,60.0090289,656.7149447,1061.013175,224.4539741,1085.753027,676.9471716,228.4928642,1171.09563,397.6627082,158.3338658,1260.473067,234.54016,107.0334444,225.1566628,303.7278561,117.6890836,145.0329959,216.1305852,297.6513228,428.7178805,132.5010185,454.1012192,692.0638301,371.9518542,373.4202401,268.8624579,1514.741454,512.3414417,380.1884642,62.86422725,337.0652465,543.0298168,215.545866,176.7059239,714.9980479,295.3397788,938.5567702,440.0648985,455.0456002,65.53931917,237.4538465,374.1471896,776.7745852,261.24124,112.6887864,229.7715468,221.420992,398.9933946,910.5136739,166.7601846,60.02417633,388.7775139,540.6067184,393.5197097,129.6642366,408.5975492,106.7924374,1085.44568,909.0711418,439.1333289,238.2760795,386.3185299,824.24867,134.370817,218.3930097,527.3279076,405.5472458,522.5933054,695.369185,157.9349867,229.448526,504.3800249,357.5928304,511.3945799,499.2784883,543.8041301,376.0416604,241.7283301,311.0328081,248.1882502,439.2415096,461.46185,553.7103336,885.9965062,272.4711926,1323.581513,194.8237172,814.9973611,222.8448965,329.7788502,191.3723759,1104.588123,139.3849649,599.6982725,699.9079404,1807.492004,374.386258,125.9893672,1516.103476,505.1776558,510.1501773,953.4307027,188.2614224,203.4789303,312.5369593,62.15140324,372.7562418,334.9084568,312.5029092,851.8147644,468.301834,592.03888,195.227768,1661.248023,409.7549465,327.268776,593.8186703,88.81124739,921.634311,418.6394354,993.7130211,666.6826499,1207.32853,178.5988146,712.0832246,1333.809133,902.131977,1094.441917,257.0838524,434.3429063,347.8419209,319.2867488,450.3817179,286.1796171,336.9466503,178.2203403,197.5353243,320.1485545,626.2560985,637.6709874,559.0852379,393.9833845,122.5717521,191.6697385,238.3661053,339.3362076,309.0934389,432.5062226,404.2438187,268.8220471,1311.635269,140.5486156,125.9504175,87.1053373,845.9347704,379.0561398,660.761807,236.4951241,3542.822896,317.3419623,465.7542325,431.7610233,230.3650759,382.6499993,224.19865,1220.66906,1687.257356,332.6749467,716.7632796,51.21918967
231,1599.653147,2238.379306,244.3224892,209.642566,579.3249804,348.476103,175.6495851,1364.347151,379.3948753,891.6888516,332.3653342,1866.229644,441.6080817,341.8669398,1017.519071,664.164216,722.1143213,168.209538,351.1137266,436.5877713,363.5095603,128.8608712,394.6650488,481.2208256,81.11140039,624.1521686,109.4959131,167.0417028,391.8554164,612.1613155,60.91979537,676.6925228,1052.438695,231.4770818,943.6015661,705.3202408,218.4818432,1027.363394,409.5753128,156.2778393,1203.862878,225.2869082,103.6540804,248.4082051,324.3461176,121.0495285,149.6993323,226.0886796,318.7606528,450.1317642,144.049043,450.6672026,712.7563308,352.6551617,381.4282792,288.1221061,1510.090655,516.593269,362.7487369,68.47281679,357.5875348,524.7426815,239.8271404,174.2168966,698.4923265,288.0704491,922.4385192,418.8236638,493.1453145,61.51276759,228.3072445,380.3268243,773.2518237,266.9074693,121.685956,245.8689909,227.7881873,392.3126118,943.0544948,164.9410085,59.50020613,387.1060605,556.9414178,399.4381604,132.291098,397.8554179,104.4016571,1039.541881,903.676699,435.8724894,260.207265,384.5257742,806.8970848,131.2401201,214.969627,545.4925826,385.1304496,574.0783545,646.4699503,161.4253266,234.7415901,511.964646,360.6962531,566.5894722,467.8323542,615.7276877,383.8090797,234.2314413,336.0625318,237.777335,456.2357938,483.3208798,557.2027991,906.1343978,269.2463751,1304.262868,213.3337318,817.433824,241.3378668,324.1310346,189.5729168,1171.026969,138.0448225,584.9374155,689.9271627,1674.874822,401.3332444,131.6898918,1552.934029,471.5067402,465.5122141,935.1649247,200.6291101,193.847863,321.9870665,65.73196561,411.979102,380.7247358,293.4168682,874.5830552,505.1550762,629.1920317,194.2629061,1719.992308,406.2068826,310.6952143,596.0986498,81.59949057,878.5364983,395.0060919,1121.126882,702.6475336,1401.838542,166.863977,749.137591,1365.385804,976.5600955,1107.646951,239.0714434,466.7454032,323.7726041,317.1296096,446.0059255,255.7136451,327.293489,175.7972301,210.3721057,345.8964608,636.7827401,664.5023813,532.777148,432.0009554,134.5256161,196.6717865,226.9261743,369.1577627,338.8962916,454.0162966,400.2502331,256.2861307,1280.808186,136.6990217,139.2280824,87.06589362,880.5757751,407.6890542,691.2818359,244.4702455,3821.674751,308.6541695,482.0937272,429.1607359,243.6210076,421.5509733,226.7426388,1322.308828,1690.870547,318.9768698,656.8214222,57.20644093
232,1591.072535,2319.341896,242.1957743,214.7914406,632.2855201,353.153475,183.8327112,1385.172091,384.8194803,880.2017822,340.5882917,1921.851579,444.7468703,323.5061485,913.6845803,679.1805282,714.8317227,174.3754019,347.3496309,450.9230092,361.1093651,116.8230678,372.4762556,453.4499539,75.14093957,628.5539069,101.1209492,167.3291687,389.844501,639.8739941,63.50205926,667.9450252,1098.08886,233.2434688,898.0502138,755.9394465,224.5614919,1044.503784,444.4403499,167.7461259,1277.044437,255.5539365,105.4068215,261.0906027,318.7550546,116.2622811,149.1297638,212.1819037,326.50744,441.5293099,146.0827502,463.6523786,768.4800739,356.1828071,405.8812496,290.6756663,1549.257429,539.6734109,362.502484,71.25834511,360.3661476,532.9266692,249.3057798,189.0307902,734.9926892,290.6951504,965.3766551,442.3909767,485.9448284,65.0555846,225.0510833,383.2306016,843.1451264,248.3925352,120.0784117,253.5858606,235.8580275,365.6509513,993.0193512,162.9741192,59.68091939,385.019898,592.6676416,409.8060844,127.1443202,419.1676073,98.16423272,1047.487682,884.7507489,426.0148932,249.9895089,387.0476223,791.5330716,130.7971948,222.7665095,550.4727994,418.050718,596.6436724,720.1580994,162.1339036,232.136487,525.8580362,363.4804208,589.0777429,497.4470758,618.7057676,433.6737161,224.0300461,336.0181344,249.7925379,455.1500865,485.2255027,543.841773,869.4214213,254.5033736,1347.688543,204.4201837,740.1728336,243.6965079,338.0311116,180.6908418,1218.969638,137.4053418,629.3358654,684.1948892,1719.784439,388.490024,135.3330027,1595.778693,486.7312843,504.8682304,980.5812956,206.6100304,196.5713084,326.1736513,68.16399739,402.9212462,407.9948072,303.1000776,970.4202137,485.3997608,635.9127087,198.4666755,1776.587836,472.8315319,327.7068228,611.3882812,81.54187151,828.2713594,398.5251026,1117.850924,651.4545503,1403.763976,162.0711473,750.0420987,1267.307368,1051.803412,1188.33993,234.6795759,454.4464072,313.6762105,317.6821901,416.3194777,248.1215872,287.3053517,171.9832279,220.2270943,326.9347137,612.7380483,641.4881919,569.0782023,455.8965657,137.868573,189.4436359,235.5720808,368.093808,328.5333554,509.3648564,420.0336254,288.4178323,1291.372069,155.5378688,143.0860484,85.2345178,844.5713673,417.9230258,647.7314977,228.5538409,4186.127059,319.9658357,495.9784883,396.7175873,251.1569031,403.5005077,242.7705978,1442.800737,1539.097799,322.5667925,685.882431,57.94691748
233,1607.305197,2532.04469,241.8348568,213.2593643,633.6563438,324.5996745,195.5332255,1494.275856,376.2452321,910.7148378,317.5991787,1937.234356,446.6595846,326.0074083,919.3965741,691.0092771,738.1830121,179.0318598,323.2643537,449.1457135,354.1961545,104.3939072,373.2445343,455.8602415,72.8806962,622.6264455,102.2528626,172.670438,391.6709142,696.2915066,64.55094612,698.795105,1132.810747,239.4651254,937.0979758,705.677918,234.7359635,1047.699631,453.626168,186.2625408,1345.598447,269.2037785,100.7414519,243.6339632,315.0957351,126.1888406,155.2400828,209.9323277,324.8957771,420.9004166,151.5873046,446.0754809,844.4165014,357.2903469,401.9975667,301.8961762,1454.417916,555.9447743,392.2877026,74.57586832,352.1593117,547.2425576,257.3183137,187.4839783,746.9407816,286.728181,990.8439355,425.7930445,454.4194833,63.1189278,208.9838962,371.9428982,897.4493865,241.8112209,126.0348853,260.256346,222.6710989,365.6493346,1074.372611,173.1337036,56.10997545,396.4662811,589.0056024,401.691502,124.3964425,467.1659457,104.3948936,1083.181816,899.6017421,442.5933507,258.9018438,420.8943595,811.2109626,133.7357062,219.9072059,581.8024684,408.7450956,657.1572752,766.7001,173.644789,232.0187396,518.630197,386.8146962,628.6394973,512.186861,645.8407526,427.3706229,199.0530383,335.3102287,247.9464466,458.7390235,506.6703932,541.6871024,872.2511878,243.6667979,1407.493531,213.279281,713.2362984,226.2141531,371.3603899,187.3053991,1151.28691,134.6087529,656.3662399,669.3088485,1560.534737,369.1432263,129.4849523,1416.124075,501.3691868,471.8143709,968.4987796,200.4485139,208.1328465,330.2845049,67.96893173,425.3701076,431.3873495,318.8981113,986.7453219,446.1314667,606.9024238,196.8265245,1862.295114,456.2427231,328.8378403,609.9430061,85.69578879,816.5702388,430.382039,1160.248657,623.7177859,1444.849222,173.4851456,808.5386573,1372.257229,1071.82333,1281.411376,238.2916308,442.1805892,343.5275276,319.3261689,372.190303,223.0383316,281.379482,161.9385559,264.3158964,323.5169684,608.985213,696.757293,567.4406835,469.0543671,127.03171,203.7537777,232.324315,367.8716599,328.2457407,520.0934943,439.14135,275.1432629,1335.946082,145.9046636,155.5834295,90.56229701,824.3117851,444.2276834,670.7598467,216.8090047,4155.293087,326.054625,508.656071,392.1570771,248.2464049,440.7321576,259.8143147,1517.598812,1541.973034,309.3978916,686.2284651,54.92784832
234,1666.84126,2467.701639,215.5371683,219.3569838,655.3672532,314.825576,188.6594775,1466.820035,402.2893421,941.725394,326.0464337,2031.037329,461.2279418,310.9105076,942.7469124,664.9629324,753.6945579,171.1014896,327.6483793,459.2396886,354.0903114,109.5045911,375.4208756,442.3081077,69.10519786,678.629298,96.23368973,184.4027223,411.0271362,727.4791871,63.19103996,681.3908035,1091.942912,238.9108882,904.6076402,678.7284185,241.5976163,1036.3521,429.7554457,196.4581457,1324.072526,269.7069769,100.8907562,241.1666287,307.9974867,127.1689295,156.3718157,202.110159,310.0204238,431.3832398,147.9769241,451.7937493,845.7674842,363.0337643,416.2387069,317.8117289,1668.785296,634.23575,373.1663877,66.49493057,364.3858194,582.3384804,251.5542168,186.5037068,798.512734,290.5078202,939.7679328,449.3096449,508.644006,60.72711153,215.3374117,350.1940354,851.0230019,267.9658828,131.8078986,264.3059789,229.5016227,391.0713315,1035.737241,167.4564962,56.38702823,383.5564852,574.6831891,430.016967,122.5016392,508.2604778,114.645413,1146.734941,963.0008716,444.2307216,274.6632471,405.842615,807.8299501,132.2395166,230.6700875,606.5190627,426.6964459,677.8540976,796.1924226,192.7008444,231.8681603,542.4562108,410.5612142,686.8261823,512.8663022,691.6368278,414.1616117,191.2274213,315.4281943,244.5864341,443.4100684,544.1845435,561.2856347,935.9210419,253.1487822,1363.437952,201.2812288,704.8547053,234.3481994,381.8343526,187.4301092,1239.99515,131.3215915,669.1453165,586.9125984,1482.37711,363.4825631,133.8161493,1543.37233,488.546632,480.7923749,954.5988424,205.2534421,212.4724879,328.5667137,68.3735927,434.8474978,434.811259,293.0259301,1104.779557,391.7233372,623.1834143,204.960069,1856.417747,451.7087255,337.5207856,586.6728075,90.4641581,862.5780568,436.300603,1249.817282,669.6683199,1428.951902,168.3224689,843.7341304,1350.841599,1159.188829,1440.309389,249.193667,451.1366869,358.2290891,304.9629398,370.985132,230.1308524,266.5506688,167.8865225,270.9180329,351.4273158,650.5829544,698.5174442,566.8799169,491.1861932,128.648954,200.1068788,255.7673619,369.8273285,331.4140515,572.1889643,441.6378849,269.9812621,1257.027368,167.1317653,164.269991,91.88125448,855.4422989,400.4467672,662.4664407,233.6077924,4365.938375,315.9810613,470.964337,404.727969,245.9575001,442.2257647,272.6450769,1582.051235,1620.947884,320.1093495,641.5058603,52.98279233
235,1810.749213,2594.278961,225.1597076,210.5973824,598.237717,306.6118872,195.1285653,1470.861758,402.5578347,964.1801646,333.0253029,2132.801717,442.6227155,286.2185325,928.6282127,651.0050882,703.087007,161.5782469,294.3315819,482.6614391,339.8729221,104.9427727,366.309236,417.1496379,68.74490403,666.1109249,95.09822809,161.1519807,412.4314965,720.6278708,67.19504818,581.4521918,1013.925217,246.1006965,948.6342999,665.1359128,224.6815382,1113.575176,430.4932905,199.2313726,1384.590296,257.8925084,104.7937459,256.5134789,318.7150396,130.8709158,153.4812161,195.9616723,321.7068169,428.9907701,146.4300036,468.6338896,838.6437947,368.5760098,402.2445455,317.6754152,1711.011673,647.4744587,362.7967161,69.02951068,412.6029854,582.3659289,273.0967931,205.3574526,824.8823646,309.6861124,925.1146524,407.3316901,489.9185889,59.81776463,233.2167948,342.0285824,815.8124718,251.5097912,136.4858497,243.4812232,228.8833023,411.9792678,997.51836,181.9253585,51.71344326,380.0359028,565.9009831,461.4233709,129.7408869,479.5149234,115.2326276,1231.212956,1057.570721,469.7342571,292.9102994,407.1513038,789.5298969,143.7918342,228.1331939,654.0665495,440.7016971,666.5080658,859.3418228,192.9244553,244.4229264,565.1123039,399.8634284,649.3037583,510.1563604,729.853788,425.6007288,187.6975887,354.4640132,239.4964125,420.6714171,543.0318538,554.2200923,1042.481776,238.7247312,1329.233145,202.5387123,707.3745871,228.9713701,358.1267719,197.8011851,1238.553121,131.3981938,715.8990695,619.989801,1549.390522,344.8808704,126.0965965,1549.078671,495.1772958,450.1971912,1017.009834,200.8989621,218.6420919,347.5872834,74.91271322,403.6875075,452.9019289,281.5600703,1112.92755,382.003549,633.6719348,209.9096661,1928.127203,398.9995455,341.2670992,572.3687632,101.0801742,889.0281235,421.4438383,1230.655503,728.5104217,1439.255166,161.9473627,818.7096001,1403.124986,1247.640566,1405.968175,263.3298944,449.4254629,352.3346045,315.1672605,384.7864545,223.8434501,254.1539396,184.5556676,268.7919368,352.9252697,637.1811467,705.0941098,569.9041365,530.0225758,131.2439901,190.0729148,263.2995239,375.5131552,329.8781791,540.5148047,395.8226684,251.0127003,1236.921014,181.5685034,165.210312,93.90822614,887.1247472,404.6954833,638.2481663,233.3529043,4586.180062,304.3345814,495.9517635,401.6802076,228.386628,433.8947459,277.7325115,1622.239876,1616.476324,316.5613221,609.0252168,50.6754306
236,1735.431309,2727.576491,228.2626758,190.2733859,566.6294233,316.6756176,196.8999278,1585.579694,455.7287877,939.1997488,337.0642534,2082.390916,423.1708771,290.9602974,912.4920248,691.8693111,780.0892167,160.6519571,272.6872422,489.689839,360.8613948,115.0720493,341.2003277,443.9982358,67.27254596,718.5723764,98.24823659,169.3847139,428.1436056,742.6067939,73.9213089,566.306316,966.0054074,251.7267755,887.3482311,686.643855,225.8409389,1087.742543,424.4913293,214.8690184,1407.155648,268.096197,111.0569145,254.4604472,305.395384,121.1744403,147.6135779,196.6085939,311.9765745,442.7420907,151.9248131,491.0678842,803.370261,401.4950324,408.5523697,313.9400617,1711.479882,646.3572709,408.1931704,67.72758081,397.6604054,575.905367,286.4343904,221.3499374,798.9167848,323.1445656,927.3801352,388.6433305,453.9820517,58.15114095,216.7603255,335.2930275,881.4027427,246.3788531,147.1963585,259.5927724,249.4686782,441.1189386,1042.1333,184.3131206,50.81516547,365.8020501,555.7184632,463.3294191,136.2003014,475.6082062,114.5309021,1180.552104,1042.693977,478.2931583,277.4356694,398.5539714,784.1386781,136.3439641,239.7411449,669.2930827,421.1551121,649.5533245,860.7885603,205.2182806,225.9486059,554.1965976,376.7119699,692.0878015,508.2274886,761.8837707,439.8572474,200.7061783,369.0645193,250.850033,428.1453037,580.0009762,511.2747943,1148.089869,251.9524432,1281.856963,203.6079937,691.4153265,232.9192955,397.3566158,197.8852459,1265.096343,134.589934,737.4139362,615.259669,1579.277285,406.5774676,119.3797338,1635.594328,553.4882681,448.9348027,1030.138667,212.1775502,211.8952127,329.5293953,81.32049622,413.9106135,455.0891467,286.999945,1068.369749,390.6758547,608.4451676,213.7114941,2068.787786,409.1451684,359.5940878,564.1936205,104.6046649,920.3620034,424.409811,1302.435473,712.7554735,1548.13716,151.0573394,784.3820533,1373.085784,1150.639058,1410.169761,268.2519985,431.4112491,371.5367067,357.1869657,414.5149632,216.1131515,255.1450157,194.6358628,269.4440798,395.6507809,688.2424857,652.4866906,580.9538933,511.4898289,132.1352854,196.5122276,268.29854,368.3454621,333.9791638,541.2018619,366.0658487,258.4225071,1247.623595,175.8421958,176.5584312,92.54804653,864.4601297,417.5705418,663.8423477,249.1354898,4774.683606,292.6693345,501.1204416,398.8531005,240.474998,442.848076,275.17981,1696.162037,1637.820364,298.9066309,628.7165577,50.60634627
237,1667.573827,2514.570687,211.749871,212.295449,566.7300818,339.5208077,196.2190382,1503.27623,486.1918311,981.9423699,354.6698551,2113.5903,466.2450892,294.6579285,940.8412836,777.6860107,803.7901502,164.5536597,277.3806867,471.2275528,343.636567,116.7380719,355.7743177,434.4311344,66.77657697,760.2276614,103.5686243,183.2887588,416.5673115,714.0820435,66.50139612,555.6778653,1047.274292,234.9079745,933.069774,681.9935996,222.5220525,1119.346678,437.4973614,227.4959383,1489.67353,259.4438892,112.7827097,247.0440738,305.09155,131.5617739,148.2994547,196.6908697,320.0471243,451.3112631,157.526027,476.2949642,827.0742929,376.1933934,431.8338048,318.3247975,1660.572026,636.996378,439.4893113,71.17371348,424.5973033,524.9916604,261.6273886,240.9367878,804.2511805,300.8245848,985.320008,356.7739217,456.9403256,56.83112665,227.7730756,368.5202754,986.8625811,272.1112,131.8018419,292.710883,248.4163978,453.0987737,1002.073286,183.3508016,48.87257736,376.646767,538.0362,443.6318213,135.7757253,508.2883149,107.4544137,1168.355761,991.5325402,434.399633,257.9933054,398.4034463,744.4552378,137.8880533,242.7423307,651.088925,435.530893,658.1125817,913.7151785,198.7675023,235.8330676,523.8962972,386.7155989,761.7073118,462.0077052,691.3919853,414.8470037,204.8708355,366.7500917,236.1905562,435.8648733,564.4543345,506.7226772,1197.780906,251.2946695,1413.235987,202.291217,704.7207401,225.094382,435.625926,202.3969086,1228.863808,130.3863257,709.553122,600.9988596,1513.477895,438.3316567,119.1872191,1581.26043,557.7015403,437.796959,1060.114866,204.7984495,185.8401572,320.294093,74.5419672,405.8945544,467.8113458,277.5368125,1151.376249,411.579725,590.7682263,213.734342,2172.657842,415.0760546,346.2588655,536.3673383,97.23731737,866.9483816,437.599544,1315.831036,735.0922506,1522.807016,158.6436305,796.4132605,1356.697305,1157.798724,1338.243888,302.7464773,449.0088002,385.8905203,350.3329972,385.2008041,219.9976843,262.9049627,181.759647,269.823121,378.3065322,690.7937273,648.7750403,622.1019705,554.2810928,121.7521216,211.1409316,268.1751053,364.2387007,306.4275106,547.0439694,367.7303657,265.9997996,1338.053079,178.3376752,181.7272987,102.2223297,822.5968635,460.3280323,662.5610471,241.1945006,5020.291715,273.232531,505.7174019,450.2260286,263.7140133,447.1609199,247.4686618,1628.916461,1765.61641,280.3857644,648.8004731,49.39218117
238,1707.416798,2438.890208,211.7987363,195.3879128,533.8238843,371.236432,197.4551447,1364.586237,526.2494447,956.1153196,375.1100502,2053.262807,464.5098398,285.8547026,855.9919693,798.5476926,816.4712094,166.6702228,284.5771361,506.5359043,335.5788213,114.9406148,387.8900835,439.5617136,71.27586266,780.3289326,101.4137242,195.2288467,399.3116317,687.683469,72.19706691,540.8158479,970.5467572,236.5925687,957.2128836,694.9705717,250.7570541,1171.240435,395.2239414,228.002211,1362.776736,275.8977352,106.6740162,244.764314,315.4874648,139.0768357,140.1062409,207.9501641,317.8903741,430.3614347,147.9486792,473.2906768,859.1327592,357.1707827,434.6847094,326.9195459,1560.28952,596.5274746,470.2343729,78.0554333,443.0505316,506.7394141,232.253175,249.1587295,766.7809994,291.1930724,926.9864145,370.7307868,424.1460016,57.70500318,245.3396009,389.3133598,942.4714022,288.9330153,137.1938012,300.8014372,240.2969941,480.8584543,1048.128013,182.3230726,53.10554227,402.4730414,570.5159754,454.8643517,139.9633214,505.2201212,110.2964837,1122.557347,986.2593399,403.2110563,251.2314647,404.3078643,783.8856021,158.6193575,241.246493,578.1765477,427.1058722,680.8677768,946.4586709,206.5720947,238.8823944,500.6827209,406.4449326,765.3368817,435.306802,674.8256454,422.1359601,192.509076,383.2939369,232.0701537,441.9273159,584.1600611,507.1582604,1268.998529,245.9332364,1324.74798,199.1147673,657.7847041,220.5393491,460.9767507,217.7452737,1243.733626,127.1718651,755.9283668,626.1749296,1663.263995,471.7900268,117.6216887,1595.111447,554.3055527,494.2568543,1116.90998,198.3305642,180.9209559,336.9658841,77.79106354,394.0041138,444.7214698,275.1112858,1138.368407,409.7836299,541.6673321,217.9970976,2152.503894,460.0882736,339.229641,531.2693845,97.63728854,915.9866168,423.761078,1371.158458,723.9839329,1638.946163,157.3262903,800.0356421,1232.125239,1118.502909,1379.029717,297.7960518,446.1283915,358.621958,337.3020828,402.4225983,210.0393986,288.0869483,191.8212191,265.6533578,382.7267934,686.8087568,660.6444782,626.9092694,549.7042669,115.0432361,200.8700308,257.0949943,386.8575223,292.2784419,534.3527903,355.1226228,264.9101486,1309.115397,182.8567122,163.9457641,98.7244239,865.9087491,458.2211392,672.0161266,236.7604197,5309.763435,259.8589437,496.8241079,450.9440905,273.8146713,436.4167397,242.6619887,1700.853389,1782.247717,294.8780366,597.571948,46.32723396
239,1612.474351,2381.477703,222.9278945,184.5357614,560.9085859,375.9157315,195.3538953,1441.233799,499.1787634,918.2563966,412.4708079,1855.078722,473.1521167,297.9120704,864.1217978,792.8249629,875.2459675,172.1044997,266.1785118,483.8648062,357.8990592,115.875151,412.082159,490.5664881,70.28619652,814.789818,100.1268438,195.2262833,369.2568954,704.0753974,75.45069876,506.1786496,863.6733315,235.3834763,907.1293743,758.371191,246.3633547,1223.616399,390.4007833,220.929693,1272.177874,268.4387664,108.6004103,242.0601785,290.2078524,134.2494454,140.2172482,207.9172684,305.2851205,411.2896068,154.06977,500.5263719,933.7603877,357.0934029,423.0115148,340.0567774,1436.828102,573.4016182,459.4299004,71.72003545,442.2894246,522.1291719,220.4422221,289.5498347,745.0229809,289.9345453,905.4929298,379.7769453,433.3197797,62.10761236,247.3588166,408.2184959,977.3582169,284.0360952,127.0990925,325.9062535,236.1779908,439.7103881,1070.393995,190.2472881,58.33916962,365.34232,592.5178655,388.6088308,146.9778563,592.1072589,99.56834984,1115.162108,979.7711786,399.8636826,261.4211986,414.2958772,773.980064,153.7640544,214.8920172,576.8026983,454.0626934,688.9264727,907.3353036,225.2343898,214.288743,491.3503404,406.3626425,742.8227741,424.6240139,664.8172394,423.8361593,186.6449082,388.5757753,263.8298085,409.5409136,639.9738968,548.7693807,1380.327225,246.8251105,1329.933506,189.5316736,571.5242543,223.9207628,446.8153582,213.4461342,1381.924968,139.8289326,723.9843121,662.9820182,1829.464401,433.4304299,117.2533365,1480.391847,556.7573078,548.9275594,1028.076185,209.2859061,177.9046928,340.3760255,75.52625281,372.7930605,448.9206131,283.8407761,1187.971347,426.0369443,546.9595509,210.4677214,2291.297568,463.2121921,342.9488887,570.0741228,101.6522687,944.9090617,435.2675943,1494.393276,722.1935084,1695.86688,154.2129923,863.6375662,1322.256207,1200.719715,1296.161461,293.3683766,459.4246091,382.2670302,320.234074,391.180441,201.8462192,251.6560423,197.3310699,264.4529844,405.7084438,662.5632482,655.6661533,665.5660701,570.9683955,111.2645968,199.1898711,274.4796308,397.2941701,301.6354219,537.8636989,343.8913552,251.3814243,1391.007433,187.7891836,155.9097254,97.93533042,852.1168412,442.6780346,653.4513146,238.3403544,5818.27212,277.5132723,473.123434,483.8732097,256.0105654,489.9041269,248.8968285,1663.410443,1743.824017,292.7246197,655.4043222,44.11910699
240,1647.516239,2401.741644,232.7423161,188.915098,614.4672309,353.8174881,204.0897981,1388.443495,478.8592723,968.0027726,371.5379651,1927.735877,453.8192718,327.4142975,946.2563796,845.2513764,950.1229083,166.9662036,260.5368093,481.4287903,357.3378869,113.7876753,417.5426734,484.0707981,68.88134656,839.6333589,95.24399982,202.9368999,382.6907683,673.4434232,74.69603153,545.5051906,823.2079545,246.2943617,893.656369,840.1650764,214.3510679,1260.673459,365.9681382,218.1575094,1236.95465,269.082013,122.5559616,238.8570258,306.6021171,136.869793,143.7656471,213.7092472,286.5759297,406.7254854,139.0599761,480.3419569,928.3042887,342.490376,423.738224,339.9654426,1445.5606,590.7306555,506.3771382,71.436824,439.4009384,529.2115822,211.9288263,286.6975968,865.4423741,291.8101305,995.894205,361.7616825,386.2213105,60.40593172,233.6237058,399.6312225,980.3793746,268.2868835,125.9933017,334.7130913,246.5359834,458.8626069,1144.69342,190.4740793,56.57212914,365.3459233,597.5930401,390.9196105,151.3049194,569.4223863,94.32549152,1106.961276,970.2075534,402.4202255,259.7868798,417.7605995,826.2710929,148.3575978,215.1693524,558.6409494,474.4030349,669.3405589,905.6060407,238.6475517,214.0747075,462.5940643,412.353443,777.2061525,450.4203756,667.704741,431.2640871,193.8385522,386.8977979,244.6244709,397.5343353,680.5469495,574.330218,1373.964913,236.6195851,1399.377696,191.947094,553.7987891,219.080674,471.37015,213.3342274,1316.950434,143.6420337,676.757188,676.5047625,1849.796977,447.1926007,117.3564027,1386.984854,549.9817615,540.2663126,1091.333498,216.0813849,166.8398781,337.4689455,78.7717347,403.4467326,452.6610553,286.3487929,1318.555612,425.0700021,537.4426913,193.8988402,2499.754524,481.0013478,350.6291781,614.0822503,106.7126623,886.4232243,414.9179297,1403.853566,798.7831157,1520.283841,149.3384016,782.6175537,1369.625126,1165.86889,1303.951582,280.478512,466.4508923,378.8726542,345.8090454,405.2393925,181.5830996,281.3898295,208.2695571,287.397978,386.4381219,634.517928,633.085382,660.609724,540.6769977,116.3903961,197.3326423,272.7294926,401.8468723,324.6148457,567.995495,354.3047713,266.3486065,1524.613295,187.9610639,149.7890352,86.39981183,933.4306139,463.2504989,609.3608916,235.1185297,5425.539319,296.8542707,441.0787228,527.4238433,269.7491179,497.4555345,261.2462055,1658.144463,1708.586023,290.4246065,703.4586321,41.92064348
241,1672.022026,2406.062321,238.585784,191.717304,676.5283043,359.1568547,201.7353441,1428.864705,498.6950117,975.5675895,399.0618554,1829.706908,467.606814,305.7354098,1006.540979,851.2258643,876.9477878,166.8220786,261.8665854,497.1925138,327.7788545,113.6272031,401.0698622,432.9867894,67.85296804,791.5557719,97.1766942,192.6550021,383.5155424,645.9219198,76.44551962,569.5270024,969.567619,223.3461928,973.9467354,920.4932303,231.749789,1321.005478,381.8534971,255.0177251,1268.14184,264.3716228,129.5001079,256.8230382,312.7889212,144.0695994,151.189045,209.4046405,280.0956412,417.7829719,139.8827367,467.8069059,929.6875774,347.8598937,483.9731837,343.5969992,1456.349996,610.2756412,581.9726763,70.36508742,429.6254703,531.5745828,213.9933641,314.2729426,918.4480295,282.4024531,929.5896054,372.6139249,410.3011063,66.17065287,258.0954219,406.0568413,1016.21136,278.5078669,115.1162669,315.4910536,242.5878738,467.4686116,1163.784314,182.5516799,60.54949376,354.3757348,574.8623574,419.1911337,165.5729986,618.6791042,91.37445967,1304.981712,1016.56245,382.1107739,234.7822857,370.2745552,862.5223145,149.5381434,207.2567489,559.9311761,464.8012654,703.7891315,879.1382208,232.5140734,218.0925068,475.0546839,421.5808766,767.1529011,453.2918983,724.6273383,425.8069003,201.2390323,410.648119,257.2208417,395.1104622,717.1175063,588.3393871,1363.403548,256.8875712,1395.577332,200.3146181,561.6850517,234.3123817,509.9706059,208.2819039,1383.532811,147.5705821,641.4819432,708.9107295,1881.444494,448.1687988,126.9269268,1342.387812,564.211304,535.4531923,1032.110074,199.5581081,179.5457867,305.770991,77.63757772,408.2717662,526.2886667,302.5129648,1336.706637,438.0169071,556.0361251,194.310607,2640.014963,479.8700804,367.396366,611.9364399,102.7376858,869.8853656,461.5410371,1528.678245,835.0752603,1474.943636,146.4452456,833.236166,1420.437703,1230.677703,1222.812274,280.8356094,462.5821618,384.6831245,345.0947376,388.6164193,206.970305,261.5127486,222.1809966,278.8998775,365.1663793,677.9555542,608.855543,773.8917002,564.3468079,106.7198523,183.1924498,311.0235021,423.3024392,333.1428872,574.771047,370.4817708,266.5357937,1359.991953,185.4985899,153.1840366,86.87114551,946.2697557,452.5858643,531.9380099,227.1165976,6170.472904,296.3670548,434.4598785,569.546558,265.52162,500.4110454,275.072354,1719.396449,1716.637811,323.2318531,725.1978668,42.48218625
242,1854.030368,2173.965824,235.906058,197.0350961,669.7200719,368.384418,204.870244,1376.147066,504.0500391,994.4632451,392.2528588,1886.848986,502.3659194,293.1782281,1057.611957,907.0925754,810.920656,160.0776611,252.2256103,488.1694501,312.1124492,113.258518,400.9174357,434.1153965,64.04589185,770.237509,102.3148738,195.5169234,411.0976871,634.2946281,82.52734308,614.6666101,1013.363157,235.3134064,1007.761173,1030.747243,248.7207403,1414.487366,369.3195432,225.0419255,1204.457528,265.6226348,136.0112593,251.2226504,311.1530039,137.3078017,149.8615699,216.2527052,293.6427289,418.7133944,141.0035181,460.2252437,883.9809815,361.141379,469.2338775,332.6517579,1525.458119,578.5863337,573.7996017,76.77600875,454.7019651,553.3962341,213.7758706,316.3614242,855.0880483,308.7059441,978.7556866,396.9216728,393.1350896,68.31904029,248.6133622,413.7501065,1025.094193,277.3530502,111.4913273,331.0697167,243.2892207,476.9193609,1234.623716,185.2300644,60.43782934,376.9493272,580.5552293,414.0105707,171.9939584,682.9709095,99.3999623,1279.667486,1029.246248,345.9933664,248.3996695,371.7243305,908.1187878,150.6658727,217.9510493,544.7280275,453.6382188,723.8155839,772.9261037,242.3141154,230.2040563,527.5153979,411.9688765,765.8231634,460.0750717,704.1285353,452.4857695,202.9147116,422.5549219,247.8017121,335.9528365,711.7106616,587.903612,1346.551533,251.6808531,1519.966555,210.7933845,567.9189589,219.4215981,522.5724546,206.5364976,1300.930363,157.3776296,669.3781189,717.0328644,1912.112246,416.9568381,133.0259281,1379.250883,550.4801749,548.0568296,965.4577998,185.4129742,187.9642856,310.9259768,72.34720736,407.2692718,608.2703067,317.9407247,1415.856647,428.85427,504.8330755,214.2380974,2588.071923,477.8251464,371.5515278,605.8327032,90.59290767,887.5543937,484.0806291,1322.8719,731.916074,1593.562424,144.4612759,902.5377513,1377.342658,1162.489459,1197.912662,284.6443682,447.8727883,379.7871893,340.8761199,398.2390629,201.7831653,260.7263638,204.7771654,296.2499493,370.2747437,648.3552156,591.1680929,795.9482221,576.0930455,107.1442362,184.8403524,298.04581,420.5337592,324.157107,609.1257805,378.5147223,255.9686646,1391.327669,174.3154354,150.9795082,89.76039144,929.2571613,454.5634212,542.5735451,225.3097623,6857.973017,295.4337261,456.1649991,584.6422529,263.6940845,498.9990326,255.1769447,1605.962715,1846.947059,336.6180333,745.5317449,45.03157872
243,1815.844916,2205.386878,228.334829,211.2371126,655.3757306,346.7203789,206.3209159,1415.941697,537.5105033,1044.108323,384.5111904,1872.123966,498.7594611,310.0541725,1046.011963,892.6983834,872.0110828,142.2515896,245.4711256,478.6682665,302.6273598,124.0000583,401.8944431,437.0353719,67.04714009,742.5355594,105.3423485,214.9547651,446.8596255,615.0248402,83.48958141,602.4263146,1023.280853,240.6697802,1050.031414,1116.99758,232.1345768,1421.148773,371.1389172,206.5225148,1276.742948,267.9996467,137.5019596,252.375452,319.4518509,130.4624439,154.1096583,214.1449676,307.2632234,400.1902951,143.0871445,457.7864876,875.3731749,371.6446712,451.7033194,333.1980993,1563.901456,594.8130831,575.8285323,81.01092871,453.9252326,550.9078504,207.1090344,329.8032951,806.7394093,313.7520542,1031.455696,399.3336983,369.21239,69.92517278,242.5360818,436.4897158,1139.30791,291.0138326,117.0114806,334.682115,259.8195392,469.6058795,1261.680582,159.9598387,66.34222803,372.3141719,594.1813771,415.0952895,198.1883295,773.1946381,96.35538687,1294.44003,1060.131581,338.1427064,261.5225296,336.1429077,859.6970691,160.4780032,223.3647678,594.8542723,475.5517662,742.1545148,679.3886791,230.6546701,238.3172065,530.787313,423.1713523,802.6300831,438.1590624,659.8783126,443.2597029,206.5941621,396.8177117,267.7599032,351.4327666,698.1155468,594.0381759,1454.182449,252.3184123,1495.81744,212.7076037,620.4195741,222.2933845,514.1519451,184.5232732,1274.591825,135.4182336,656.7173678,758.8756176,1969.249608,421.3889229,125.6203469,1388.185359,574.2203621,582.2310662,909.083407,179.3405612,205.7913617,321.6249249,73.93284414,428.0721018,624.351256,332.4052625,1353.87173,423.4016578,463.3119116,224.5633162,2418.057079,486.5740873,343.4373835,648.4082244,88.37449908,842.5418075,492.2801672,1357.900941,638.0712239,1520.447409,131.4848544,941.7913578,1381.989549,1088.781841,1120.512713,277.2696872,414.7772082,382.1518929,325.5170053,390.595729,203.3851226,299.1773714,204.1328408,292.2697154,372.0296754,631.6583439,582.3894134,755.4938179,611.8625789,109.5308302,169.1051976,262.4481454,420.5433122,289.0880904,617.4113403,384.0658297,272.0443105,1423.938705,182.001635,157.1992601,90.04867281,912.6912289,454.6997719,503.8898521,226.1492448,6898.880158,287.4246653,419.6329332,555.8900128,243.1691228,495.9759722,260.5244613,1553.627539,1762.67298,357.8614719,717.2745455,40.91691668
244,1885.490857,2299.833676,202.2780833,195.7951039,607.6889548,352.4379684,201.241823,1396.06371,528.2389346,1038.00574,393.3819403,1917.75182,472.7949329,321.913519,1139.526977,942.4278873,899.4642918,143.9441991,237.6093937,493.6483855,284.5232542,127.7418088,436.7523897,442.3563219,68.57556512,724.1056661,108.5146963,221.9634522,414.2422398,599.1011037,79.84805757,636.8072557,949.9912513,258.2195697,1036.879879,1067.171592,231.7857271,1588.309422,389.9573608,209.1983303,1370.78666,268.7038186,140.6782301,279.3885105,333.3147708,125.7925219,162.3628135,208.9685041,300.7486562,406.6350154,139.6514342,430.4451867,850.8677862,398.7724506,421.4365264,299.1300286,1682.129439,581.8011023,570.8525579,79.34174351,449.0320097,517.9942227,193.9696422,340.0301964,777.742603,312.1495543,1078.33054,387.2380988,350.6757706,64.89801467,243.6099084,406.9312455,1144.901827,292.784738,117.4379103,339.2424184,275.2383192,452.8789049,1231.827175,156.01668,64.33820739,381.6716549,550.1072181,420.6396805,195.9809216,769.7264865,98.05926274,1201.852773,1059.633503,333.2725022,263.9571981,336.9123857,827.4254372,156.7965085,260.2492974,572.4483947,498.7764901,724.1094906,710.6230799,238.7414633,255.8704415,574.7906934,420.0433375,705.0824054,420.5034905,673.0082782,432.0992482,205.0540453,390.1613913,247.5099342,345.6915727,657.1083324,569.8791402,1548.282861,253.6763137,1582.819833,217.8310185,592.1383039,209.3295764,489.9627771,174.4256812,1307.144141,138.4476366,641.65104,734.8129399,1792.62766,464.1670085,118.8469244,1410.449748,571.054529,553.9044776,1005.572597,184.6407187,200.4966225,321.4591129,79.29761309,459.31193,652.0490574,356.302574,1510.319771,406.484131,464.8327088,222.8780066,2480.449733,482.4616417,359.4477718,741.2396032,86.54042803,998.8619485,471.7516887,1260.4837,670.2683522,1547.877909,132.5965891,938.6943294,1401.786135,1050.984038,1180.162954,306.4687862,415.3810787,412.9148332,362.0496211,399.4994807,211.8161575,288.2279184,194.1378954,337.8870202,403.9666901,654.213913,573.0369641,749.5339826,685.7899965,108.1677504,172.2334921,259.3980036,441.7351204,286.8850416,560.5961686,396.9606989,260.5731913,1468.499105,181.4437828,151.2676091,93.20323932,942.6854048,492.2147115,573.5521771,241.1097618,5762.376748,294.772005,425.1636871,576.6080722,251.6295503,509.6534361,258.3879788,1565.606966,1688.202853,336.5015064,700.1654489,40.29314283
245,1884.445022,2233.842008,188.0043937,202.7706584,593.1223049,354.1510854,198.942577,1373.059897,557.4006713,1047.424354,395.5895591,1931.359579,454.9355411,353.1259491,1063.149776,913.6092261,921.0796327,144.613094,220.9606359,472.7361038,289.4771049,125.1043335,422.3274928,407.1592737,68.77477958,729.8360687,113.388031,226.3360739,440.4429008,588.7614954,80.83746588,584.6525133,934.8125564,280.882807,1123.650809,1023.552025,242.248249,1741.796229,384.6734461,201.6915513,1278.917974,265.7800477,144.0164597,300.0948533,331.0066823,130.1011843,161.7046038,212.980165,287.9744821,402.4477383,141.7261258,418.3168147,873.0205146,396.3214613,425.0731624,339.2767513,1763.556355,603.6704202,571.0151711,79.38689738,512.2812569,529.2002923,187.6752569,355.2228306,722.3694256,313.1194213,1025.61417,357.1975683,377.7289588,64.54298612,230.7855974,407.4257385,1254.926952,286.4580652,121.3584312,342.0152035,281.7969762,460.3039439,1295.645951,154.5399437,68.00456674,390.4230286,558.9325985,389.3428233,187.6685776,736.4694861,108.4734379,1231.427387,1079.893702,317.1332871,276.5544795,355.4435903,837.9258885,154.2500013,276.9868527,571.9395595,481.1468895,732.421769,744.381148,247.3228003,283.5031592,563.1523271,463.745073,708.3210367,449.2877203,718.0498044,426.5577237,205.1953354,413.4227583,237.2738348,345.6123131,638.6196195,548.7675635,1495.973287,261.5261185,1542.291123,224.8838673,531.8022987,203.61759,499.4582158,179.437059,1333.956597,143.5223419,661.4777479,721.9917949,1756.828195,428.3829452,119.0375304,1354.506998,583.3337362,587.3012263,1205.631419,180.6941697,195.7984913,327.6735322,80.78734907,464.2826476,639.6676879,360.6025454,1497.033571,395.7601722,507.3042962,241.0584848,2433.624362,518.015407,321.2651838,699.8492975,88.44812454,971.298556,428.1715938,1298.398268,646.9411287,1546.232337,137.2366737,952.4040501,1310.861636,976.0026519,1154.123291,286.1494216,410.0736521,414.4833038,335.1876642,389.9432565,216.1577885,302.1357357,187.5555999,348.2266831,393.1265947,702.173084,592.0096042,753.8696792,710.7507625,110.2420957,187.4492808,263.7737336,466.2142363,291.5063414,570.35333,433.659964,251.3078208,1502.631775,177.0651231,148.8998994,91.14139969,966.6893897,515.2409415,607.1670572,253.7454139,5656.624969,316.2005085,421.843817,657.7527516,286.3393872,469.3769993,246.0078485,1558.372411,1631.082787,375.8272709,734.4314222,37.68375259
246,1906.923585,2239.119502,195.059564,204.1586565,590.7811873,349.5283935,219.7838179,1405.564006,588.8939597,1088.606058,391.901315,1934.636479,426.4964608,405.8529434,1017.669309,905.5630373,868.2687579,137.3367642,237.6283282,488.7567052,305.2174723,127.881649,414.3444082,429.3659698,70.38173531,751.0948209,119.1297002,246.4055485,420.9952659,605.5387034,84.44997526,573.2288044,929.7225634,301.9620708,1082.78946,1068.727445,244.95067,1648.741181,401.41904,210.0560107,1313.909009,269.8745331,143.8936327,306.7566293,325.9555223,126.4444049,166.0657053,203.2541113,313.7082087,407.5366259,146.9518463,427.1677573,915.3678119,373.4492861,438.4855181,323.8708337,1606.026551,595.5782428,572.7838316,79.7453946,508.0757943,526.4169616,182.5377489,357.421319,712.3490563,339.0244488,1000.845597,371.11908,387.0811581,63.04112226,220.840359,402.1770051,1344.215232,309.5158003,133.7073976,354.8982347,306.0795425,489.1363939,1306.7937,169.6999976,71.97884895,388.2501448,566.6701,384.5750876,190.3946216,700.7428991,106.2339878,1288.56837,1015.05062,324.3326406,244.2896224,350.0338375,810.7063844,151.7003021,274.9192749,564.2452483,504.9257891,803.5403797,733.7114493,243.3814191,299.1980418,594.6959179,444.7126268,692.0899853,425.3692867,794.9017171,384.4490795,195.1315883,392.7909029,215.9792531,344.5791823,634.586656,543.8408245,1515.648999,250.807042,1645.266779,224.2370231,516.0103183,208.5279775,530.2606036,172.5496168,1218.804115,153.0374487,656.5136392,699.9830783,1752.570276,403.4295308,113.2732152,1387.52976,545.4003202,555.2035893,1155.640285,166.9564377,201.0008584,323.0545903,82.49201625,489.3112512,687.9471032,347.2111466,1506.370758,416.9236978,509.6701697,253.0420893,2467.250109,533.7991029,345.4575802,716.6139328,86.09683619,915.9042914,408.5920723,1260.693109,603.5496316,1529.995231,130.4982332,1032.05335,1309.015157,978.6121284,1157.127833,295.0760928,444.6749131,431.1312773,345.1395374,379.8337471,225.2341454,301.4297421,188.7924239,354.5474503,395.957367,694.4996047,612.8769794,781.3907563,689.4423596,117.9492622,202.2514349,284.3843644,449.1352864,296.8426483,584.7497554,457.0872933,236.7039807,1597.605042,192.2008042,142.2478762,89.59585045,1007.429109,494.864235,607.9193443,260.0066985,5669.81441,329.5560166,413.1920259,642.4735243,271.1756878,471.1020984,267.4198431,1491.317688,1630.37026,383.2734124,739.8966031,39.15303105
247,1965.269369,2446.206851,206.4418239,218.4628183,544.1527969,342.9971198,232.2861521,1402.181176,586.8852933,1210.114417,391.9014989,1930.787259,429.6251704,392.8179531,1021.542639,1028.536305,895.1603556,138.4171304,235.6255553,454.0061428,316.6846191,135.2872416,432.1067305,429.9881312,72.41234999,783.1517088,115.7790919,257.7957607,412.2432095,574.0820241,85.82671884,608.2783001,971.6715279,341.8180219,1071.409249,1140.907703,236.2480187,1646.40244,376.8649916,210.3178401,1313.79203,265.8290519,138.217368,310.5184901,326.1274735,135.4093413,175.8291393,202.2161948,305.1884632,426.9011797,158.0909132,447.2373426,921.5964918,369.9118097,437.8819762,306.1341072,1619.323154,596.5216964,598.0343183,81.20723043,528.3963903,528.0503327,192.1911037,352.1235332,665.2071752,337.161297,1066.70301,375.6104804,366.1933995,61.90581321,212.5323377,413.1108919,1342.415557,331.4748172,130.2724416,352.2589217,292.0177201,499.3814728,1329.156581,173.0616972,70.26252365,440.4925056,606.2166751,388.8072537,218.8288178,695.7192668,108.862206,1234.423179,982.2666489,342.5607218,238.153663,341.3838172,875.549902,159.6229652,275.3397074,534.7003565,468.67461,756.6456868,722.3861834,241.6759494,308.3680089,562.7479714,430.3744581,665.4451771,465.2486033,784.1524495,393.3210193,202.6991162,365.6813057,208.5365068,347.428155,608.9520416,578.6163713,1639.964143,227.6027466,1572.556423,239.6012611,504.4739629,199.4974055,539.2158537,173.6521433,1160.516242,164.4960339,675.5135972,758.2217141,1806.068887,390.5219331,114.0758809,1500.904952,554.9946215,550.498831,1187.255872,163.4566908,209.4464864,342.9294405,78.68701985,485.5016651,682.7396516,361.1612604,1479.900789,426.2696965,564.1216527,266.8262944,2422.678437,529.8248575,363.1704754,710.1858298,92.74325692,980.9287171,433.0388128,1371.776526,615.3448077,1573.314054,128.1853425,1045.571555,1427.056827,1090.801028,1295.443565,313.6019307,465.0345446,449.34013,326.1477445,379.6093279,245.9568927,299.619676,186.5363046,336.5040616,412.7720623,718.2187921,650.5961229,787.2742682,691.8063864,116.84671,222.9474387,291.362137,432.3266144,298.3431314,583.0242872,440.5354862,252.0104017,1531.689776,198.5609369,148.0848929,81.54924601,1072.472331,503.0043654,607.874953,272.5877784,5468.853993,318.7550197,443.2207276,622.2016202,246.5649609,484.1025054,266.6441932,1635.315007,1675.213597,425.4896691,766.0288026,37.45489921
248,2085.666987,2297.180867,220.1320657,219.389964,540.3626669,335.971946,241.8968433,1329.619428,574.2130817,1216.415219,425.7824909,2053.418284,442.3807269,387.8260509,937.1384333,1003.701729,938.533804,138.7490478,239.7323452,477.5303761,298.2843538,139.4646568,402.7305837,436.424373,67.38937653,756.0634629,115.5715422,262.6877748,426.2834666,558.9547446,83.72791684,601.2571483,978.6684038,353.4073232,1057.380573,1243.917182,245.9689308,1714.768877,400.8927101,211.2590437,1276.522767,277.763014,130.1159063,306.0635312,342.550628,127.9007002,175.409884,210.7162864,308.0110557,406.9169477,152.6478827,454.3008371,862.7695627,377.4253073,414.8201939,303.8112219,1578.317898,574.4210299,605.6376733,85.84399395,524.4335672,506.262739,203.5364932,366.312173,655.5520401,346.3139921,1097.192123,401.5916414,374.6760727,60.16738143,220.8018499,407.1048732,1468.00243,332.9983439,136.2795604,330.7221476,303.257934,484.66842,1407.830868,166.797171,65.95351296,415.6894002,651.1674934,372.6390909,227.3625507,669.5635864,115.833754,1161.083639,961.9658692,365.54312,227.5440143,362.7952647,892.8036529,159.2716754,254.4684865,608.9715455,489.8617578,822.2201832,758.0025481,225.8344241,310.7561509,581.6100208,441.9463956,674.4847803,469.753759,800.9949868,396.2795343,201.2237894,386.3854243,199.1167444,364.1452652,656.961686,571.601747,1601.788648,239.3807888,1591.772686,233.7754326,533.7085224,201.0300761,537.1138849,170.4222627,1101.273843,168.6658551,674.0082415,782.6797638,1713.886773,384.6687551,117.5630679,1545.604316,567.886075,572.6451745,1276.571546,169.4803328,204.8061261,301.763267,71.34370551,519.913242,724.7790366,372.4629731,1617.322102,385.7225622,573.7486996,276.6709814,2341.897133,569.2323552,337.842822,717.8776568,90.8332682,965.3874431,429.532025,1420.864007,684.5773565,1541.89325,122.9789726,1073.439256,1506.964431,972.5036248,1291.07849,326.2898575,427.9159127,459.4008988,288.2047509,407.7388382,248.0376132,292.0624751,181.600211,302.8296746,403.5382785,692.8126886,638.2484946,809.9457478,659.4495881,111.2517739,240.4951828,328.3741183,465.1350251,281.6711228,568.0788125,441.2469396,271.5487076,1554.400158,203.9086115,147.299039,77.16546361,1218.012089,506.0724448,598.4701832,276.519416,5352.974117,327.758334,487.459733,653.486776,249.2053761,490.8032079,268.8232885,1664.394788,1671.671031,438.8502234,728.974018,39.35207383
249,2081.384185,2261.306061,221.1359668,222.3423854,596.840145,323.9412112,239.891217,1222.194538,531.6943673,1110.822479,398.2198337,2129.802954,452.4057324,396.4748348,918.3824906,1111.384614,927.071955,149.9349141,251.7029578,605.9945029,296.8443845,141.6336,405.3335212,508.5509333,65.30224641,741.7401205,120.9916376,275.3883253,421.4362057,549.1671021,84.29064935,597.740871,997.8781988,358.7145511,1096.077416,1200.794452,258.9971082,1827.816308,395.2291441,219.8126795,1361.535768,291.7033391,135.0470125,287.4040709,330.8479966,131.0595572,195.1656731,195.8003961,304.7623781,411.90029,147.5063176,479.2966353,815.4695427,352.8874783,446.7468071,308.3029246,1456.804442,616.5607136,612.942365,80.67265456,540.3659051,481.0644108,192.7484688,350.2186561,614.182182,353.8506182,1051.665807,403.7178173,402.2596161,58.10450361,237.2682601,406.7521553,1568.993587,346.0424914,149.7322727,340.9686772,329.1029519,501.6597772,1376.764079,167.8053425,69.44852076,449.5732414,681.1122734,393.6951403,229.9246045,733.5837991,113.1634677,1164.703261,991.1620046,401.9774628,233.787275,337.7555288,997.5978314,171.6020154,246.7639979,601.1719416,539.6957299,857.5705159,783.1543047,227.2884474,314.7763768,615.7481636,446.3985756,717.0810526,454.3210217,735.6050307,404.7241546,214.6782932,380.1332276,191.6293781,356.191256,654.4226112,535.3838056,1574.949338,233.256571,1581.429938,225.4810521,583.2293089,196.7951819,566.9528599,166.6176702,1072.184841,152.1804152,660.0561641,793.0727965,1814.805175,364.7241008,123.0582997,1411.589008,563.231672,569.0590621,1230.527211,168.4925815,202.7351814,280.6973107,70.45351499,539.6238448,747.1123783,354.5831075,1617.244995,370.8107989,599.9974126,265.9665252,2349.289138,543.5658443,335.4461387,760.2754681,88.57664542,895.2344562,458.5444221,1493.61267,659.7737354,1679.304558,135.0697354,956.9930834,1413.66877,1048.603767,1273.312008,327.6382287,439.3563654,449.7754324,295.2461394,440.4102551,239.8386092,291.9664465,181.568479,298.4605692,420.1344061,701.5787841,622.9022569,800.9997083,669.4819437,111.2226141,226.9684904,316.264799,452.1568544,256.3107574,578.3307644,450.6540111,256.8273421,1665.030428,215.6213596,154.9328691,84.18498904,1263.067819,482.1307187,613.4128628,264.0964286,4834.269038,309.5486705,508.4387208,665.677012,239.9876328,450.352759,270.8611654,1620.297143,1889.587003,442.5166164,794.7601292,40.63841255
250,2039.298501,2373.604219,235.3862063,218.4027206,587.4398669,338.1642142,249.20117,1201.611861,565.6507168,1109.585193,400.9999028,2097.601258,424.4888577,390.3315101,863.2704771,1077.883499,917.0748722,155.651355,268.2033603,610.301687,304.290443,142.5815929,435.5433961,500.8447797,64.87681672,698.5004526,113.3398525,289.2587766,429.2151889,521.3141106,86.32318062,597.2299822,1072.441346,339.6157813,1055.259077,1261.808536,276.724593,1773.422182,372.9055393,214.3776051,1496.742532,314.6617738,140.4496145,307.3222533,334.7592631,134.6777124,192.884148,181.6994015,339.0680436,432.4680677,156.5530724,461.5089991,811.6662166,343.6520953,474.1767477,319.134246,1417.507356,665.8776926,630.1854369,84.26805817,531.9698311,514.1830748,186.3899771,346.925705,580.1321531,355.6353017,971.3440647,386.2366243,380.0945558,53.67891946,263.8421194,406.8389774,1590.776859,312.5876441,153.3779752,320.4483312,316.0040312,495.2644901,1348.500505,170.1883821,71.84937202,451.8115137,672.906745,373.1394484,246.687793,739.9012732,110.1898366,1235.47044,964.7351901,391.554886,231.0729381,367.552974,1014.487053,154.6872126,250.9996643,590.9618378,528.898794,859.6333378,959.9093902,235.3686514,307.0399571,635.1054215,432.8475843,738.2249438,483.6840796,819.9218275,433.8072079,211.8749336,429.2399309,183.109643,344.7586092,668.9424419,588.017249,1565.950035,237.8492485,1567.780575,232.2428593,586.4235123,190.4753555,612.0702754,162.0054109,985.4367872,150.8793292,688.8497001,741.8669644,1813.635845,371.1106584,127.2948533,1452.516331,583.044575,562.9850105,1242.467104,184.5642242,203.3012085,265.5046214,70.24542412,556.3546701,759.2562764,349.547042,1550.070253,394.2796051,662.3540633,255.1964971,2341.369025,569.5513501,335.1433667,820.3607112,77.56655405,848.9433586,456.4587383,1589.836629,679.9966067,1759.587445,136.3288134,996.4671978,1356.431579,1120.687781,1212.308908,327.7225618,422.8665745,456.1058249,288.2312759,459.2095526,248.7000804,287.7937946,186.2014637,319.0420536,434.5346894,695.9879409,599.7021087,858.5871133,679.7809925,117.0198209,239.5251893,316.0431511,424.7488583,291.9286209,597.6931588,474.9545362,256.2620723,1555.891262,214.4056232,159.7693975,86.33627062,1384.54619,542.7658827,632.3970197,262.1080547,5002.646603,342.8183499,490.3393707,599.654542,235.8880369,467.1675512,260.3197661,1618.748089,1932.358876,439.174192,812.5123013,40.50754278
251,1944.127349,2571.502226,245.6865625,208.82217,575.5036533,362.7323708,268.367499,1334.042889,606.7098295,1182.931983,383.748174,2142.232111,423.691592,354.9954681,764.2502246,1122.343664,887.4003743,155.2538705,257.569026,596.8702807,298.4811134,155.1772846,428.3030179,502.3884879,59.0880124,694.1969638,113.8886348,285.1912443,428.5517019,539.7184556,88.61477282,627.7555892,1028.266927,345.1767284,1113.144364,1272.580671,265.891809,1799.913636,381.9684386,224.6776083,1547.036547,336.6816759,150.140892,294.4659969,340.6470156,129.9527845,198.3174173,179.6860864,330.2848191,447.4975134,151.6101782,493.443168,800.650492,367.5677966,481.5551315,319.5089239,1511.642097,617.8773978,653.719558,82.05620501,535.43422,504.1359359,190.7211069,335.6896704,565.101447,366.5840642,922.1684182,381.4973476,410.0944603,57.53072448,276.3323585,407.9163208,1690.98985,281.5251718,157.2801978,335.8754862,361.5107373,454.3769701,1377.96996,170.1258359,71.35750613,468.7176361,678.3041951,367.6720927,252.602262,801.25268,113.8250113,1199.187265,978.2724886,372.7303814,194.56218,393.2187185,1013.095851,148.6514747,230.1743676,564.8821352,555.2581801,876.3389963,1083.896438,221.1860771,345.4263544,674.6504237,481.6585004,723.056996,480.4830846,820.7254359,441.4376181,202.1762817,440.9151053,177.3951266,349.7109638,698.5598469,627.8770955,1596.120304,227.0732645,1543.805623,243.9341215,608.7192159,179.7855574,630.2528214,158.1080589,1041.432173,141.282141,707.9633139,809.0199415,1823.092618,367.783254,130.0531379,1479.864991,606.1752146,545.2671264,1241.645711,193.9900208,223.0903202,259.4432947,75.63184692,568.4752002,760.5404372,357.8406927,1624.900347,396.4185483,704.4880442,269.4111278,2360.706541,597.0818349,363.6748016,875.621239,78.39612637,787.5648397,488.2824594,1731.875402,689.8393729,1734.937191,148.5278593,969.3042659,1338.97425,1135.509064,1261.474873,355.7404538,428.9621412,455.7120408,310.8254334,507.8071856,229.5504198,288.1685003,184.6445174,312.4778656,463.748329,747.3363651,554.3248444,901.0571823,705.8735624,128.5130425,248.0052229,292.3053321,479.6678705,317.416504,602.766519,463.6478066,283.0688641,1529.765841,201.7486084,143.6658578,81.46669032,1414.57368,552.57838,632.7821442,255.0316837,5317.034472,346.1037193,468.8919389,627.9684345,224.8019903,459.6944619,242.7273908,1591.609064,1996.159591,429.3746098,827.0779751,43.74856753
252,2049.212962,2553.826418,252.1594971,215.7109926,542.1227673,373.7606109,285.2237507,1298.294731,653.8201052,1320.662013,358.6358215,2010.790518,447.5613488,352.7738279,685.5749788,1187.197923,877.1956342,166.6443565,251.3965366,566.5322657,297.245722,156.9729926,411.7946941,483.5899813,64.42914097,629.0062212,118.6677179,281.6654305,412.8549872,607.8091252,89.14481613,562.107631,1003.510736,336.2025294,1102.229079,1183.474874,286.2532658,1788.865252,379.0536563,222.903458,1531.47706,320.0699064,159.7122135,277.9924873,329.6486637,125.233558,197.7398417,188.7459792,336.0977021,428.8376435,145.0216262,512.9533787,897.726193,361.9019743,465.9731674,311.9649547,1366.673649,631.9263849,651.8264921,80.37422911,550.0598121,522.7256266,186.9110955,336.1466963,573.9099477,331.7819681,992.7924099,383.9209345,400.4918781,53.61436954,265.0989674,418.147308,1589.209669,287.0716026,163.6771845,351.9129368,341.8653446,454.8174942,1418.714706,179.7791595,71.15685544,484.8436353,736.655212,404.4279145,254.6334271,762.8160713,105.1395481,1244.679855,928.9034585,364.028075,204.2255655,348.8963123,1012.458515,163.3927716,214.5278243,592.2275544,520.3096316,855.1734771,1094.271295,218.1939679,348.1409967,676.3365837,495.5802038,734.3932746,465.9558417,808.8267806,420.0135807,193.0257405,435.7786119,182.3048185,367.8641511,712.0898536,616.1093248,1630.313418,227.2557239,1729.715451,249.9309001,650.2960229,186.4955637,664.215072,166.0093925,1077.538465,138.1943826,685.66522,706.4616049,1759.665688,358.0429306,133.0941618,1514.580276,572.4115139,542.9499475,1288.677395,190.3599723,217.5422772,267.8073966,80.63441176,613.1456403,756.7895194,391.8984531,1734.700397,394.9843352,726.5902516,280.9114957,2142.260075,609.7613313,351.9183748,878.8262382,79.23020115,765.9164112,461.3191166,1559.948747,681.0674078,1776.303052,146.7200721,951.0443361,1351.42183,1149.041003,1381.938477,336.9313332,375.2663822,443.278145,285.5598693,487.9503178,226.3354741,289.0712253,182.4508273,310.1734096,445.1317089,728.4820193,554.0906053,937.4759861,733.3381967,140.7435227,258.9916978,301.8951128,463.5543398,324.0235499,569.850052,462.7037595,277.2868316,1552.061556,212.3128551,147.6690406,81.47078448,1448.142552,549.0417989,673.3006129,257.0588649,5177.12574,361.6022002,426.8721776,620.0189961,237.355408,513.0603452,233.7623729,1593.144465,2044.935254,415.7851815,836.0387988,42.22809722
253,2125.269192,2418.802207,260.9719798,215.4094683,530.2021373,368.1769806,281.3095116,1234.875093,662.6108811,1395.259869,366.3390443,1956.632839,405.2218325,365.2345395,765.3933901,1244.612181,875.7934103,167.385629,237.9427643,588.2839144,271.3948706,170.3652732,399.3933891,477.1713079,67.62148207,593.2773807,117.1319707,272.4125784,410.4769084,632.7142789,86.13843268,569.5483357,998.0144619,353.9087711,1192.622613,1273.911106,293.2451655,1899.575889,371.2338773,206.3866805,1742.07132,311.7777578,152.2164148,287.6950172,366.0782321,121.0315974,206.6658676,181.7994165,360.0697219,462.1281699,160.7784683,512.246524,954.8463355,395.2683676,493.3081929,325.9891503,1489.45849,603.1694204,621.9370612,81.58218902,571.0736398,476.522242,187.6914696,336.702755,626.1235415,345.1047007,1007.602679,415.6723826,396.6676417,52.42746245,263.007344,456.6910063,1674.612077,302.6872633,162.4820744,362.403612,346.0097285,446.3209388,1368.571587,180.5282463,64.12697058,509.0851282,774.2387087,392.3229222,256.1019164,793.1247703,108.1616536,1231.745272,994.2048392,368.5387893,208.36298,365.4209099,1028.361646,159.7016974,220.1808668,591.5117902,529.1518944,921.1496953,1170.925012,238.975442,340.6779961,652.4856419,494.6066203,701.9338455,462.8986709,785.416745,432.3942936,201.6102456,411.2929412,175.6772825,394.2235627,667.5157951,534.8852381,1718.755877,213.7232109,1708.01804,245.4533016,685.9624822,187.5398628,575.3098099,163.6455663,1163.051427,132.7985091,711.1645817,741.2269639,1837.856592,347.3091304,131.8154504,1562.265749,582.7681854,545.4188987,1296.010183,171.2784839,229.9267607,281.8657318,82.43117796,672.3139074,769.7215118,415.9296661,1700.697017,383.1484608,725.4173265,260.070742,2264.577903,652.825143,337.384049,973.1918731,76.42327228,780.3665053,455.8860522,1585.964794,667.8797023,1861.416722,154.4939269,936.8273087,1370.407491,1121.224561,1345.253653,299.2204685,403.4611983,456.9912488,278.1095633,497.0585186,241.0667149,273.3657623,185.7488774,345.7376812,439.7958464,772.205898,571.0272389,951.3142514,677.1997257,142.2457715,248.8597235,309.3902588,478.2376478,328.2532104,524.3581761,537.7485944,283.4532544,1583.925962,206.3187456,145.874245,83.88556969,1355.685032,617.5584718,656.253009,240.6767287,5073.07873,373.2162431,454.6663925,615.8959555,228.3048406,502.326099,236.8972671,1634.474921,2190.328343,410.9217376,844.8006663,39.56314865
254,2180.366928,2324.510077,293.3244944,208.6944605,529.1677578,357.3301066,283.8875638,1182.510193,646.2967517,1333.892388,357.3224133,1966.662835,426.7996307,365.6949136,732.8191625,1281.275532,919.4876993,199.1403384,255.3668565,564.0201628,269.9897625,169.925277,401.3691513,459.4737954,73.7480603,603.6669465,118.2977328,312.0577019,447.0030593,606.5596661,84.98232832,617.3290133,971.1065334,332.2391311,1181.185871,1358.054359,288.2492181,1815.319496,333.2639827,223.5993044,1856.992836,314.2029346,151.2681794,301.0420922,382.4504567,123.4507592,206.7389902,167.6899175,348.1654599,454.0681502,157.815143,508.3028627,989.7957861,428.0349609,473.0548192,339.5842033,1514.95754,664.895007,609.5567683,76.16688917,537.2298767,450.0896396,203.4589426,337.7910612,712.5570893,370.3433813,1006.084426,406.2457349,378.8931698,51.02932959,281.7745256,447.193032,1684.500655,316.0947883,163.5824566,403.0370117,365.8390782,460.9660811,1534.343463,174.6081946,68.99452436,485.2753018,787.084185,399.5039749,260.8534261,733.0790338,112.2237231,1268.932708,1050.574082,391.9752663,212.552038,364.8774335,991.5992926,164.7084148,212.3310054,596.4296307,527.7146523,842.7267096,1160.409655,247.2843197,335.0318515,642.7879563,534.4525092,707.7473163,468.8378437,795.5096074,468.0349895,197.9193673,430.6887491,169.5176579,365.215917,726.5256589,483.6772359,1670.880259,230.9812933,1629.832378,212.6897286,688.210915,198.1271192,622.9088229,170.2654488,1103.017061,134.9528011,726.5520619,774.3377027,1820.383288,327.2101985,133.059305,1774.005883,617.9956035,485.0792325,1259.447297,172.8617234,228.7026468,287.0431888,77.03589847,604.075571,727.3732296,414.8691223,1638.924092,381.8895171,660.9136698,261.4755326,2149.862547,684.0593139,339.4440136,996.3838636,71.70477017,820.6123432,475.7795029,1679.703085,676.3731746,2071.338593,140.8469044,1023.985855,1392.881063,1092.743326,1258.28718,292.4917858,418.7423149,469.9684288,297.7032139,537.1893028,223.1137898,319.1735247,182.5651968,354.6917758,457.2347283,752.5517463,606.0511544,993.9868688,716.6333896,134.8709169,241.0933167,316.6661156,468.7064074,320.9900425,517.0809381,551.3657256,266.3678322,1478.651834,199.574063,145.7159304,86.00814509,1406.709877,636.5576462,686.2448443,274.0942254,5206.369385,357.2595332,498.0905381,627.0035242,230.3005364,500.1356941,233.5269388,1628.857296,2175.225287,415.7053786,875.9473608,41.33339891
255,2131.258629,2281.977836,296.7378325,203.4704804,532.9008246,376.6942649,264.0169876,1195.226252,634.9467476,1339.270594,330.8195057,1959.934628,440.0362519,360.6078631,765.1283464,1288.623112,1028.765798,200.8552315,247.3911708,590.9084201,268.5706779,166.2860174,386.6430135,457.6226811,78.17422964,630.8118555,115.2180467,291.440327,436.1096934,580.0227145,79.60459524,668.024432,969.0136579,335.5072468,1181.520576,1389.561061,299.9182778,1643.252356,363.0253692,215.1290716,1785.6857,324.9765467,157.6114699,325.4499013,414.3492621,123.7959238,198.6173364,160.9750246,343.8341552,458.083223,140.4543788,529.4417529,1118.140149,447.7970721,488.6842312,333.4441801,1586.150303,664.2098814,596.1746424,73.85067979,604.4517892,453.5878278,224.9663311,337.8318896,774.267445,369.3823425,1027.122694,410.36098,356.0365755,53.92597848,285.2821778,456.172965,1637.638154,320.2062685,159.2785672,428.1308192,347.6599221,481.8901311,1736.266706,156.0172208,72.98372264,481.1569078,773.4006307,401.4321093,277.4662918,712.1510517,113.735334,1164.040641,1119.134814,416.5999991,193.0428922,363.0493471,1010.388032,159.9487181,219.9255413,616.7538543,484.6078612,894.7711715,1159.318684,244.592134,338.7282715,668.6518192,525.2027482,698.5092814,508.2647014,777.5711399,473.4963105,196.3425623,435.870875,184.7579198,348.2240896,738.4757267,494.0176554,1675.246092,249.643693,1603.211542,218.2860356,702.6879273,200.2910111,605.4439488,159.5312538,1088.098386,130.4940739,702.7036476,702.5305012,2027.777454,312.6637461,132.7691749,1703.4827,609.9373339,479.9560174,1248.584559,177.0341752,231.0947261,310.261924,85.53666045,566.7247368,783.8765967,431.6590623,1566.278992,359.2821616,719.4845597,260.8521643,2425.143587,707.0040485,321.2950578,1085.79603,70.62798584,840.7672511,477.3172107,1648.545774,727.3962469,1807.591658,129.1059808,955.1182671,1375.032408,1110.610733,1471.928612,294.6049046,433.9921218,499.215212,265.4985313,576.6992927,246.7016607,298.6779253,185.7856355,352.68515,489.6112076,720.7857161,648.7974844,1011.490334,768.9854936,130.9526062,229.6630841,303.7620286,454.2354383,346.2938937,568.6252255,597.0231164,290.4475498,1648.292706,203.6931574,151.6159411,83.86666242,1358.551873,636.9003704,638.7657125,288.4639813,5654.889943,359.9904483,479.5233358,647.2887476,241.3276831,496.7697021,238.1251776,1589.31281,2095.773446,392.6964884,956.6362058,41.69958782
256,2241.033161,2151.258413,293.3739484,212.0480225,583.3685027,340.0272329,293.3707317,1313.709277,597.1875567,1309.124959,308.4708283,1811.135408,437.9834465,348.8895159,757.097579,1267.639957,1084.258153,198.3559864,251.7100078,584.2428294,288.7481972,173.7279079,402.212954,463.7449119,78.54772236,647.7544894,110.2501644,288.2103764,444.6010719,524.8575681,81.22466159,695.9852161,987.0754265,322.960997,1143.860079,1390.126705,283.6604798,1665.489532,340.4821153,207.4443394,1927.934122,342.7386197,149.4644488,318.0764048,392.7911263,130.5597852,183.4664885,158.2850295,338.9468953,440.4153579,145.3022808,508.7371042,1078.516733,423.6512347,485.6571383,328.8053402,1636.694056,687.6726276,601.5682116,79.66489567,559.6510281,468.7720953,231.2872757,369.742454,856.362005,346.2309227,1014.319667,424.9739058,368.7299652,59.55534144,276.0606458,456.2078405,1673.02018,323.4191519,156.0755784,417.6437443,345.4935078,525.9761898,1676.492149,152.1785877,71.82145471,442.3777602,743.2521393,395.8040316,257.4251631,747.0261613,112.4488313,1114.693097,1249.3144,414.4657473,180.3164583,382.212098,1044.11864,169.3516375,226.4343806,578.2411305,519.6362414,937.5818719,1229.524008,257.0895906,353.6338336,659.4752989,521.3611168,680.7946135,497.6896215,769.7211805,458.4583348,183.1110035,415.7017862,185.500104,351.0040727,689.5163909,532.3926918,1536.825878,247.3483587,1573.996329,213.1603372,718.8818835,215.0111391,632.6380601,180.0145566,1009.907773,140.4902673,674.8832927,701.0942406,1967.054498,319.7931297,126.645847,1674.241616,658.822051,492.471016,1201.542949,161.015122,218.3087988,302.6107332,82.38580724,599.9892796,850.6430651,454.2902885,1703.494854,342.8072542,655.752585,272.3892238,2442.517297,739.2921935,331.3259729,1109.011462,71.90623555,896.6933686,493.03,1678.984661,760.4027969,1907.479846,130.6372868,935.5845517,1385.217835,1123.109037,1552.710975,289.2375531,441.5629252,502.5786288,270.7416184,604.0864727,249.7188225,324.1414244,169.6242158,326.987437,475.4006527,688.6675347,648.6415041,972.8637899,755.0551913,134.1188726,230.3715165,305.7921678,442.9912775,337.2214919,563.8800788,598.5670354,260.0549444,1672.568335,236.131618,157.0639138,84.64424412,1224.985604,633.2625317,675.6180252,284.0949524,5731.443188,373.9020574,485.5877153,680.8260246,247.9714423,493.5544084,223.8682137,1629.381984,2268.216394,411.4263549,921.6208596,45.48118038
257,2170.259744,2202.436054,302.5176393,215.2243437,652.1335189,341.6232973,293.3956869,1326.199589,597.9311507,1264.808102,305.1587143,1863.422618,465.8902645,329.7945839,715.8817929,1304.303503,1090.282066,187.855109,279.6036726,573.0945911,281.4321347,172.2681446,381.5983271,497.2869455,80.17989621,611.7651262,111.0957773,286.6407703,467.1237254,488.6412054,82.62688482,733.9528358,981.2330481,318.525453,1131.049041,1369.828232,266.9798573,1671.089465,372.0207618,213.1524274,2184.507917,363.1654468,150.0122917,320.5934513,423.3372338,140.1706676,186.0427262,149.653817,355.5224832,433.3475664,143.2362665,487.2186098,1105.154905,419.5498383,513.9194015,314.8807404,1651.31985,646.6437354,675.1827927,80.25190544,581.0822974,444.109779,249.4472943,366.1512172,972.7015789,382.9351487,966.9112184,432.8533795,359.4897111,63.65172502,272.7324864,464.3196474,1732.437432,335.1623977,153.9373995,421.118648,302.3790587,583.6327159,1555.99122,154.5828354,67.3019317,426.3365869,833.6562318,397.1924285,248.624462,673.5717601,109.6110745,1103.096085,1160.253351,395.4626693,172.2420873,402.1921363,1102.581663,182.2155547,221.237159,601.0807636,527.2256414,895.3905669,1171.922511,262.581,340.9949084,708.2044293,554.7829714,657.495897,483.3095026,852.3914715,455.848678,175.6290785,399.7261231,184.6543208,341.2384325,692.5500938,519.9404609,1643.448984,240.9974688,1648.489322,206.1171012,775.0707961,212.2370556,663.4053948,202.423313,1005.563027,138.7933326,640.691983,715.819234,1809.497157,344.190886,127.6474029,1725.340335,640.0034874,512.3466485,1159.360114,177.1710516,200.8191479,310.1500904,76.29411079,591.4679352,894.1814298,454.7692835,1644.887613,352.3164442,596.8803174,268.9396612,2300.142875,681.0343695,352.7653655,1083.981269,69.10139298,905.5749221,523.6896054,1545.004602,710.2103487,1768.367432,141.9894946,956.8238643,1367.46927,1084.556261,1550.270351,307.2274522,434.5073771,494.3173904,279.5172481,638.966411,240.8458648,308.4184994,171.7982387,312.150724,509.5198686,673.2473157,654.4146982,1017.957923,761.1811082,130.8004988,254.433683,303.5355294,430.6572806,350.4821299,592.6664458,565.6533697,280.4322169,1639.12325,232.905885,182.6417101,88.83139255,1188.777229,680.9823778,647.484186,262.1422445,5181.969936,383.56328,486.3894123,713.249668,239.4368729,517.2478342,224.9553995,1580.865173,2247.699285,422.9280029,902.7755318,44.07595578
258,2054.715272,2231.285484,295.8752701,235.6841578,709.6653595,358.6548908,294.9643168,1392.679581,588.3616409,1252.336502,321.743404,1814.334306,483.8142257,305.7608426,660.4318151,1168.442052,1144.128494,185.2658978,292.2802422,526.119375,303.9904001,175.8777289,363.9519991,483.1574967,86.59345538,690.6355528,119.4673251,285.9806884,460.3686095,504.1118777,80.00118816,733.7844696,987.5689562,320.1589628,1193.199291,1223.930027,271.1093824,1571.099374,348.823691,220.9804233,2151.341302,342.3035098,144.3581039,351.32749,460.4312208,127.025544,199.5161575,159.5433715,382.7520621,436.9996882,150.6717295,523.3520902,1022.452641,405.3657605,549.9220072,285.0209238,1608.561185,681.9178805,712.9655519,77.5630054,636.7278906,482.6134059,252.188743,355.8816314,986.8647434,380.4634197,963.6483523,404.2026644,341.2480164,62.92726244,287.4731054,447.1889269,1770.600749,344.5070277,168.8882553,422.1206633,317.6631957,559.3553566,1669.871701,163.5937654,64.23340566,444.5509232,850.7844393,433.7462102,232.3704113,697.5093464,103.1300924,1093.685315,1181.0441,364.4548551,185.4681757,432.6807337,1064.086356,196.9433914,228.7628063,567.3854364,507.7275313,816.4862863,1182.248711,285.1801546,328.5566848,714.9467476,569.7205552,653.7790946,473.8354908,947.6128663,455.5451447,178.0234956,375.7102594,190.6073861,345.7508441,712.2360694,550.2897167,1740.162911,251.9368268,1772.562435,199.5713724,818.9165678,208.7835385,736.6691503,190.1483295,1038.968038,155.7520451,661.885948,733.194246,1687.591714,343.781205,128.6194175,1776.797797,648.8414176,556.1946945,1201.706748,184.1448096,219.9819711,298.6744275,84.14606828,573.7048136,941.2283075,440.6088746,1716.109284,379.0813109,590.4683577,270.8664775,2302.325522,685.6673035,340.3603186,1133.485799,68.35285468,936.5912505,545.32655,1487.135803,753.6683288,1893.101803,156.0030324,901.4566552,1301.006702,1101.437103,1705.424796,316.6758865,419.322706,509.8614688,264.1384482,695.0669914,246.3529534,287.33338,173.1228707,305.2764176,459.5797525,658.7736661,643.8933194,1059.275122,799.6954217,130.5167041,260.7970092,317.6140073,432.8027047,359.4306932,639.2775336,563.4855289,287.8724513,1602.369044,225.2020332,177.4095891,86.52963159,1218.179571,681.918814,676.5814539,255.5699615,5147.298201,358.1726748,477.2554219,737.5568799,243.9475592,496.6790955,215.3673703,1458.998275,2131.424239,492.8520506,873.8980377,45.18188761
259,2093.172635,1935.590166,281.7584679,245.4952962,703.8685318,361.4132134,302.4915206,1290.442307,643.319903,1335.392906,320.4284753,2031.943623,528.6674038,288.6947756,713.696512,1163.921942,1310.589067,189.6268301,277.7240375,549.7092487,321.5014144,178.9462581,353.5237769,528.7365877,85.23895514,718.3220054,122.1600905,274.0734096,498.5256846,553.5905437,78.0496581,727.2814845,975.6058595,348.5298689,1215.318058,1272.192359,282.7383612,1472.242655,348.158719,230.2981313,2238.822944,313.4392578,154.4715205,340.4860927,456.3200946,129.6190918,202.7536543,162.9745304,434.5902525,468.5045704,169.2428413,512.585031,1071.254281,404.7726712,540.5544989,315.4137201,1546.043097,742.3743025,747.9020193,80.70927785,626.6358938,484.3054109,240.2486953,378.481565,982.9052482,381.0423915,891.6271859,417.597804,364.8041263,67.0688035,304.429156,461.1195984,1917.187333,348.2302891,171.6421694,430.2369732,316.6284446,518.9480801,1674.849461,161.0380291,65.25289531,450.2493657,855.0628018,407.8893011,231.2833424,716.3051679,109.3384597,1101.958858,1106.419501,359.5419297,189.5717702,453.5700094,1046.920527,197.9709707,230.8446971,604.2727673,477.3290635,809.9098598,1208.213336,309.4053687,318.9900699,731.761665,602.5712295,646.9289625,475.5431385,951.309859,442.7573932,189.3980148,375.0952967,177.7563434,340.2081403,726.2219441,597.2331665,1761.743236,240.7136667,1764.437299,206.6685525,812.8740322,199.9123406,722.0297646,180.2567134,1025.895029,169.8819312,706.5949002,707.9239212,1678.450888,334.5803887,114.9708825,1684.768667,667.2193244,559.4981199,1142.039711,180.3067606,226.7634225,291.9555263,88.89619294,566.2242569,920.3488754,470.3804855,1711.975185,390.4441026,589.2779535,261.8132891,2420.788349,716.6071658,321.5736359,1178.416276,72.39708609,865.948081,543.9519757,1560.82505,837.4158133,2049.81225,172.8693039,963.5924521,1293.858635,1156.439145,1655.485909,302.781789,426.243256,529.730543,245.2028308,707.5784579,241.60285,280.1942701,173.6318051,326.7807929,488.2725953,628.3204466,726.597776,1151.42062,742.8117965,136.2874751,257.2099586,345.7246723,398.4823666,364.3820406,632.0621638,534.8950288,255.3439964,1485.27991,225.6286203,178.317967,90.24556358,1174.542859,672.590685,701.3505587,268.8727686,5483.627073,310.1389209,457.9893609,783.6655987,258.5111049,555.6731687,197.41249,1402.669297,2212.714131,526.3684887,917.1918069,46.59465544
260,2194.973384,1970.400059,268.1951154,245.8032812,706.577289,339.4873983,303.1880608,1281.141577,681.983805,1313.950247,316.5692348,2221.914481,527.380506,300.9535974,714.6206869,1228.872399,1284.879234,198.0326087,288.3603016,587.4548554,289.1161215,180.453788,372.8030739,482.2837689,84.69918496,654.9340764,134.3703793,270.6595246,519.2248848,569.674947,83.26260357,735.2080026,1003.956289,367.8713083,1207.155126,1311.411401,293.6191771,1489.692546,316.3321201,224.4933313,2177.619398,298.7246299,151.0554234,359.2162651,443.6549217,130.892199,202.8032931,154.7295913,458.219801,449.0420998,162.249971,538.3785271,1081.625515,399.5775287,550.8318936,348.1341441,1512.101586,758.6579157,793.7680128,83.94043237,608.8074636,542.4811031,277.0942126,408.6489937,1100.544844,342.244459,894.4655039,419.7065893,380.4982628,71.3580463,283.1807026,469.0004342,2014.323067,339.3947695,182.1007784,464.6119191,315.7581403,510.205081,1680.787678,157.9989841,67.60639404,444.8538987,764.3370532,418.7283998,233.853267,731.3903245,96.92025055,1218.643257,1110.134172,401.1837321,196.4611907,459.0406676,1034.33851,199.2690887,259.1741271,574.9043215,452.5719268,769.668139,1190.147311,303.447048,319.5160886,675.6560422,635.1149644,664.9815591,528.7826902,896.94074,438.0063158,190.3148011,362.9054171,183.2079271,340.4460653,710.1077839,577.5238938,1867.991944,243.0136987,1665.954201,216.0247234,835.6903408,205.4343366,755.3275206,179.2080327,1046.075815,178.0045602,729.7821958,691.2239529,1721.25907,314.9181829,113.7242761,1800.239005,647.3193949,548.8330484,1143.759764,186.6584366,245.1736711,303.0567592,87.6878449,553.4606512,944.1332789,449.3910494,1811.354387,375.1500212,581.4366445,276.5537385,2697.657483,723.5064057,334.6972181,1203.54182,67.94521748,887.1544281,552.0188824,1672.813301,790.0771301,2157.531993,167.8807073,941.9685778,1189.624547,1198.033217,1603.077842,308.8839544,423.0647661,538.4520149,260.3153487,692.882238,239.6068316,262.7728133,168.4426837,324.1181987,517.4561629,673.1122408,718.6118824,1182.696154,689.5389431,126.1746483,266.9502349,329.9169313,405.2590355,359.5389831,598.5521484,562.4300592,243.5257077,1496.988525,205.3623806,183.5744669,87.66024455,1279.703905,701.3153324,747.4874056,281.4227301,5926.033742,305.4690385,473.1408494,836.4256313,270.9884289,598.9381836,195.4805762,1376.751451,2172.511947,529.2966438,854.1527856,44.80751049
261,2302.113768,2071.950411,265.4205244,246.730498,686.7072882,331.0140707,305.4502138,1263.564178,717.4724431,1246.844946,321.0020759,2343.242715,538.0434006,296.3548159,762.9742687,1313.049622,1433.208486,201.210141,326.7013452,597.3375115,285.3638223,192.8312819,374.1179106,459.2397935,83.32456277,670.5056114,145.9801528,287.927796,525.4850001,636.5350872,85.58948987,780.4099384,948.6234697,351.8431223,1229.615515,1301.456959,290.2197176,1530.513733,303.2165697,236.745166,2305.153109,298.54621,157.5391034,411.5798271,422.0591398,134.9376874,204.1034908,153.5701914,466.1515763,482.6725396,157.241672,530.9258358,964.9406373,395.9449715,574.7242645,352.246716,1682.309929,743.2968655,774.4937417,83.93895347,681.8712452,476.6209692,286.1061204,403.3882707,1168.823265,351.5506265,924.920708,387.7791716,376.6902577,69.10442633,284.2218373,468.9998768,2113.423245,337.2805616,180.7645038,456.6115372,333.597118,509.6123186,1830.316005,158.8695497,66.1985386,447.6798318,835.0764094,400.9308812,242.5521454,749.0585849,98.14213443,1195.015437,985.6133651,424.581977,189.2237607,496.0655653,1015.45775,199.1250383,269.4625048,573.1103951,471.7459854,773.8455201,1270.041707,311.5098275,320.7232721,672.3991061,602.9307379,601.3076909,571.1838611,926.4471663,406.3519666,193.7990465,357.9937715,166.605384,326.7726938,785.4515139,590.110689,1825.985334,249.8310978,1680.313951,200.8562404,841.3023501,198.3080726,764.9517125,188.2703408,1009.56785,169.4116333,721.130209,764.2429672,1576.610464,334.26891,122.9700313,1696.112842,598.8838701,496.4597804,1162.789783,188.4850513,265.8994274,310.955273,85.62179648,566.6664754,953.8326958,457.4230834,1916.490455,372.4482103,587.2702934,278.8166967,2757.082704,717.6391165,306.0433407,1182.549038,71.6200265,943.7105845,579.1129882,1656.429934,798.6833132,2088.914376,175.3190122,1032.010182,1244.605837,1162.292137,1506.151544,292.0219366,418.3376277,606.1446454,285.6638185,688.0566136,274.5514686,253.4147285,182.302722,312.6070426,539.5014925,688.6906845,700.9730655,1215.491661,771.7759403,132.694693,269.9394169,352.324299,396.1739665,387.195905,565.5694439,594.7054275,227.5660716,1476.253776,180.3259249,179.6592564,88.86820048,1220.630561,664.5390322,689.089859,315.4914607,5806.92655,312.1846395,489.0553437,879.0963528,275.5280536,571.0501801,200.3544673,1312.310964,2039.234044,540.0180287,866.8122966,43.10125231
262,2372.396529,2096.500126,242.3733794,249.7938546,716.4124646,342.7247395,268.9266804,1181.234392,723.9230716,1380.331419,334.1676591,2330.514738,544.9497844,297.8957132,730.9374199,1339.823505,1465.842335,200.2881384,314.2646575,617.4302402,302.493412,185.7178575,377.8894982,445.0145251,85.14687828,645.376812,129.9111207,276.585767,554.0887923,645.1036667,87.89399805,782.2670446,871.896231,396.8456164,1254.779604,1341.202902,277.3291971,1721.025536,300.8140667,232.0915829,2315.095205,323.8620716,153.4759888,398.5835881,462.8219899,137.2450815,192.2227863,152.5827169,471.6993638,476.8046928,165.5279478,579.5045826,1016.371311,385.8028815,570.7578761,379.1806123,1753.219595,719.8381002,718.3606793,81.48069704,711.9272543,455.5055006,293.6291089,428.6700166,1150.578892,364.5210241,898.7455232,378.726096,380.5720034,68.92249359,284.596153,481.1070261,1902.088312,352.3258104,181.6978596,436.4199009,324.6723278,540.1130478,1780.543898,169.8289299,64.29011819,442.5982461,802.1040963,399.7025494,243.120148,820.1315652,103.5892211,1167.843773,1029.099923,409.2883686,177.5220328,495.801238,1038.698059,199.907935,277.7245402,555.1948693,480.447532,755.2127938,1336.426839,282.2608095,311.7023257,706.9165812,660.8504986,612.8304771,549.5907731,952.0025283,384.8480279,182.4089787,367.1436183,169.4703806,325.198221,796.4623035,525.4541807,1874.090763,259.6018717,1666.860145,199.3066068,894.6012803,194.3192372,780.9936964,194.7467163,979.2456312,170.2593259,709.5303416,691.1261476,1642.39455,322.0439071,134.6037477,1825.94013,585.952388,516.0238956,1108.805423,208.8956774,252.0681278,323.415622,86.200236,586.5464235,952.683327,430.8438665,1847.509397,348.8662137,549.4788487,296.8872982,2586.352865,679.7102559,291.5853831,1209.845204,75.36753077,952.0852677,579.2647099,1708.310111,780.148623,2061.696804,174.8120783,1074.937938,1208.633861,1161.352345,1647.33804,266.559932,408.4785584,607.2586817,283.9371001,710.4445121,276.5375629,224.5098397,192.5564724,323.1641473,535.9258215,740.4988405,732.3242474,1161.650576,871.7077941,140.3787956,266.0451418,336.6864733,371.4586155,382.0742014,561.2553699,582.3595526,219.6265734,1501.900206,191.8844536,164.0972188,90.11269067,1095.86636,617.3816766,688.5176134,290.8823979,6071.583269,297.9002934,506.1674015,855.9806924,299.4066579,609.0567873,194.7400251,1413.49703,2086.417321,542.665842,925.0313571,43.49410206
263,2351.60168,2178.727784,243.2433662,245.9701066,680.239381,336.9568207,269.7385046,1116.106647,769.0812931,1298.579862,334.1057206,2327.952878,604.0745665,308.8794854,789.7458363,1256.83998,1356.186446,200.0108678,293.1510954,658.6712056,292.3132255,199.3327394,364.1023631,481.3542752,86.76850328,622.5014661,124.3657814,257.2168592,570.1010933,657.4687652,86.71420701,883.1221598,809.3103393,428.6543446,1164.071339,1380.809446,297.9636027,1770.852171,296.5902198,263.9945116,2201.643793,321.4725036,160.2588043,404.1723725,482.0973025,121.689321,213.9321574,147.1582937,431.2112672,498.4156385,164.7629845,570.1560927,1067.351803,361.5413772,521.5195638,342.2691884,1565.451524,756.6991604,652.0271331,75.71577531,748.0925221,426.0082996,288.5343613,410.7315848,1076.864094,374.3488814,868.4160325,366.3479386,434.0307631,70.3414743,292.1099748,495.7567361,1907.926821,373.8916035,162.0633867,441.0921628,303.4590502,509.9975139,1811.824328,186.0731809,64.1084076,461.5755376,831.3220654,415.6541543,244.3233595,786.8087047,104.0266753,1183.948324,1037.829627,421.449614,197.0443536,469.9752418,991.2197921,198.2898481,278.9277287,572.7799998,493.6610287,770.0840429,1402.076173,306.9128898,318.4973358,753.6876039,680.8083488,655.2035257,590.888549,1016.288608,397.4077461,188.2718101,366.1315476,182.5804123,365.6711725,866.4189416,481.0280956,1870.43069,297.149972,1473.319611,186.3536132,785.4601014,179.2576058,861.0407908,191.6181582,962.36241,165.5060644,733.0187395,643.878154,1602.980157,310.5627401,135.4953724,1863.597061,567.3970759,544.2330958,1097.594334,206.7958348,264.7504234,329.2850892,84.03015428,550.1368725,1008.21273,409.5514064,1918.475429,354.329093,640.2261865,286.8750155,2441.69199,695.0147291,304.1067599,1129.129532,71.27961686,915.9649817,586.9404592,1837.386171,785.1794608,2033.521547,176.0575136,1094.131533,1122.428747,1308.114035,1572.196676,248.9393814,423.3141238,632.2428214,247.4926607,695.7114267,290.4663849,237.2370449,186.405688,301.9993042,520.8603105,706.1539234,729.234451,1177.2876,944.6421319,136.5626272,274.2001043,325.3227124,407.9959122,371.5772448,563.491128,597.8073737,205.7905407,1389.622312,194.7916905,166.1602066,86.83639268,1148.000276,628.8030123,670.9681615,291.5674725,6800.391357,310.9999081,526.1889288,845.0175347,278.9700408,596.3880472,185.1696051,1432.202878,2029.138825,549.7172151,966.9707625,43.24919627
264,2346.754607,2180.346772,247.6474446,240.8691346,702.7791764,337.8749913,274.6725107,1124.673365,771.9603637,1252.800679,360.9993942,2566.500256,627.7375378,311.9234995,864.4913892,1361.947894,1398.072137,204.5777389,293.228451,657.6569822,293.8091056,212.3011285,384.7007248,462.5186473,86.69276584,598.3956712,126.8899427,262.4538274,589.4772561,688.206522,88.70279484,940.281997,762.2396483,414.965962,1134.790431,1413.207007,300.1562978,1820.421881,305.1790986,256.4557509,2155.864844,301.6122114,173.07477,486.5705727,479.3047867,115.1463314,203.5615331,155.6174691,444.7940072,538.5769655,163.7658845,587.8749645,1011.590259,333.3496473,509.3504489,354.7721104,1632.022442,704.5783915,649.5830885,80.69326494,793.9829278,426.7219946,295.2429917,409.6744474,1065.228901,369.0405529,947.3509055,353.5199631,388.4686298,69.84781488,275.6324582,487.9041739,2046.989904,382.0051486,157.789788,455.0784389,283.9438783,517.8404327,1800.223823,185.0071187,65.13097444,484.4265301,758.4252001,407.2392635,254.3380305,791.1862602,104.3777089,1184.705225,1224.625728,399.1933381,197.0939107,507.6229583,997.2222925,196.3385556,274.154468,545.345718,500.4599092,671.9650114,1279.640066,355.313435,278.1445422,720.8917176,738.2315654,709.2905981,615.5131963,1017.282288,385.5534663,189.9442034,360.0713895,178.1467435,361.9471936,883.1962199,475.0794284,1908.732106,273.0496085,1402.787843,183.9494091,777.9465481,174.2424779,853.0693959,180.8019753,989.6504621,174.9449916,646.0772358,640.8760633,1628.102337,314.5713792,140.884034,1872.214479,594.4775587,608.3867749,1056.232913,216.3701893,268.4276198,298.1397975,86.32484088,533.3705238,1021.382897,424.2534284,1923.56678,356.5771443,639.103516,288.8018849,2464.894076,715.9522756,312.2656097,1087.775462,76.59141988,910.0628476,581.5373129,1719.529385,738.5604871,2229.138296,162.9450414,1013.290306,1117.310814,1351.826029,1627.24101,253.4533117,416.6480348,643.9898987,253.1474828,693.5341225,302.3557119,223.9027828,205.6156397,298.4730648,522.771712,757.1706061,750.0619856,1137.273152,903.0829052,144.4438523,291.7074849,329.8282381,421.1206782,373.8406938,626.041297,576.1332187,197.5621542,1410.496819,190.6202026,166.0256206,82.4930799,1123.066312,642.5789235,665.0932628,292.0124661,7146.052087,313.1159233,531.1551504,848.4671531,281.027098,590.6577176,178.7720391,1454.366897,2403.961698,569.1844498,960.9629693,41.15974363
265,2281.980546,2165.726063,262.8145861,251.4094001,788.1409954,325.9806958,268.0573712,1147.215474,807.3813728,1377.685058,348.3789826,2598.081607,571.760108,323.7460129,897.0234349,1434.284379,1384.269476,189.9355158,310.1980757,659.2390927,286.6522963,204.508179,373.1782926,454.2769359,90.43904225,592.7928116,120.5992401,261.4760824,604.8741697,718.7360712,85.99307564,1000.446241,825.8468578,372.6269976,1155.630205,1394.22924,316.5302091,1992.641386,307.8320629,260.0235624,2144.120689,281.8350191,188.444368,480.2429479,480.5348999,118.082571,179.8390799,162.0126498,437.1116728,522.239937,174.7834125,627.7424388,995.5409277,325.2688075,563.9182527,336.242778,1665.38989,744.4691558,650.2451754,83.33542941,796.2570919,432.304361,280.7042783,403.0525118,1134.334243,383.2535153,890.9125073,374.1161698,386.374491,69.12145505,276.7231995,475.1356505,2193.46791,410.2067991,169.7743853,493.6607369,284.7438979,483.9482457,1797.19591,179.1429851,71.41410575,461.910955,729.5698392,413.569915,262.8466417,779.9086968,116.0006084,1094.399493,1224.519181,425.8088777,204.8503821,526.6104762,1029.437987,202.8148055,290.3967955,594.0365767,522.1637367,634.3122481,1270.813546,331.6330666,288.3451404,746.0009615,818.880696,642.8874978,605.0396862,1020.514635,385.0969799,214.4182402,340.8198258,182.3186572,373.7402555,912.8498654,503.4825973,1754.790862,255.902244,1484.80317,188.112803,815.263461,163.7437854,870.8101053,189.1411307,1005.129039,186.0113356,718.5609794,607.729023,1626.219724,313.9748489,143.0664958,1951.117335,601.1925983,591.4001984,1020.105073,228.6211366,269.2951504,277.602266,82.39960065,601.9067212,984.3479806,425.9841866,2086.94563,346.7338682,677.7997059,271.7570749,2440.854806,851.265535,307.7380066,1122.529281,75.81414687,924.2988807,557.6883201,1799.174675,742.5812993,2231.642162,179.7131767,922.9154167,1199.957538,1414.132199,1483.504518,257.8520798,424.2405393,614.4759859,253.3687386,776.4439484,291.5424245,226.4714047,211.9262511,324.9392343,476.9555177,856.760002,762.1258801,1126.676726,1079.525101,146.1025423,279.5163116,329.6409991,411.3896538,365.2963128,658.1315307,553.9982811,200.8510601,1373.658101,202.3809199,163.3851514,83.8228019,1218.451062,627.3376315,610.051,302.7798756,7746.767155,310.9138902,563.7960463,848.9517318,276.3829937,552.4037866,182.2153116,1436.236576,2333.362814,575.7608378,1034.936118,42.88299566
266,2389.765648,2165.914373,248.161603,241.5858342,901.4663153,361.3502009,267.5833214,1184.918173,785.7188112,1343.593571,334.5467543,2293.49457,562.2081796,343.5286135,850.0890395,1465.067514,1440.016666,204.57823,306.3716504,592.2754892,288.5479934,206.9858303,332.7933303,437.903863,86.55755997,559.6232512,130.6154896,286.4237981,604.1870751,652.9578819,83.83923137,1032.766029,798.9994759,383.1326476,1247.567211,1418.934226,309.9724927,1869.240726,317.2072838,264.0903165,2127.05975,315.1508512,193.2456894,494.055369,463.9965417,114.9375472,196.2724723,156.5094787,479.2113341,493.1353175,154.8737198,659.4153005,973.631755,341.3661311,514.2065221,354.4617666,1547.756749,664.6795605,701.5633579,88.23071701,801.9756719,445.2662458,276.0676324,384.3662653,1172.514375,344.0876113,895.0946063,376.5933574,415.0361418,64.53113681,289.2087611,526.9092879,2291.807188,397.5252575,169.1626692,484.2096819,293.0418441,541.8368344,1770.37427,184.3504249,85.33721347,452.9433165,710.9825918,414.2512463,266.1872613,812.3022094,108.6121676,1114.635221,1184.170986,443.1189453,205.1858388,557.4856248,1158.085751,197.2528047,279.2875928,605.7375035,514.6289061,596.1442829,1209.794634,358.893843,257.2998372,706.1454116,772.9124961,609.0121948,561.1410258,911.0219842,349.8372072,217.1939143,327.6434242,180.9630195,366.5561216,844.3101242,515.437584,1628.435568,237.9617697,1444.447625,188.5988672,855.2919645,153.4129875,831.7185023,202.4962549,1039.255897,166.8206056,731.5882964,621.3742806,1670.197113,330.2689996,150.4279076,2082.292617,614.0297271,616.2540565,1038.285163,216.0004781,259.3137069,293.3749352,78.23572493,617.0904196,1020.776945,429.3082232,1952.138105,360.025632,686.7064826,275.2269165,2255.819267,950.6231522,307.7957327,1063.706996,74.42364541,928.3823013,559.4904126,2000.655435,731.1268991,2223.722403,186.2140915,929.120638,1225.967758,1502.31068,1510.829244,219.6316231,474.0440891,597.1435225,276.5263734,793.7934985,273.2348514,218.7960066,237.1399718,353.2313761,510.9253925,762.1786669,798.6440689,1062.497666,1067.005256,145.0249582,296.9424652,350.2424387,403.093144,337.2966204,690.3338336,525.2155156,211.1930944,1415.070905,195.207123,168.7095532,89.20872853,1155.517734,629.9269223,599.0973853,316.7350176,7986.125939,331.6277016,584.6833983,862.4866368,280.2661586,540.2340918,155.5062697,1443.360175,2350.496493,537.2090609,1111.726631,43.60152554
267,2272.885034,2408.949987,227.1816657,230.6836161,938.0874753,367.5673453,258.2443634,1262.69388,908.6394053,1400.880455,337.1280642,2460.461218,527.334888,325.9728168,887.722037,1399.917303,1490.93678,206.9926878,337.0533576,559.3366497,270.3150158,213.3641456,334.193731,470.4946532,89.88123624,504.941964,127.8332622,278.5031488,605.9038704,671.566465,80.38158028,1057.36528,839.4553315,392.848461,1331.665687,1414.795541,315.3881387,1925.553746,328.4583041,272.2928058,2025.536469,296.9789635,203.4334036,487.9051193,487.9170813,119.5290863,199.8398482,152.456153,508.0678556,516.2045524,170.8846295,707.843757,1076.107374,337.8759616,497.2021531,354.2841506,1656.795969,715.073662,709.470488,89.56797906,840.6277288,548.2608114,273.9205857,373.5668938,1213.859697,368.2985908,909.1742882,368.2599591,431.904023,63.79679508,284.3186021,552.7597123,2456.216462,412.1137893,164.1266488,475.5736791,295.2584439,546.9537394,1813.058861,185.9700672,82.63906853,439.0668175,747.2695637,390.2302798,263.8464848,839.1834814,106.8805034,1116.481679,1292.43839,427.070542,195.606432,533.8309035,1127.39459,193.6199758,291.6492118,638.7587519,488.424382,588.8491522,1211.101109,364.2655167,260.6522246,724.6138816,689.6145706,589.7699296,592.9809342,890.7300846,346.1117342,208.1612126,342.4164547,201.5665564,347.3193918,822.5199471,527.2064198,1685.992871,223.5563498,1438.814431,188.5751878,912.995502,148.4960661,817.1860948,208.9346198,1067.75624,167.4473345,705.1578361,682.8278119,1723.436376,330.6568715,142.3767945,1870.361538,581.0858471,552.7442289,1083.301607,216.0527603,253.1441025,268.9088636,82.00566361,698.3385988,951.4524585,445.4253109,1924.664152,363.278654,743.5061414,254.8815627,2307.435857,1057.698185,320.789567,1110.94396,79.13199807,930.7665182,534.1504718,2004.02576,761.8288086,2444.61236,184.7842499,871.1578424,1331.680442,1531.74458,1477.082206,221.6079776,437.0585544,667.0826015,285.4340187,759.8010122,309.3742511,220.5731865,254.8684984,348.3059756,499.6560213,757.0951942,819.5683785,1041.750303,1150.641184,136.5336229,315.2800247,359.4771103,388.6162891,344.9829088,659.0116075,480.1338162,229.2457633,1459.079902,203.5720979,169.3901516,88.61319993,1178.291564,678.8299968,605.6958224,316.2776267,8013.578397,328.5049994,570.6763266,845.0964429,275.9038071,520.0953599,161.8754429,1520.670053,2299.532925,534.6307987,1063.88222,46.50306668
268,2132.364786,2300.803026,243.6189303,244.9235217,888.4726817,360.4405957,267.9165669,1249.415941,987.568992,1444.978528,311.98407,2418.612852,548.5074953,359.8364538,889.5583618,1456.350917,1424.908477,200.1959734,317.9596715,589.0982456,274.2004326,211.5196788,313.1893559,483.7817518,92.27115583,523.0322762,124.8320305,263.716841,633.7977498,665.9239384,78.05553037,1083.544278,910.6395254,392.8628871,1357.533153,1482.40213,302.3919854,1863.043781,309.9246983,278.0455693,1965.472798,285.9659908,221.750831,531.8255175,499.8541165,123.2528062,209.6094952,160.6846539,513.1327473,516.373156,187.3152515,698.146146,1183.392985,340.1883067,536.7565601,359.3770805,1707.133064,700.7439235,796.0149966,88.06061231,860.617756,557.215145,278.0361502,440.3519757,1168.545352,382.0718376,909.8820946,383.7940405,402.5889132,66.35869005,282.1416552,521.0206157,2390.822227,421.5910361,164.0291308,473.9861187,283.4178502,593.8666603,1865.721729,173.301204,84.17714468,439.5388753,850.6963442,401.4920319,276.7842858,847.4626159,111.2367689,1080.234814,1422.866743,414.9882527,193.8936419,586.5622831,1154.90134,205.1838341,295.9515186,614.3052449,525.4568289,629.4127099,1193.168087,388.9883357,263.8461143,715.5586924,658.665788,621.1146901,620.913862,871.4111238,321.5247578,198.0748289,346.4200201,196.4994835,351.8104848,839.5697438,587.8456203,1813.596608,236.1111005,1386.200358,202.6932362,997.0686795,153.0693445,856.9892678,225.833113,1012.408341,154.7239373,759.0723494,661.3192722,1815.201531,317.3511909,155.0225371,1871.607963,608.0546658,505.7355861,1072.036695,200.8102427,250.4784357,279.2740072,78.49141999,717.6398687,928.8248302,434.9217812,1863.901627,367.3824568,713.4331372,235.9238797,2424.968842,1023.631278,324.0376675,1079.502079,67.45488867,916.5493874,499.5279751,2052.872009,751.0953502,2615.284006,176.5766813,942.1178149,1341.532035,1734.590136,1538.976458,228.4674747,429.8363288,643.3037816,261.3121679,780.400389,307.3352648,218.1626987,252.4509082,360.0924786,475.1881161,777.8238729,883.7280293,1085.075067,1189.525116,138.5637045,326.4325223,378.3831831,370.3627141,343.8992376,673.8136746,437.3522022,229.3471263,1338.974689,203.7354011,172.138625,83.7891327,1212.285442,678.118228,615.6478656,328.8754774,8487.009917,319.0621971,570.5708533,875.149127,272.8339129,574.0220685,166.7377036,1567.507272,2215.337291,542.7528943,1081.322847,43.99470631
269,1999.080757,2221.00565,250.3861858,224.3117996,934.1463398,376.5677666,274.3772387,1220.233279,1008.020391,1477.89632,307.5054483,2541.632862,541.4430761,363.5247802,885.7785897,1589.712328,1235.136027,203.8998873,325.4437014,596.029804,247.462064,213.4370145,305.2411632,438.5754119,95.0546265,545.6792582,129.4358092,272.5205916,594.479492,704.8494133,77.13986878,1056.035801,880.9877216,386.6233357,1243.163821,1445.560106,290.6640907,1975.817606,322.6467987,265.7731276,1984.557167,285.6418454,240.2355517,508.8267546,513.9794239,124.1117221,219.6577701,174.8957324,508.2206993,470.3572089,188.7900822,773.1972273,1203.289672,363.7126234,515.6634818,358.0539127,1740.089955,696.7921332,785.4579,96.78177266,878.8333459,563.5794056,279.2508416,459.753032,1148.646642,366.6819689,897.6453493,391.9467854,381.6117731,65.66723912,277.0498366,540.683492,2333.35841,402.7414734,172.5149471,534.2010661,263.3024341,574.6570161,1799.611572,198.9052323,81.16450109,472.920164,943.4288453,417.1432953,286.0433438,881.873188,107.4524704,1078.286991,1260.040826,441.4883101,185.3580618,555.4097944,1094.516876,219.1565665,315.9393182,620.8623777,499.3787854,665.5866279,1158.590477,382.3300986,272.7265614,770.6561926,657.7863617,591.8042133,641.7592022,885.3416141,342.0195475,186.0729274,321.8382095,203.1739994,375.208855,788.2562391,571.6116558,1853.710771,246.5402786,1262.871565,217.9324669,983.4416605,154.2717122,897.9863617,206.6340845,1037.537697,157.943066,844.1522655,662.1810711,1840.28296,310.1063067,153.8602363,1827.305565,550.2048615,530.7464361,1113.597225,197.6226184,257.5253614,295.9077299,83.1448244,619.5507666,944.107708,444.8047049,1946.34016,373.8820979,743.8851756,231.5608042,2316.943836,960.8885518,323.1151823,1061.845211,72.00848808,920.9347282,510.9792715,2059.516914,745.1273032,2675.42764,181.3506893,934.9677526,1284.854409,1721.04355,1523.900799,229.3121108,406.8080895,617.5481925,260.2706706,790.283121,316.5316993,233.1671654,243.2688706,346.3848601,452.9703637,740.6242242,820.9540861,1080.030197,1297.403625,151.7635866,329.4152694,418.201714,377.4376365,316.3860606,724.641047,435.2508979,223.1426693,1372.552344,206.2146786,178.2742776,86.30267737,1159.987229,609.4537075,662.3546834,314.4888889,8029.674583,329.2698149,521.4893909,942.2579221,279.7545093,587.3446034,166.8476549,1745.226257,2202.236164,525.480169,1051.979211,45.30549087
270,1969.831431,2278.163546,240.7237833,207.7380991,895.8155923,374.1880692,272.4465566,1226.81358,1045.137916,1480.89597,279.8121416,2541.916308,519.498682,349.3211457,809.863664,1644.720348,1087.85321,207.6882199,341.3512786,589.6990514,247.0475182,217.5705111,324.3237359,479.8244496,95.0402361,546.3949882,146.9392003,282.8314806,586.961467,690.7270751,81.36447311,1034.079419,928.4389545,384.3062478,1294.563494,1508.079337,295.7517587,2056.697265,314.1125277,249.7285534,2010.094343,297.4727552,236.0847638,507.1317985,498.7861934,127.2996092,219.6120278,191.3054465,519.7749781,425.3635477,199.9603673,784.196284,1290.032366,381.4191108,527.4646867,358.4408624,1631.780226,723.4059224,842.6835735,84.33682943,826.2265639,574.4512688,282.9960637,457.4383695,1230.297642,379.0194043,923.3976753,392.1870234,347.9441228,77.14809338,257.8129121,540.4034853,2394.412817,428.8340245,180.4212461,534.6451909,266.8974823,593.2483728,1638.023505,194.1475722,85.86235415,455.20883,910.3748783,375.9440328,301.0579244,988.7902618,116.1096616,1040.07435,1197.052317,446.4048295,203.4701058,534.7315896,1095.330108,206.3931408,323.0750367,600.6763713,488.8440468,671.1709767,1233.736177,382.1978793,268.8021375,782.6824948,621.5311525,578.0755137,629.8410067,801.0973961,348.3549322,193.7157662,314.56984,224.0387771,386.8926333,744.8597507,579.6904665,2024.705665,267.3296968,1379.042628,213.7945965,988.8583181,147.6701643,953.7924658,221.3852776,1154.488674,161.1330279,813.769625,640.0121894,2084.433545,301.8099642,152.239631,1726.295438,520.8295582,488.1503785,1162.861194,198.2131516,273.822336,276.7908644,83.27103412,641.9280277,934.2104875,454.0685502,1918.74775,392.8423187,744.9365248,231.6857549,2308.945585,1010.187261,288.6576856,1025.899539,79.80116586,915.7566895,488.2396935,2287.825589,797.4057867,2655.409566,204.6852672,970.5419898,1283.843606,1897.445985,1692.992514,257.1600066,418.6762103,602.7477792,271.4804377,767.1825644,326.650093,230.6138075,256.2930374,321.7369162,462.1465594,679.2663873,791.8347561,1130.665083,1296.539349,171.7140114,359.949665,457.249296,367.2747798,327.4344221,714.3057189,420.9384426,215.1600161,1217.196842,204.6469463,173.2439372,90.24553605,1226.384035,606.5089273,648.9093121,319.5466795,8038.515872,318.8975276,474.9103338,1044.318716,288.1256714,658.2241726,179.6473365,1737.133729,2285.515657,577.3757815,1044.309838,44.87840672
271,1947.585102,2076.521244,256.0609513,223.6006091,866.5091599,373.8180518,301.3682761,1314.112127,979.3221249,1637.990809,269.8247966,2591.785843,533.0973934,354.0500661,817.6318959,1855.203025,1133.326881,191.3636988,353.0489244,629.286584,229.8182916,217.8344441,316.1641102,493.884529,95.80782047,531.5906635,156.6421865,275.8116352,589.0920146,687.8699108,79.54982636,1162.457505,933.060857,367.3051943,1214.370426,1605.238274,318.1954511,1893.721196,303.0145344,239.0058247,2184.153315,303.9492451,238.8835582,517.6401095,459.7317613,132.8823776,220.0676512,197.3069026,539.6403391,394.854979,209.3393188,798.1565765,1372.701714,404.3951926,486.1243376,377.3779741,1602.561247,783.855246,820.6250381,85.6601328,761.8731383,576.6473638,273.438018,455.3135949,1128.716407,351.6142728,1124.900658,376.8975262,350.5820067,81.29810101,253.5978675,552.6503879,2264.590646,452.1486577,187.9767863,557.9372731,253.5692935,579.3193942,1569.351797,184.3303507,90.90146104,506.4769553,952.9696379,365.7923837,294.6440598,1059.787696,122.6523795,1068.284396,1149.10541,449.7938642,198.9025777,579.8806208,1030.054694,217.4802244,333.5485662,587.8479554,527.0745096,632.2556356,1155.702482,388.7509691,269.0736451,805.4834,670.5798704,587.6951097,598.454805,875.5390287,367.9190063,201.1826436,310.164548,250.7392335,382.9128001,732.0664946,613.8949773,2003.380591,260.7551306,1497.860572,213.0054289,950.3811014,160.570052,946.8699606,237.281539,1253.985536,163.2212651,846.7466689,649.831872,2012.872465,287.8523658,151.9912498,1749.821986,483.1231606,466.9295795,1063.83585,200.99584,272.55179,276.6286536,86.50722211,662.5720354,898.6467586,425.1050996,1949.957682,437.9110916,733.3685961,241.1595028,2221.511246,936.4741882,275.5633345,1060.241008,72.9315053,1014.757405,468.4440068,2313.213249,806.5657895,2779.887049,222.342626,930.068092,1312.871051,1911.591654,1668.287601,258.464334,426.6682433,538.4331719,247.2866399,734.9850169,324.9818612,228.2488181,263.5793845,326.6194208,401.3534482,682.6740747,724.2642013,1103.751728,1398.874394,158.5603234,358.1429082,480.9595725,391.0175186,334.6513004,669.6571811,405.7857435,202.0216096,1116.84369,219.7602656,169.5664035,89.34548518,1237.655802,627.0647857,655.4203482,306.4162385,7921.015524,296.3561599,501.0055992,1070.85846,294.8938398,571.0113121,185.9734813,1713.967247,2365.746865,547.9298866,1051.46865,40.59939628
272,1985.140821,2176.823893,281.5012997,245.0513089,831.9289729,359.02813,313.4494987,1204.241252,1008.68665,1665.076514,266.7821877,2402.099824,505.8841711,373.6015327,806.0042826,1953.272128,1203.506052,205.8768898,346.3266831,689.5829631,235.1010303,212.7616924,317.9096427,501.8442034,103.95954,521.5556144,160.1602427,276.1972325,602.5141298,658.8080416,82.64483746,1212.866092,903.7741397,359.8133486,1223.85077,1517.517479,311.0048585,2056.591747,315.206995,257.0563735,2194.639255,308.1324771,254.4386641,530.5655798,445.1456808,129.1992169,218.1154273,206.1872288,535.9013343,427.8176725,202.7267548,808.9407251,1341.981178,429.5100489,495.5810625,369.3926238,1592.268858,809.0140506,828.9447659,87.04018366,810.5110981,668.7885184,284.6349013,461.5249619,1080.183802,359.4864726,1135.503141,366.8041588,346.444779,81.50790209,252.8891633,547.7853726,2275.755194,419.3075374,177.7224045,531.3446478,243.6879278,614.2201487,1463.973758,204.4135014,97.73368061,455.804926,978.1737836,345.1936876,289.936941,1061.069735,115.4217281,1087.51509,1166.506679,484.3877138,200.0868911,608.2506603,967.5707839,226.8045891,321.0821606,584.662005,567.0714944,662.6379615,1193.546758,374.1735958,296.059204,815.2439578,657.1191914,529.9280929,573.9502652,903.1109152,398.3504759,208.9575204,319.1306156,245.7940208,393.7676757,702.1143574,620.8099691,1996.110677,253.1020589,1604.783683,202.9539477,942.0320688,147.9570297,989.4870533,237.0243876,1311.385411,174.9396649,853.2913429,661.4659823,2019.573465,307.8525713,156.3924195,1759.00304,556.6873931,487.5353596,1159.851179,202.4514825,274.9391944,280.2244701,92.63652363,628.9026152,879.335601,433.5970496,2115.323886,461.8989919,772.8728581,239.4663032,2158.925856,917.4968976,303.4749273,1030.415497,73.48849519,1027.031265,439.4911361,2215.495914,857.2324053,2806.057707,234.9283594,973.7358049,1308.452272,1962.251256,1765.335716,268.4542649,451.1282919,547.5449913,230.5014973,710.9420876,312.1913333,238.9278961,272.3491097,350.1804023,387.832264,685.8950526,747.6363506,1168.867724,1469.638953,161.4668147,341.6089194,457.5414733,381.4225541,321.1460761,712.0941494,427.0901489,211.5314534,1062.580108,211.3720236,179.9496006,84.31426991,1252.344709,594.7266038,691.1495225,333.9357577,7741.406641,285.150421,492.2030724,1027.530847,290.5692264,594.0942783,186.5216252,1961.463195,2339.563927,580.2249198,1152.265924,40.81167744
273,1987.102402,2178.472657,298.3878085,238.0981108,781.7229488,357.3482227,299.2162657,1178.15201,962.3023867,1663.57796,275.2725546,2459.09592,493.9183775,387.6215181,802.8570172,1989.71187,1176.135806,195.2788514,368.8303852,713.9537757,241.0118533,202.5090118,308.8134658,490.5044916,105.7418472,509.911447,162.3912499,251.3901747,592.0607486,661.8292992,78.28853206,1257.259979,880.1202571,394.5124482,1255.735022,1560.012367,292.9278932,1996.428296,335.2493555,255.1643904,2224.001702,303.3786647,243.1805492,498.4920904,435.4917448,134.9553845,210.8994545,210.8652559,512.3645463,417.6404628,193.7555666,791.6661692,1223.338969,400.9626285,486.2496454,367.0147164,1640.135659,800.6066736,889.8451022,89.52917607,845.9883797,638.6605053,283.0937515,457.6341291,1043.609351,364.1702261,1206.46579,371.7793146,362.3723784,85.63181784,250.1904058,553.6925327,2371.335549,427.4986962,169.1140913,572.9104836,239.4498578,589.6133755,1588.266048,222.8964727,103.5968309,493.1250354,1029.058174,329.4099692,314.4269317,1056.900382,122.662928,1068.008258,1095.413,492.6164853,215.5576619,606.2550322,983.743154,246.4260649,316.8429159,600.2762563,541.6601389,659.7379176,1103.09472,385.8594057,326.4146581,797.2497627,705.2935396,552.097149,597.0984614,905.9093421,410.0044573,197.1148243,317.5998047,231.4827391,376.9238844,704.0426654,643.1933584,2043.292113,242.6575003,1515.113594,194.8300498,937.6998996,145.9781968,1023.291821,248.1444494,1272.372662,184.3984556,847.4382274,701.7830535,2097.587253,310.8073385,156.4559554,1688.244667,558.8677844,497.5498456,1113.024772,214.7743071,281.3829617,285.2234432,98.19465342,643.6670252,859.9879793,402.4827084,2021.863747,504.3336098,805.2680973,246.3430479,2204.24557,961.426353,305.6648185,1034.663241,77.64294191,1070.58238,437.3510327,2194.509672,859.6811933,2723.442235,228.6226052,1006.81704,1255.845226,2029.100322,1922.364011,278.0867614,506.464284,528.2079028,231.8232677,714.4239147,277.5081484,251.8917183,278.8938967,344.6774911,389.5809558,771.5662135,761.8187248,1190.457496,1366.331852,161.4238794,342.4375374,462.7874727,390.6635821,311.9802835,719.7408002,448.3627027,203.7185355,1145.365459,206.4053242,188.3070054,87.50698588,1303.216901,640.7154661,718.7072,336.4874875,7428.916504,290.3967389,522.1086431,1056.328399,275.490133,630.3862191,182.0280534,1983.761456,2426.909457,592.7261956,1135.492228,40.92274734
274,1983.3748,2152.844656,306.527033,223.783558,784.8805285,382.5048914,285.822991,1241.298007,1003.708514,1604.223868,296.1047873,2397.393544,525.4361351,371.8045852,824.2130595,2000.561616,1143.365878,196.0064609,374.7676544,665.3737599,249.2016967,202.2507787,304.0132403,503.9049921,96.13496672,518.5144114,161.4037604,263.5859056,613.6996922,693.4922962,75.26914666,1422.246525,923.0740472,406.9244718,1496.75758,1634.847027,311.3856085,1904.52673,369.451238,246.9272502,2307.752968,302.3559433,268.8240897,524.4810413,428.415666,136.5491853,225.3260791,200.8673295,491.9618824,412.0718841,199.6190212,822.1306904,1201.191938,396.6156834,497.7331449,371.4474508,1551.128515,883.3189706,842.4414136,93.34723599,815.478848,665.3974952,291.8907695,489.7808745,991.4772141,355.3315909,1263.633572,371.8913001,370.897306,86.98219129,239.8152543,528.0766151,2190.296154,412.643226,162.3161763,549.1475264,269.7052368,666.0459163,1649.895783,224.9366135,96.51092536,524.475901,985.6215225,347.9842615,335.3096189,1060.790896,123.1675959,1084.754619,1109.08034,502.9999833,222.3430257,609.3174881,977.6909802,233.1678811,309.3257932,619.8555669,536.7637991,681.462326,1202.884043,391.49459,339.2914625,830.3311658,747.8361082,551.3082656,589.3025838,901.1952225,401.5810612,198.2929156,318.5248811,218.6616983,403.8176894,782.7926919,643.4917171,2232.672109,250.3407792,1487.708854,203.1560049,938.862256,136.9015336,1088.622226,256.8687579,1325.256991,185.5749755,893.5540743,753.4492005,1995.132457,326.7260962,162.5651999,1673.509864,628.5562279,512.3376223,1031.847418,213.3769473,303.8057846,310.6577968,91.70084005,637.173985,864.5297114,365.4968902,2023.456852,535.7241131,864.6642335,237.8412041,2298.850081,961.9113423,292.4246094,1037.083265,72.63065575,1125.547141,431.9416143,2252.35411,919.0477651,2665.683445,229.7281863,991.0494427,1273.043958,2044.32622,1856.047386,293.3446538,488.2792136,531.6523053,246.4476341,722.9591332,289.4511151,255.5034189,277.3295891,327.1302593,370.9603099,769.1221401,774.3105873,1198.611308,1373.277263,159.4253135,348.4702101,435.1781288,388.2148978,293.6793327,659.2798712,448.5388978,204.2263978,1135.406708,198.6030404,188.9816689,84.55859163,1236.302882,627.7585308,657.3130907,336.4943145,7008.973147,276.8397115,549.459463,1092.154407,265.8452984,691.7825395,180.6860927,1909.540645,2332.173143,626.4810561,1170.844202,42.58038469
275,1959.153871,2220.600961,303.327311,253.6519929,726.6380367,404.7988331,294.9334416,1260.420672,1012.403706,1591.123531,281.8533589,2557.046389,519.8093643,404.1091348,837.7417509,1883.561984,1134.401849,198.1095574,381.3966706,640.6186216,248.4075479,194.4646551,302.4621364,507.8841922,92.10502096,532.627784,165.3589629,268.2190863,619.4997188,732.515549,81.84314831,1508.860992,1008.534613,441.8932505,1468.196786,1638.021368,316.8666135,1897.098568,368.0868285,248.8880229,2436.069907,296.2687868,245.6686708,521.7876262,460.8074408,144.9654147,232.4805282,215.8740124,469.1700523,453.544946,185.9306944,856.2064703,1292.898198,417.1435695,548.3191585,365.4669446,1484.498843,783.7472281,990.4852313,92.17200774,769.4899788,613.8146358,295.8479742,478.979326,1098.682693,379.2856066,1211.670227,357.4599609,362.9473115,88.04076546,244.6285475,511.4988142,2235.253051,436.4462229,160.8855523,531.8377637,278.131195,650.694797,1555.435262,218.3982379,92.22431525,467.1824137,1024.843555,360.7974236,332.6841373,1038.171404,117.8288562,1143.723916,1144.087466,518.0817154,233.0555561,666.7166683,924.3022723,243.1442042,318.5480839,566.0647024,535.5721798,711.6344935,1259.220238,388.6625095,322.3757829,867.8716749,802.1517315,509.191274,584.0928552,899.3801999,382.0902637,194.3058746,321.945914,228.5147506,433.3907969,755.1896269,623.4809776,2166.022567,241.78378,1556.628386,216.4960913,944.8207648,127.432551,1250.286493,247.6887115,1437.721292,180.0828326,895.5585105,752.7601108,2353.46442,317.9587313,173.7881358,1620.625003,648.7659041,508.4143398,984.9024088,231.2918689,300.0040178,334.5471422,93.82533121,613.1858437,891.5101412,348.4393643,2002.211848,563.6869169,838.7943429,243.4933576,2385.815175,956.6114566,323.5627228,1078.50374,74.07231907,1094.290696,427.0356423,2256.877625,939.3846872,2635.095856,225.5210595,1021.976747,1335.146765,1999.27559,1960.636387,287.1732015,501.6355522,553.630629,231.7114513,802.9701568,299.0723828,259.2209939,268.8533161,333.3041099,371.2474194,818.5265898,816.1751461,1295.502129,1251.9299,168.2235999,377.6562788,415.9123653,411.5453799,297.4494257,690.2289635,404.8645151,196.6106489,1159.545289,213.4561426,187.8917696,80.17262471,1248.453747,713.4010019,728.7558422,352.9807694,7012.607445,238.6602436,530.7291895,1118.02896,267.5763451,716.7434824,180.5360987,2002.179644,2277.924718,622.205282,1252.893796,38.18090613
276,2034.866661,2326.237698,284.7570962,230.0810132,770.6504054,432.4989951,318.3660319,1361.604417,1001.879436,1603.208546,284.8729999,2669.856047,522.2314584,423.8255935,777.3735197,1980.166934,1023.109462,202.2487225,375.6747387,655.6781769,242.1407864,198.9204865,288.693264,516.2471226,92.45230151,500.7245689,165.0004153,274.0002638,597.5246434,715.9887913,81.11018053,1502.075093,983.5741907,441.9148988,1536.777639,1633.194015,285.1061659,2066.030646,346.2474043,246.1552621,2516.389764,297.3714397,236.4151101,514.0637461,493.9177424,131.8230415,251.815285,206.6311464,477.1311522,470.5308465,181.0329388,837.1222691,1432.875048,412.7302065,526.9620135,342.7281011,1529.512653,717.4105423,1018.094613,98.3368666,727.593264,604.0519318,282.7429983,470.3313243,1056.893025,376.4618474,1340.666852,364.1569821,384.9240333,81.79724441,250.7386654,502.5813636,2282.588245,449.692592,160.0849497,575.5113603,297.8374253,598.994632,1473.555044,204.5090007,93.58342963,437.5239598,1088.546298,361.9186568,367.0547636,1129.458066,117.1733551,1152.738952,1119.582162,512.3437935,239.3336338,688.3640128,860.6572948,232.9621338,311.2243779,555.2913144,483.9708986,794.3718483,1311.432621,371.8480533,344.2839136,876.9093462,756.5225217,496.8870168,594.7154754,955.8671103,432.0501265,200.591627,349.032046,252.8806152,396.0915236,741.6131194,632.5081888,2263.352449,253.059818,1552.590893,219.0560222,850.5611876,129.5647678,1208.115817,238.5684285,1510.364432,191.5344097,898.7942337,733.1045516,2325.029802,318.3651992,185.6327827,1576.036522,666.5981439,464.3198086,1015.631081,241.6087327,279.5275815,336.9558348,97.34536504,595.626411,946.9571979,332.3130978,2073.210793,615.8820525,823.8343057,240.2217466,2344.209642,1003.318945,323.8218951,1130.121999,72.27125459,1152.677789,413.5118396,2256.074818,1008.800884,2711.626193,233.9219702,1028.844171,1331.145778,2037.718845,1902.81888,299.7525862,484.4220399,528.3210788,243.844384,842.5679085,293.4592938,253.8433316,265.603752,342.9442028,349.2807795,823.2904556,726.9305657,1262.688518,1195.67981,161.8678533,367.086248,422.5452164,418.7330609,299.3094703,746.8010659,415.2137434,192.3852048,1235.544729,213.7829719,196.052193,86.99241725,1235.041255,716.2317315,719.6934822,340.2231881,7572.697817,239.9569122,523.450826,1131.308257,281.5251187,651.6215674,194.1560574,2020.629863,2236.8,624.8598989,1305.252645,36.83440416
277,2009.501382,2620.171849,272.879017,233.1853052,851.9408083,446.2263956,312.8973442,1459.612516,996.3565797,1683.086273,268.8012902,3082.662028,466.8288094,414.6173713,835.661932,1924.889659,1080.129048,199.7729211,403.5969213,645.9119232,233.0154333,190.553192,294.8625296,539.6926923,93.85298663,491.2800392,171.2255621,275.0282438,561.7745414,738.6279387,88.40087079,1449.724242,999.2123998,457.8576491,1601.496278,1709.34521,258.2801882,2092.076958,346.9160744,240.4601348,2418.807715,315.336313,263.7358811,526.3759078,489.9206916,137.8868143,270.9272957,194.870158,469.2423955,438.7842673,196.987655,837.1062526,1444.525557,415.7071959,544.1960943,358.5809766,1496.670826,713.5143283,921.2510903,98.29700749,723.504558,619.1722028,285.8803377,464.9982297,1005.969514,359.3755239,1216.121178,351.3074893,409.3282898,80.81235336,276.7801006,503.2961403,2429.01575,452.496932,168.960015,581.9834357,295.9586926,620.0287934,1467.143159,213.7547569,99.01641206,417.3573805,1061.231028,371.9689265,399.546842,1128.870226,117.4925044,1172.371548,1117.305431,473.988446,239.2800878,712.2441448,896.5035796,248.2153607,322.1113297,584.8214516,496.8296615,783.7688564,1231.060653,364.2213335,372.0721952,856.4881455,749.8316879,467.4686195,599.9137171,976.1853069,403.6035684,190.2777012,362.2046541,227.2072444,407.8513422,659.1655823,718.6908105,2414.266756,233.8761361,1607.527633,230.802036,852.3720094,127.6387758,1261.727018,239.8140347,1509.633263,185.4493774,950.9176264,735.9174712,2261.302317,305.9731507,185.0753454,1632.808645,681.1708208,505.4912404,1025.742195,237.2337815,296.5735474,352.3775538,96.5003037,625.7963727,955.2787891,357.2283671,2157.417498,645.6588983,911.2291829,236.4719276,2415.589702,1068.640603,348.6594838,1166.793373,71.77571988,1190.259967,411.6970394,2299.459782,1105.786884,2844.205894,222.3885198,1029.124822,1509.253816,2010.980507,2030.995569,300.3923897,451.4859479,528.4536865,248.54496,778.4300491,288.860343,264.0967107,294.6171304,313.4658315,363.1785212,776.8726842,735.1148107,1257.590484,1293.453298,161.3634372,332.3596957,446.1946234,424.3394214,306.1938415,749.7182591,398.7920767,202.1461817,1287.574351,211.901673,212.3289806,90.25702458,1232.023284,675.8427296,762.7265701,328.0695367,7592.288635,249.0448452,504.0051433,1127.616372,281.2234687,675.065079,205.6352821,1988.841151,2132.496811,603.8849245,1251.702405,36.41301365
278,1913.66773,2615.78135,278.212937,241.2866404,850.4374276,429.3362996,340.6999562,1496.205608,917.7886094,1728.73991,263.9792845,2996.179071,449.5039505,397.0494616,867.1866621,1801.738631,996.466443,220.8285715,427.9589712,674.2929877,214.9361382,194.2770601,297.3429392,520.2711346,98.03810389,503.9358188,158.7724874,291.6148145,535.937262,714.7380924,87.2419404,1409.174501,1013.612728,454.1492065,1664.263003,1842.473041,275.6723822,1866.48346,308.4338987,270.5680733,2292.609387,316.3535833,273.2580525,488.48425,481.4236335,134.2206748,282.1112781,187.9263033,433.0500322,468.1458333,191.4665668,790.3576962,1398.445524,446.6184926,553.757477,358.2473393,1342.296569,680.704816,959.3117099,102.2095635,721.0687846,618.812017,275.0878827,472.6709785,1041.820141,343.0088953,1208.434807,357.3441054,411.9423541,88.58048113,292.9941627,551.8931651,2463.317301,464.4664898,175.6475384,597.9777336,267.6988645,626.0105184,1492.347,217.0698348,97.10455697,435.5728987,1076.390973,374.5585316,379.8272255,1144.643564,115.6672897,1275.260151,1107.358918,437.7618918,252.9056474,743.2409123,917.9820634,217.7961623,308.7060503,610.1517648,459.208283,740.2274624,1276.261221,404.9312247,383.3282514,901.9372472,732.0887592,459.5244304,679.2100996,983.4725739,397.8888506,183.1711617,356.434255,247.005456,423.9008573,643.4350689,739.1685768,2391.975553,233.6228883,1624.266523,252.3356156,931.6820062,124.8628691,1316.389114,249.3580608,1436.26096,179.8715548,934.3534077,768.4459852,2144.781664,295.9490071,180.2313963,1602.085819,657.9604199,489.5188421,1022.195533,241.9785393,308.682008,389.290596,96.46404331,572.9957536,946.4937656,332.3786782,2330.16393,659.2749786,919.4418973,239.0562603,2412.637144,935.4443154,348.2054808,1140.398135,68.45438797,1127.920979,421.1528523,2302.240718,1155.22783,2803.947481,220.352549,1134.595511,1524.607348,1905.965134,1938.476534,269.8654414,442.6951985,562.9130896,257.433817,718.0350326,310.6239839,262.4817007,292.2950426,314.6311031,331.6521729,702.4581914,753.2433258,1268.787054,1351.430106,159.7199428,303.6704924,478.6190037,434.3850988,289.0891307,762.0728393,419.3794477,205.8336304,1333.837442,217.0477542,227.3444839,92.53816863,1242.901156,719.2259414,694.3316429,334.1085137,7933.558068,259.1159955,498.2978204,1182.759575,274.4540489,644.2167641,198.1863176,1862.559525,2032.815395,576.104133,1272.765942,36.6661003
279,2013.723705,2924.978887,286.8559846,233.9080479,838.0474341,446.4551098,338.1860612,1496.486954,951.1452669,1738.199921,259.7820845,2882.538359,501.6012831,364.7743235,819.9384894,1668.787855,1006.132176,219.8434295,442.2672552,677.1763469,221.2023656,203.0881865,300.214111,519.9226498,102.4374501,483.552603,158.2585216,281.6444164,577.2460313,706.4306691,85.96737599,1356.785753,1028.430449,461.2722343,1612.402982,1970.565981,292.6291108,1908.762453,298.0193928,276.9852005,2091.353891,342.6125158,285.5399234,545.5631249,531.4928564,129.7416443,282.9942116,191.8721706,433.0171503,480.7773264,181.3828473,859.6429363,1312.128944,494.8785557,518.8744184,369.1094196,1314.978372,621.8010923,974.4917274,106.8360188,791.2116686,655.3705211,265.852928,526.071798,1019.543995,362.9748197,1165.380986,373.3811337,420.8547839,92.05147556,302.5435674,548.4516437,2764.634866,441.7996235,167.0453807,583.7135703,266.0279402,641.6194435,1479.580354,223.0425704,95.99840392,486.9260586,1071.651252,384.466187,386.4023624,1099.777309,116.7746754,1172.519052,1128.081118,430.7063933,257.7205753,831.4093826,839.5772894,219.78596,291.5446631,677.232769,471.5673144,721.2789476,1299.923483,432.1815461,387.841071,904.5188525,791.2133203,510.3083979,676.6225385,976.6433351,409.6972964,179.6132662,365.3699326,266.359576,421.4430503,600.9400223,701.4543942,2276.367271,245.1747981,1637.477471,249.2415144,1056.665835,127.8988441,1309.502153,255.0449049,1499.293766,178.9992753,953.6446356,775.4732926,2154.525674,284.2248332,177.2092331,1584.955511,598.8117856,493.5712709,990.8151819,236.1842723,335.7944423,387.2154111,94.76239152,601.9608609,962.5918049,356.4758197,2403.060558,595.3512696,984.7059223,238.6630105,2837.480425,983.6869667,357.2746677,1028.494354,73.60520572,1167.855039,428.7163553,2362.40553,1170.526179,2969.826821,204.1364694,1204.739976,1488.556853,1941.082407,1798.859698,243.093405,476.2415391,551.2209586,241.7031718,696.7183748,291.8074467,280.4442012,322.39823,310.5946529,309.1213528,743.0589338,792.7862385,1334.801976,1471.796807,165.6772956,289.713451,458.7055727,440.1474867,305.0728305,762.1694744,391.8415217,207.8017202,1335.439355,219.2211378,221.8497362,97.30615648,1327.957301,804.8047946,689.0379559,334.7374295,7661.548798,239.065611,491.4443509,1178.312588,280.872648,600.7797387,218.8275617,1773.029721,1796.451167,598.5380181,1139.646144,38.56343135
280,1860.949999,2683.252648,295.2554628,211.1112512,840.7867438,472.2528245,368.3412061,1472.54194,966.1369527,1874.904781,247.4643182,2921.616439,477.2380491,374.1226973,811.7775976,1710.467315,990.0771332,220.8091744,462.8937408,629.5940349,219.2758387,206.3213378,305.4678076,556.5851316,93.83535933,507.1197422,160.9322992,282.1940338,576.3563533,721.6007042,86.32262254,1268.439939,1095.679054,425.0134991,1699.337631,1985.228858,280.0082024,2024.143401,322.2764773,278.2976212,2187.92058,381.3639136,293.0304867,556.650197,495.5610274,133.1725496,272.2521313,191.0232622,423.9143714,523.9132215,168.017969,883.0723999,1310.022309,443.1434506,536.4077022,380.9278416,1242.087967,653.5601095,964.9294303,108.0316461,865.012143,697.8909737,265.177513,569.593733,988.8451588,372.4344984,1204.29329,344.5217186,436.5103128,98.20542743,316.8361132,519.6485241,2827.670173,445.9247443,171.9727476,610.5018008,250.4455704,697.511447,1508.00946,205.2461904,103.5373623,476.0225037,1221.105087,390.8384708,411.7658173,1087.451058,115.512814,1197.498319,1095.521197,409.1948587,281.2859561,840.7151833,821.9861066,230.5730578,293.2697752,673.6602011,469.0742761,716.4507452,1367.374816,416.2869124,399.7374582,862.3332414,718.6578492,573.4575676,689.0874423,961.3786803,416.1822285,185.1596499,366.6197724,245.6832047,436.9011436,567.8230652,738.5865289,2323.029525,237.6606748,1763.161687,242.6045216,1005.432695,118.6746375,1285.692384,257.2830474,1538.28685,177.4840657,1028.700126,814.6036985,2254.226389,269.6973784,173.4670162,1596.75644,566.5970492,518.0009385,1016.355072,258.1050729,338.1996468,408.112212,87.76733899,535.6101406,1013.201088,352.9105358,2549.04392,568.1390959,968.4875646,245.1012378,2606.064544,926.8667983,350.1879673,985.1486299,74.11243843,1191.456139,407.948394,2363.90277,1114.673016,3021.168423,211.1770865,1130.862141,1495.196694,2028.854784,1686.723006,237.426655,481.772474,609.3716533,252.6639379,671.9373937,320.4283865,300.9282765,359.5871014,311.0312974,327.7345303,726.773253,775.6603981,1390.933202,1540.595017,167.9463338,326.7592942,445.6421772,421.717581,306.7687181,779.1250518,383.066812,229.9221429,1254.268066,209.0557155,255.3914875,99.22838786,1256.463249,757.0592447,666.2640614,327.2888795,7390.862563,253.2669239,486.4999007,1180.352476,313.0345116,604.0732455,215.6010748,1737.481537,1664.53546,634.562986,1123.499954,39.74222032
281,1986.587592,2497.425381,280.2934622,218.3216,825.88932,455.5124899,342.783446,1483.852453,968.4210897,1743.025302,247.8507354,2909.740427,540.7700352,357.6675556,894.4876063,1712.649168,1137.168775,222.9321078,463.8301431,622.710438,218.1137173,207.5375929,310.9745016,578.5568731,87.86875638,507.9440069,151.0478545,268.7350275,604.9840699,717.8008955,84.50582722,1272.627667,1124.161117,434.7869067,1837.668297,1887.078718,274.228402,2265.158648,331.0619345,275.0742896,2119.695858,371.0270587,314.8372703,563.6196421,486.4330247,135.9781758,266.5693022,200.5042487,400.5218354,527.1727287,157.5573781,853.0854379,1317.769928,442.6482663,532.0242519,366.765979,1344.571722,631.2985548,1107.12576,105.0715844,792.8392059,694.193274,249.9292451,610.513968,855.3303145,384.133029,1166.927845,360.362172,436.5945335,93.65267448,336.2513915,492.750966,2611.948178,500.2293572,179.2702586,634.0721692,255.8075775,708.129664,1558.254928,210.2581605,103.1923056,464.391013,1331.631612,398.2487571,425.1459629,1080.684674,116.7035309,1194.323252,1077.275831,398.8122114,286.4335988,912.8915095,809.4996048,224.1459577,315.8315478,706.865992,450.402302,756.2777592,1336.304179,402.7964348,399.7572993,860.8014749,646.9512842,548.9626239,713.5996796,989.6810853,399.0178049,169.2779327,337.7964292,236.8980344,433.7896415,522.8215003,839.7258905,2471.472455,248.1367201,1721.00847,242.9944653,1015.343364,120.2704766,1191.641783,250.7925547,1495.719347,169.8751729,1044.244051,852.0203041,2206.314816,288.8471221,164.531895,1585.415283,540.2124382,492.7270996,1058.459183,255.5380864,315.1786801,409.4525931,89.20138989,533.2512249,952.9494718,367.0960432,2569.599646,561.2703162,944.0302,232.3275069,2590.47953,958.7148109,355.0359148,945.3651883,76.71330847,1088.153805,403.2519173,2437.103898,1191.187638,2788.811418,215.7521641,1170.585048,1381.006715,1959.594293,1599.18196,252.3140953,470.9541466,676.2415371,237.7812703,623.3703748,321.0440555,306.4702681,354.7875833,306.1804598,311.2445823,761.5613535,770.3523848,1414.299765,1529.917164,175.4462061,313.1256784,387.3591379,467.3692429,288.2044819,822.6830783,394.850013,233.5587356,1232.85813,208.3029831,269.8042015,103.2713195,1324.356834,751.8815614,646.1835667,361.5675876,7998.918102,269.1014915,467.878984,1238.954421,309.5200835,646.4123557,216.696776,1783.771462,1578.428794,629.373481,1037.952683,35.13812592
282,1925.957157,2263.713248,265.5008794,215.5572601,795.2036873,444.9093732,345.869453,1547.540099,912.4015353,1725.833272,288.3590618,3075.371165,562.657134,354.9580193,877.7774403,1712.901677,1109.256259,245.9974516,469.0824649,638.3244897,208.601792,203.8336865,294.530822,615.3062226,87.58914608,478.5463556,172.7813713,289.1243967,600.8198606,651.7280904,79.80880383,1281.525781,1097.141728,437.6795318,1908.154743,2083.112501,272.1147487,2240.522227,352.3662481,278.6837465,2186.877065,374.5684983,332.5745178,560.5984374,468.9261949,140.0286054,281.4762728,199.2116364,385.8067477,545.5226871,157.693098,839.8152216,1516.703246,489.7563868,524.6432639,351.4844503,1276.962813,638.7893359,1064.655424,112.5889952,736.593006,692.9241405,274.8635176,588.6058679,847.2392115,370.0938817,1216.345717,346.7594384,410.4860775,89.43691112,325.0192341,523.9403357,2575.54833,491.0702422,190.3163938,675.378009,272.5517472,675.5343054,1475.828952,218.4648615,109.6432188,456.7654341,1355.849783,391.419819,448.607179,1116.227971,118.8704929,1219.5904,1043.698935,407.8611314,265.671205,885.5475908,771.5881578,218.1744066,368.7323631,775.6618222,452.3884962,778.650733,1264.274261,379.3703378,434.929866,793.9334623,643.535864,537.6966435,650.9996047,972.8257642,422.4755627,169.9354384,347.0586633,235.2995404,435.4336676,529.8321368,849.0216577,2494.146394,243.768989,1602.325232,242.9693518,950.6898082,115.6486934,1102.493695,257.3550393,1594.202702,161.8912342,964.8290915,903.5758089,2260.356776,282.948107,172.8415912,1651.247669,533.3354392,496.0509522,1136.890305,257.3647773,327.4034845,418.0188633,84.74972063,591.0931547,1002.581295,347.5149534,2723.898014,533.8144449,890.2100792,251.0640935,2828.874391,1047.357577,354.0067187,924.2297423,73.68847159,1221.137216,358.7453518,2469.390953,1168.318967,3056.674089,236.882234,1180.655761,1430.397876,2005.310256,1588.998488,255.6447654,470.1751405,698.1145874,244.7201366,600.3276664,330.493106,290.4306175,360.0599861,328.0602667,284.3423986,768.351188,748.0734136,1245.365295,1527.914525,184.4452572,337.6030983,375.8793738,514.0555028,305.7057568,782.2252005,384.0754118,235.0409176,1165.30468,221.8192489,293.4270551,99.80440113,1216.972547,701.2963066,680.4626048,344.6876417,8658.562564,274.4199031,472.7392542,1185.060407,291.004467,621.9535654,203.1944528,1857.171464,1612.892253,613.0386996,1014.65098,36.60580528
283,1950.22045,2099.52201,292.7903512,197.3000415,801.5581724,425.4620891,363.6083643,1662.505452,941.1115816,1693.477611,303.8050224,2873.767002,576.8201091,376.0769264,857.3060667,1651.187914,1075.498859,262.5379659,449.1568659,627.1318171,209.4457483,185.8030352,303.9930416,641.2850309,91.97005382,470.3349853,164.5652124,283.0915648,654.3154209,627.8056177,88.81036981,1384.305255,1138.95861,454.9734746,2091.452863,1976.190997,278.07206,2201.326552,345.2242228,271.2969236,2239.250645,414.3740954,325.6377727,562.9239276,517.1190193,137.6274801,279.6265308,206.2900116,351.5525315,522.6944652,157.4681124,852.5096811,1435.862571,546.6884178,559.0376883,338.985111,1322.672876,635.6177198,1080.386759,112.8173764,716.5882052,702.9462026,267.0379112,659.553854,933.6742185,343.0611459,1250.874424,349.4408364,389.9129021,79.51815616,329.6061763,535.5507586,2645.533391,473.2682489,197.8323018,713.0870753,254.0646195,647.8861259,1553.353076,231.7550319,109.7509628,473.3194038,1325.967085,372.9721171,441.9835933,1059.188437,125.942976,1273.634487,1070.461085,428.4533809,243.6022922,883.4997338,753.2201157,208.191587,379.340587,846.2196952,462.2862662,816.6108126,1287.95864,419.9196381,444.6340429,785.9494122,734.8055874,569.8296586,712.8218629,976.1522573,452.7055393,161.4587746,326.8076815,238.6725887,460.9442715,547.6188113,861.3864501,2698.907406,258.9961159,1564.580235,245.1071773,964.9352516,122.2503239,1194.300258,285.4400548,1668.565633,168.1434731,990.1304539,908.7558334,2371.84187,294.86186,168.8708129,1699.524156,518.2032136,483.6320069,1169.96854,287.047293,297.1004223,429.1425412,88.00683697,598.5047115,980.3242074,359.9507807,2648.370969,579.928143,849.3129812,245.8196729,2870.154067,1167.490661,367.2829508,841.0180802,75.71612887,1207.860668,333.8325205,2386.052783,1185.1277,2752.189568,209.0751787,1182.416861,1531.869102,1927.756019,1633.752806,260.832571,473.0667145,749.1152894,224.6457548,549.6067046,335.7807384,305.9903959,389.7127847,362.3493842,289.797108,796.3879713,753.1990318,1214.969349,1552.435763,181.8570811,348.998458,370.83857,476.8370709,311.4703636,728.0080709,365.0306238,255.6040793,1124.736492,220.3530404,288.0072342,103.0633113,1216.450306,646.2610143,688.7401226,393.5268183,8065.790577,279.9214516,493.1915979,1242.424657,303.7805406,659.9205078,216.0423351,1838.504147,1875.442534,615.6318182,990.0898865,32.52146343
284,2020.744921,2160.257837,284.9730137,190.8565341,748.4315041,409.6298935,352.6822498,1553.650766,978.8278128,1814.227143,315.3965296,2803.921151,548.0194007,382.3543053,837.7977492,1665.471136,1117.19726,258.9332892,457.4736581,608.9612326,197.2167704,187.4798201,315.0806945,664.13056,87.1827771,481.9951028,161.4234005,272.9747622,713.1420365,608.6805469,91.37207298,1401.041481,1045.684002,400.206212,2085.223859,2025.346202,278.6499367,2267.65693,359.4684856,287.9895687,2296.176312,418.8134644,324.2801516,617.2385136,537.830686,149.1978896,272.1616307,217.1323968,349.4776501,549.5896268,145.4741642,867.3029665,1405.47904,577.9906052,550.9613242,348.1587876,1304.273124,590.4352757,1127.524924,111.1413733,671.6152319,723.2784401,282.996358,620.8142186,948.6930002,398.5899564,1301.542877,375.8797629,422.1247521,75.4229629,361.4255478,505.3202002,2762.47622,457.9244427,199.6772574,670.0332523,274.1337182,630.5422246,1576.905316,229.255168,107.75406,475.3871134,1370.90871,361.3199417,466.7042959,1077.099684,129.6255874,1343.99518,1151.848958,473.4135355,231.9073173,877.4307494,752.3345697,198.8581421,397.3487705,875.7100627,440.6178921,832.1404337,1240.553477,433.9633055,439.6509426,793.7422891,723.2514445,540.9246985,712.561649,1031.466376,444.8487764,152.1024655,318.2305976,245.5587884,462.0548064,575.6595652,869.9151114,2920.720389,258.2155418,1626.757694,237.4009046,997.8492311,112.2518974,1268.98163,277.7545103,1690.118846,166.1173111,912.0694733,874.6590322,2615.123586,280.2302569,163.1246128,1687.492849,512.0552928,502.0520673,1178.723499,292.9062808,297.2944847,424.9732808,92.86574278,638.1146329,1001.87727,358.988755,2767.709956,611.7263523,759.3974954,227.7496458,2816.893339,1031.024861,384.5644534,831.4808841,75.84420593,1207.452129,363.582101,2205.310476,1160.653128,2655.675698,197.8693579,1175.135672,1544.879735,1790.998764,1597.292702,284.0003327,491.5941722,749.1107128,226.2477844,503.5206148,334.19538,286.5555313,375.670246,351.0741611,302.6006996,789.425915,796.0886996,1229.962789,1637.425312,168.4842226,352.9298522,376.7458254,434.1099855,320.6400795,771.188575,340.3966029,248.2897848,1140.224652,241.1669696,270.7546828,107.7043714,1300.588559,649.5031459,697.077055,391.5776085,8264.168211,283.7993233,463.9267693,1266.95199,273.3423866,734.9404472,212.6553373,1961.608367,1822.690939,626.4040798,920.5840278,31.73032477
285,2180.291838,2139.609777,296.1444658,179.9102408,667.0706564,439.0778154,353.1179424,1605.262444,1043.258799,2027.864514,330.9247443,2887.88182,549.9844845,379.4527298,868.8550974,1763.76011,1062.17546,272.8819504,468.2352664,636.2923063,185.9578408,201.5287189,321.0988936,646.9763518,84.06750274,454.8027345,160.4851139,268.001305,714.4796812,617.8379883,93.93465377,1421.818996,993.1172258,428.186003,2238.356836,1984.982769,274.5230705,2322.209089,384.2521188,316.0897612,2494.894627,378.2433647,344.6682734,638.0355109,519.4708027,150.9684495,264.9669527,222.7187171,310.6547981,563.3812474,149.7090815,856.2228362,1480.330971,575.0842571,507.8684927,349.1144583,1544.38687,638.5433472,1076.145219,107.7747802,656.212923,716.7441034,304.1127821,656.3365714,914.3016122,378.0800308,1465.85057,378.0993446,474.205627,79.17203569,391.3372234,508.5958651,2881.323314,446.0605002,190.7824298,731.8710371,292.7608327,649.2952948,1487.679255,229.5322046,113.810068,461.9322447,1282.373846,346.0133864,462.1676049,1037.21299,129.5848266,1329.627542,1064.064976,477.009874,216.1153718,846.1299225,806.545279,192.5694056,411.9977813,865.6078376,449.8372614,782.12307,1268.787593,462.0577625,404.1610186,822.9230142,758.0277626,555.0570489,730.5183093,1068.912261,420.1661803,146.579836,348.2997151,234.8741419,432.6257846,591.3608563,877.3581494,2829.902775,264.3807633,1464.058023,231.1071304,980.2602591,113.9019369,1309.69807,269.7061561,1633.916595,168.2671907,1012.509979,835.7466706,2472.766581,246.6628547,155.6373426,1786.84306,488.5494732,500.6329792,1237.410702,291.5561792,316.3907853,427.5512867,83.35334686,715.7226348,1098.779062,358.6048068,2845.073906,605.37493,763.8412334,247.1274776,2643.743617,1011.669391,419.586353,782.4154657,70.45778937,1213.604341,337.2272336,2346.371525,1137.700952,2606.281597,204.7852092,1167.331261,1504.433043,1782.572867,1675.825656,267.6963332,587.8094866,722.3332126,212.847476,538.2334805,364.9684319,291.0437769,389.4060568,348.3374794,293.4397198,752.770553,713.5091166,1281.537808,1619.99113,171.0538501,342.7762622,392.8213809,466.08765,316.1223855,778.0737178,371.4135902,253.3275459,1164.027506,252.9773893,265.1292065,112.0034798,1260.829532,647.5532332,663.3431111,427.0385139,8900.210807,293.1465044,472.3566579,1325.045256,269.257204,716.553422,236.785577,2112.616632,2010.854758,599.9768938,876.1539747,31.85170739
286,2121.088082,2257.913166,289.152466,174.3041311,667.0915894,435.4766855,363.9645324,1744.349543,1034.958751,1786.727962,322.0380065,3121.173683,559.5930321,380.6828263,894.9358785,1686.305814,1047.082017,274.7520466,500.365103,687.1282106,185.6964821,197.352102,316.5367417,630.0987708,81.96479083,447.7372819,154.2783084,274.5367944,750.8383827,619.9037818,95.20461514,1490.021418,1019.388163,414.9763988,2262.079909,1997.279462,304.0190624,2493.065954,397.90129,329.9522182,2440.567764,369.4452789,354.9029761,600.6007658,497.253814,148.6902209,265.6200978,229.1421148,326.9469174,607.3816746,160.2286328,893.0419799,1320.452161,614.6674696,528.9413719,322.2576071,1456.643083,610.5709901,1065.513096,107.1783194,649.204015,702.7610088,286.534189,660.7066127,927.8046702,401.279639,1412.33323,364.5868716,462.0444952,82.76819777,414.640607,550.4879012,2699.555891,439.7191393,190.4442206,700.8360337,302.3104108,659.1750514,1505.159673,229.4077533,122.6134735,508.9458281,1303.723215,330.6403515,439.8055281,1028.007749,131.2206656,1292.452126,1104.854556,458.8338979,211.4037666,932.8931344,901.6331443,189.2129932,424.8875945,820.9743577,444.6856097,758.8734,1233.780426,445.4760174,417.5426467,895.5397842,813.1841781,606.8071065,738.9890927,1092.494956,453.6279522,149.0265637,329.399705,250.413026,472.5882095,551.1441744,870.8515821,2891.667535,272.6599508,1402.808978,238.323479,1009.571527,114.7576977,1281.242769,277.5479304,1686.244723,184.9928702,1079.375145,850.2513225,2491.242327,245.1329675,146.754786,1820.828467,485.3193125,496.1483982,1179.611054,286.2877821,344.8912504,425.0457612,84.36981232,752.8590582,1024.828383,340.0330881,2977.947135,581.4237269,769.1110815,260.732989,2601.417016,1026.480334,387.6317832,785.5836672,77.99250364,1088.588038,307.9072618,2644.854297,1160.730122,2451.404747,203.2962766,1182.151071,1532.286068,1766.422263,1571.253678,271.3954194,642.1513439,698.6665701,211.8946511,567.9625568,385.3096377,315.9229415,419.9031829,342.0712253,282.6323236,784.4933783,737.9248062,1264.760268,1698.240691,157.2388503,320.6710577,398.8002281,503.88012,309.1431951,786.9169771,357.6023317,256.7191434,1093.239893,257.6598919,259.4899542,115.658115,1139.938349,679.0671084,750.1220301,412.8760631,8664.067504,291.6937621,454.44762,1264.597059,274.9088476,726.2470324,223.4558933,2312.653973,2039.332405,582.1502053,972.8130884,34.18904474
287,2541.834333,2436.016635,276.3935578,167.6684621,659.5900542,424.4129345,364.6354845,1733.527702,987.7717729,1867.415755,307.9330612,3084.728045,536.4625885,372.4827898,858.2405124,1687.042254,1069.720938,268.9001298,506.5841641,806.0158295,203.0931963,201.1516827,329.5051435,653.6234935,96.52731006,453.8779266,162.369817,259.3536155,770.1210847,602.3748174,98.63718798,1498.13394,1043.338203,419.272909,2440.971754,1887.245718,330.1248935,2309.175501,396.1910988,342.040324,2860.436663,422.3852902,353.3501042,621.8210781,481.524679,152.4640201,239.8638223,237.7856181,330.3467901,660.62566,169.1543418,894.2498416,1410.736282,614.0360306,590.1401885,319.5341087,1498.334819,623.4345753,986.1521918,104.7610032,644.6766813,781.5640045,290.7939077,693.7899279,936.7863024,392.6177288,1348.787438,394.9997459,485.2067843,79.31596348,403.8724439,552.1632325,2730.797649,416.4608639,206.8220738,772.4128924,317.2441007,740.2834098,1694.260947,227.9703208,134.0340189,506.685002,1217.483975,315.2152504,438.7329931,1055.833521,133.8368511,1189.981213,1177.416232,463.9849862,209.7933826,912.3381653,896.2774563,194.8012245,420.2093957,880.8608787,417.9793684,736.0008691,1311.841284,433.9053546,428.8974327,852.6931217,879.3209363,607.1857514,778.2545881,1108.262841,440.0271103,144.9638502,303.7416618,243.3260713,498.7811663,504.6867067,889.5925695,2857.104041,295.1756445,1386.862045,262.901674,1016.409182,129.8766674,1351.693402,280.8859181,1779.652132,180.405832,1019.086488,877.0263326,2368.744859,243.2688918,126.4322861,1848.869696,458.8343376,462.057574,1257.32696,289.644729,330.24859,424.3742566,87.66092864,743.5489951,1147.881068,328.3066635,3032.759791,577.4389726,765.5751469,262.1946954,2423.209127,993.9452461,355.5070608,807.2449838,76.57393732,1083.871442,315.8080349,2814.389301,1282.681924,2392.685653,220.5086223,1201.656187,1516.977068,1773.274237,1629.94782,269.3236692,580.0267625,718.8328232,214.8976009,622.1439326,406.6818223,348.1422245,477.9294695,351.6945459,286.7221429,702.6252636,701.8826502,1194.084658,1686.546966,165.1442936,294.3271478,396.9050714,519.4158907,313.7313981,774.955599,343.3292813,257.3617635,1095.447906,255.5870193,266.9885897,115.9437494,1115.781905,631.7914078,678.9423595,377.4966017,9141.403676,288.0297596,461.3760691,1341.520486,253.0729358,712.4785297,218.4837314,2323.298154,1913.129651,555.9703681,992.9576895,34.75760324
288,2795.246747,2412.01764,279.7086596,162.8380603,659.3202999,389.2797535,349.7456835,1655.008088,1057.666062,2011.855829,345.2021224,3088.334538,554.3199904,367.266892,853.3689335,1724.55481,1208.221546,256.9780454,456.3513506,763.4886821,213.8102525,195.1996776,334.5777451,687.0041273,90.03883351,427.11269,167.1193596,256.8921036,794.7684696,582.9826735,102.0416508,1501.122747,977.5505912,407.9758401,2511.940717,1859.089793,328.9675356,2333.881813,416.4681858,330.4718969,3121.506731,445.2661867,328.4749123,567.9555175,485.7686163,155.7496485,257.3053089,233.6771797,327.7283374,663.8859457,161.8958746,904.4374893,1322.291035,576.4637038,595.2902277,365.7097005,1647.558111,635.3695595,987.2524295,103.4176797,579.2227942,713.192099,310.0338651,732.1850666,990.132465,411.6517569,1414.507731,418.1784001,491.6592661,83.67151125,449.8395225,527.9588925,2819.097598,431.2981107,217.2245363,759.4229285,316.6630335,733.0393182,1775.688628,237.5923692,146.2707826,556.08053,1174.158282,293.4000592,480.3800652,1024.521236,136.8930284,1171.308583,1257.084537,483.8353329,198.2076041,974.2541871,890.9893804,205.1631765,475.3761859,967.6214644,439.3768332,759.7663309,1233.537169,428.5312932,466.3663018,845.0356962,885.4689319,588.4958354,770.4751469,1197.110645,478.4143664,154.8633334,293.5847874,238.5062542,513.2826853,494.0430418,923.352043,3051.843266,277.5526679,1408.47021,250.1036883,975.7374032,135.345083,1357.327519,277.4943006,1799.628034,181.7799854,1014.508486,889.1840286,2330.692467,248.1398486,135.7983395,1958.048389,457.4808048,456.7322221,1221.913773,318.5714853,341.1642754,416.2683779,88.23262521,786.1424382,1213.313771,321.6715548,3098.032901,594.4496546,824.0761445,266.7657524,2621.960432,982.5913099,343.9317857,820.3265086,71.35624332,1027.657195,322.2653937,3064.658161,1315.518617,2444.532316,219.4826765,1123.083712,1657.881705,1865.946118,1745.915768,265.692972,585.7121954,746.8777563,214.5678519,672.2286691,386.8304213,376.2901371,492.119664,388.3332754,299.5365794,753.7485842,725.7035466,1150.074635,1564.872811,169.8424617,331.8296276,406.2721189,575.154741,308.3652702,710.7790748,351.0676673,269.3793797,1097.890191,256.4027118,274.6000518,114.4818273,1102.691471,584.1719147,742.1330819,367.7358922,9493.48449,262.4319353,416.3327596,1225.807647,263.8819962,737.1425969,223.5207771,2326.438486,1976.574558,557.5701791,1037.014025,32.10303656
289,2804.676958,2461.028547,299.4884524,162.5733244,669.2797875,352.7430073,382.8141693,1724.007693,1059.338929,1937.314233,382.271211,3072.080263,559.9425078,388.3205038,813.0908617,1737.886569,1266.021331,266.3179301,466.0499311,734.8591786,203.4823831,220.7801613,356.0363445,726.4885811,83.47815237,384.7658141,164.0330632,247.0923821,855.6966538,581.0286264,99.58426786,1489.22252,996.9963327,382.4021288,2585.864946,1906.907495,353.0901295,2580.563173,451.8997009,355.8842564,2905.927367,431.8874559,308.7744936,556.7541095,459.8626045,163.4975195,244.7881273,233.2408752,303.4536673,679.1901093,161.2401492,960.3776933,1214.772896,598.1581412,595.9731549,347.9700326,1616.527737,633.1980719,997.4923025,105.0582391,597.2814565,688.304015,316.9980808,773.1475761,991.671655,426.2603726,1342.070886,433.5473206,498.9024186,86.39515516,443.9611765,514.3697115,2691.466842,435.3815704,196.219863,796.9154981,330.2331474,729.9025104,1684.190913,241.6241125,148.3763053,547.1723242,1087.584605,284.9477509,485.1904542,1123.222126,133.0384943,1259.451064,1359.405923,487.8417811,205.342961,1055.031624,840.330973,217.616708,492.5149478,969.2606152,440.4715509,757.8079797,1181.812147,442.6897685,464.3863508,875.7734846,910.9702653,590.5505181,782.8375404,1236.682314,490.9583335,160.0548916,311.7975166,235.7487621,514.7742753,509.1009845,885.4046157,2971.288142,292.1950054,1395.153046,267.2309249,996.0098957,134.6350277,1348.586535,257.2593682,1885.778893,204.5420335,1019.535717,861.9197497,2278.926482,233.5522776,141.7491679,2009.305748,468.4825296,443.4271949,1182.037194,339.2744031,337.5788778,408.2589836,97.20464247,825.0972574,1284.773111,284.3828526,3258.617598,627.9615229,817.687898,262.6920595,2481.821033,979.1630227,338.0774749,827.4725455,72.60858509,1048.740763,314.7439835,2951.233424,1264.724725,2472.519806,219.0318315,1158.403166,1584.785834,1912.973362,1665.017131,261.924841,593.4929047,776.0612087,194.9623917,735.9446574,356.1912804,378.8341191,487.3217274,379.9743251,285.7577527,800.4002918,676.4877655,1227.834541,1466.484925,173.2107174,354.1243728,390.1729578,656.1242088,328.9663569,718.568787,332.2475526,302.5468602,1130.26418,280.0723792,293.43852,118.5452015,1064.376404,616.1247111,732.2705107,401.192935,9673.577781,243.9253057,392.5345363,1262.077805,272.7240544,719.3618249,213.7858244,2386.726256,2058.170496,604.5361264,958.6141172,35.86176449
290,2743.761304,2588.158117,302.9195671,165.9090045,639.5328584,353.3781587,411.7520408,1666.209185,1157.523077,1909.368151,408.9317612,3367.367472,576.017703,412.7321701,782.1189311,1612.836501,1344.21428,254.1749477,425.1206071,780.8572185,187.9373787,233.67602,361.995421,782.0714278,85.40453501,369.3075402,156.1145941,220.7870892,863.3638033,618.4368347,109.856313,1444.329525,1099.313536,398.2135486,2461.758258,1911.498735,361.33688,2546.585621,460.9412163,366.5421265,2768.801407,414.2936257,272.8865314,539.5414829,461.0096249,166.200886,222.3278611,231.9486908,293.4145944,693.7347502,167.9955586,1056.168176,1197.033392,691.8600543,596.4634227,327.6051726,1726.147176,648.5235988,1007.740528,104.1469191,610.3768467,721.6116988,321.2189474,837.2329266,919.2449218,442.467078,1276.609021,478.3510639,500.6845105,77.34978939,421.1701901,505.6676886,2828.968489,465.8091174,201.9830675,784.1681228,323.1905775,730.8700994,1758.523289,248.8179744,155.9566573,560.3887872,1165.073541,288.0533046,477.2512429,1157.434862,123.2430968,1254.934994,1341.486899,482.3766601,207.6362464,1007.786771,812.5675733,205.119032,525.5019578,1058.289055,460.8280853,749.1845154,1206.844261,463.1195015,460.4014207,766.7622873,1056.624494,550.9738274,771.5943549,1201.925098,496.2986576,163.9886678,315.9832343,242.8750546,522.5943669,528.7190125,940.1976136,2803.006289,316.0698028,1389.81375,264.9505371,957.2430723,137.5687464,1334.297849,241.5460997,1855.050547,223.4902853,1024.682238,841.1011957,2130.189454,226.4699785,130.0183269,2069.824047,464.1419118,432.4098163,1175.881227,320.3715706,317.8792578,391.4752933,91.48618556,829.5373036,1231.070748,304.5527838,3331.540699,655.8827089,813.4870825,256.3748407,2458.57248,922.6868372,330.8471564,901.7445169,74.6851063,1122.888419,326.3543269,2901.922946,1171.898921,2379.814552,209.7159616,1110.938609,1765.181276,1882.427929,1655.460492,279.2408253,608.4381607,717.090331,195.4093546,750.9193103,354.500289,396.6761625,438.7263125,365.5424538,294.5474151,872.546173,698.2273869,1249.849622,1460.633265,185.8856542,331.0176846,403.638413,614.6709888,352.1929976,679.1427616,346.1565964,319.1659293,1130.185733,282.5483135,306.3348275,118.093878,1050.491126,614.7247799,754.3666822,404.1727303,10113.90868,246.0546497,373.6242692,1283.961704,327.4653975,728.0057858,239.2180322,2379.574667,1973.677201,582.7779035,858.6630101,34.29195276
291,2964.455665,2438.063262,312.265888,155.5278583,658.8058754,363.5825721,409.9672708,1701.353706,1170.456959,1918.241712,405.067747,3402.098477,579.278173,380.2579812,678.1376353,1637.615079,1560.065696,252.872538,367.501861,796.2764029,189.9671254,227.2961221,339.1927521,829.8042696,80.69413829,442.1692789,146.6824253,217.4405991,827.785309,645.8862114,105.3164582,1417.824144,1194.603227,387.2889461,2584.492425,2035.257915,375.3547364,2510.342904,468.5723508,329.6313305,2746.028758,421.9697669,265.2605164,560.0835572,446.9657851,169.9999599,225.9293043,221.042052,284.838022,732.6266001,168.5839644,1125.639309,1235.293763,645.0372742,632.7157245,341.8770398,1795.84034,631.5043027,1023.967152,102.4313683,575.6189075,734.2063804,321.9515209,803.4821947,929.4324109,428.3489637,1323.287001,464.3117205,534.4703983,79.31603015,399.1807728,515.88299,2755.923249,456.3851642,209.6210018,826.8622048,304.572535,744.6316544,1759.972743,243.8230717,150.6359233,579.3918939,1129.795505,257.2263039,504.3017652,1221.964871,130.6422559,1211.766524,1321.17171,482.3397885,222.665572,915.8190321,828.5005544,189.6057112,514.7263864,1011.157126,475.8557743,730.6688272,1240.786218,467.0222032,435.4943936,770.3750887,1072.80664,495.1326344,725.3574848,1266.914146,553.1602057,153.9532607,346.5328309,247.3980253,530.8689468,558.0135568,960.7755931,2581.564481,342.2408252,1287.961371,297.901091,1011.8195,136.0635126,1230.506425,235.0545245,1874.149088,222.4490818,1140.839143,889.7569713,2087.585369,243.582235,130.8604128,2040.220948,510.278239,436.647532,1199.910415,317.8198506,332.6794867,361.0789814,95.70537764,849.5152589,1161.248227,336.1510006,3235.477231,641.4662412,785.5751932,293.5133361,2441.62451,1010.159316,313.2973301,844.9705009,76.56351897,1086.47591,310.1357823,2895.566692,1233.926499,2602.260799,217.4871421,1189.56707,1785.574728,1804.638184,1681.67986,282.4976907,601.4666403,694.2866938,199.7513409,771.7323699,341.4903764,424.2433183,440.3944917,364.0282963,285.4815749,894.1329886,702.7579458,1276.701979,1329.816996,180.2805102,346.3673449,404.2636617,637.3344671,363.0781712,672.2975958,357.0455103,286.2363049,1086.8421,287.2385493,286.6005145,120.4243319,1076.07208,631.1505499,762.0013926,417.5875796,9990.480343,242.8013677,387.0624347,1307.373874,331.311813,745.5127624,268.1792635,2429.573781,2130.137095,601.394137,895.762637,36.75694611
292,3038.257756,2509.490064,310.6363914,156.2264665,673.2616222,377.8455213,363.7234079,1778.708254,1201.942451,1824.572555,404.3653846,3416.057693,587.7211877,409.2638395,687.7241422,1658.356888,1498.310524,280.7926225,370.445422,828.2156532,193.6044008,216.0321696,345.0981543,872.6919821,88.07506058,459.543208,158.0584319,248.504581,804.4339896,712.8979871,103.9346113,1421.472642,1190.121885,369.0794502,2402.350996,2104.111624,356.0169854,2380.475141,485.3120262,356.216013,3085.786499,411.321449,273.108364,556.9297792,437.7215548,169.6284829,225.6740083,213.6450236,296.2214599,771.3625325,174.3932029,1137.729041,1281.392131,669.1800094,659.8831446,337.3251544,1759.826821,606.11328,1078.422704,109.6846816,535.9411027,735.8025594,322.2147288,793.8999591,1019.452876,480.990925,1410.428303,436.4364098,481.2955073,88.68489466,408.6316419,587.3399588,2907.094173,422.8724952,214.1951374,921.4945475,286.5595378,776.943646,1745.223544,256.38641,159.3137652,548.5366727,1113.262049,246.5020844,522.5670938,1232.536077,119.4929961,1278.222151,1149.128705,461.0714535,209.9124027,867.5231832,818.8980414,211.4165174,509.2750336,1041.299556,466.3187699,681.8623801,1252.031175,487.2479611,457.3629484,717.2247031,1049.041527,493.9706745,787.5086019,1338.63547,554.5061641,149.4825472,344.0958007,273.3867862,500.0403413,554.5118834,981.0629286,2560.254748,310.5391807,1388.398005,280.3684345,1105.29602,136.182027,1122.001221,248.109208,1873.50256,234.3266526,1166.046425,870.785435,1993.547162,243.3360313,146.2792507,2025.868022,502.4389065,469.4038131,1318.377678,314.8002133,317.9518832,388.5459473,101.5746304,891.3465741,1100.820683,311.5324253,3022.832292,701.3423642,826.5738898,331.9095703,2493.108139,992.74932,274.340866,813.8036075,76.67948747,1086.230162,294.3540326,2817.47318,1137.298438,2636.599651,217.2613256,1198.758844,1632.087967,1717.283394,1559.770304,274.0600657,603.5387248,694.9803583,205.1903414,851.2433124,343.2621055,427.5748178,478.3648824,341.154546,252.327197,932.5897723,763.1223936,1211.60084,1343.305607,178.5738307,325.1060828,399.8072058,609.1805613,346.3794099,620.3539446,384.2678385,291.8184695,995.6989242,293.5183662,291.3369016,117.2519113,1183.37306,618.3851615,708.3612776,381.531572,9864.589328,254.7700923,382.1679444,1278.245909,337.4793513,766.4698031,295.3675737,2317.171241,2015.851486,603.8909503,884.3145334,38.38596587
293,3031.124442,2505.328591,317.8263638,152.8092812,649.6192313,376.3298959,371.3175111,1874.314597,1207.831412,1729.261766,387.1595125,3677.434616,603.3608331,372.5387966,680.5979162,1689.377106,1540.406256,325.3941942,338.028267,751.6936378,194.8649313,207.2194518,363.5496094,907.8736066,92.5379206,444.7842529,157.7354319,241.4326329,758.0688003,730.5511004,107.8066484,1410.681122,1305.498568,345.625804,2542.919874,2093.887967,386.7338741,2344.718612,490.6992571,361.5466227,3131.438888,403.577253,289.3735688,579.6417217,428.6620988,172.5108435,234.4961335,216.0077644,278.7845006,798.6965985,169.0376856,1189.955059,1351.723036,584.7106835,686.0199002,352.5398215,1819.615657,644.9591305,1120.730146,98.72500824,542.2262181,685.2064565,297.5589804,783.4225119,1066.681965,503.3783379,1540.194071,446.0345835,521.9707414,82.02539961,395.5630546,601.0826101,2820.551696,421.4902748,202.6628946,831.701304,285.7316978,744.9272992,1748.236902,276.8324001,181.4679128,545.7152843,1090.973689,249.7487975,523.8104246,1233.68506,126.2586944,1210.81017,1032.961161,502.9945781,195.8535208,936.4147873,818.9363522,217.1205341,514.1686548,1042.506672,469.3023352,743.5304884,1285.251155,520.9726697,466.2826558,708.8544879,1087.695551,501.8564846,768.1549404,1475.207032,554.0128339,152.2181409,312.441266,263.4543579,501.6203839,570.9834476,948.1147701,2643.154749,340.9488762,1432.138495,281.3617113,1034.573755,136.0428481,1068.582814,255.4922696,2080.958334,243.9593026,1164.751853,860.5596459,1864.775629,275.7246195,151.4283217,2171.009789,488.795885,490.431994,1235.820044,309.8782932,318.046867,407.6452324,101.8374298,894.9984132,1124.077488,327.972927,3217.200906,662.984868,842.3595724,335.7476197,2433.022953,1048.884749,271.3536552,838.2158629,78.36750331,1067.720913,298.8440868,2900.451762,1198.815855,2839.685309,227.6001901,1233.000594,1602.811332,1607.500449,1583.49602,281.8571465,637.2349619,726.3814162,220.1017386,884.2302532,374.2475365,440.7469425,469.4832458,338.5695077,256.3861482,903.1463202,798.3341809,1259.193808,1289.455831,182.5897617,355.576879,420.1514066,620.0853804,359.8066975,636.5446765,382.3080937,263.9219092,986.5407679,308.0041164,303.0734842,111.3149459,1194.779792,625.5669804,664.1822239,396.166453,9648.326195,275.3257902,366.0961705,1292.399625,325.2135814,746.7578818,289.4477635,2557.791328,2093.627653,577.492804,946.2145011,39.70477241
294,3322.765266,2387.573028,288.6610881,160.0160475,657.7342632,388.7470121,391.3270892,1937.917959,1215.540375,1789.915284,382.4838713,3823.478899,598.0652776,378.2836752,659.8847071,1651.376299,1527.088929,327.2007559,315.5702199,791.0227995,182.5452621,207.3776509,370.9125305,844.2515111,90.74262812,442.6619942,150.774989,221.8712315,786.1052751,736.1332822,109.8545169,1405.635791,1193.42464,332.223893,2650.964368,2283.098998,400.7657241,2293.839042,516.9548828,384.8714417,3365.031241,452.0424842,285.0963668,612.7240185,455.9058857,157.3750721,224.2136405,210.0893607,271.4501296,834.0881297,172.454343,1121.013092,1342.99741,570.0572195,697.9485646,376.8227091,1736.942706,638.9184767,1166.957948,97.06578881,520.4308644,708.4922186,321.191428,705.7343504,1048.839004,506.2547555,1823.555027,386.6584094,484.5683837,89.88487012,408.9097786,641.634672,2810.937359,460.7262171,216.790839,790.8702488,281.5417099,719.2570355,1910.332903,244.8477398,195.0627998,558.5540674,1018.282231,253.2303633,542.5555007,1425.913402,130.5084595,1347.271332,1036.697541,497.0358231,183.3402511,942.0798814,808.4081379,219.9005826,511.4046411,1011.690762,489.5608129,727.9651977,1246.232881,497.6424399,493.7896484,721.5455426,1118.70771,502.1093929,785.6569922,1536.495571,582.6237958,159.7163454,280.272467,258.6747477,494.0220713,575.8416539,974.1618298,2956.123924,353.6845791,1497.412339,284.4828948,1091.339018,137.0333285,1117.3753,241.7327814,1985.372769,257.8419343,1152.741172,843.3732122,1931.461159,279.02243,161.2501888,2314.134988,461.8807401,510.0893341,1334.20612,324.2286996,319.8761319,384.1346377,98.20972846,833.2679764,998.8960598,354.7492644,3011.870132,673.5994852,833.0608034,328.3109712,2608.895939,1046.703421,270.8229363,819.0239618,74.80850055,1124.648527,281.9618127,3075.818747,1188.065913,3220.845528,214.258058,1262.635543,1520.746879,1464.305275,1506.294857,286.2305138,661.2060954,732.3772582,221.7959809,838.7406915,378.0054394,502.6903444,467.2065516,351.7794215,246.8301057,904.432931,825.5350411,1223.730027,1219.538148,201.7145335,342.2384992,433.808263,607.2435779,402.8155618,635.1800171,401.7662655,249.8121042,1000.47396,292.5066004,306.674451,110.3239651,1138.233824,620.775561,684.9903347,363.0262654,9937.689231,276.251126,354.8706644,1278.88783,329.6790309,677.9347939,284.2841554,2619.345542,2085.468659,567.9510784,1016.09336,42.63892881
295,3627.74486,2254.005502,302.9226276,159.8920654,699.383634,367.106199,392.1155273,1889.634509,1225.594599,1848.5286,397.9935147,3943.334009,616.2337466,378.4463562,646.8477641,1526.833852,1592.73505,332.2297394,327.6990597,881.1872289,172.7821555,234.5505133,372.9178773,848.5668731,86.16557818,447.6465022,165.8518436,239.8890546,738.4359274,718.2761195,112.7326052,1446.108479,1119.555174,314.7304768,2593.084472,2367.172631,441.1312652,2413.378073,499.1740673,405.778426,3550.73244,417.2689196,307.9038517,574.6397724,444.6505465,148.2593686,229.1348597,192.2194491,274.0193232,806.014672,174.4999606,1060.048995,1228.057718,541.2580217,697.2280595,368.4648801,1610.939568,611.7362258,1260.517329,103.243618,527.295039,717.5502051,354.4763616,717.8187045,1114.867963,532.7919648,1803.837213,393.4624674,491.6455308,83.3097246,413.4381567,591.8623013,2789.892012,438.1906836,230.0919138,780.5527014,278.0116765,646.7145111,1897.369124,221.9414972,213.3914536,534.7149746,942.0030211,282.013618,549.8558734,1460.62541,142.3520386,1315.317155,1002.65538,470.2317768,173.1819312,969.0543719,882.9657623,240.0787588,505.6594322,993.6922565,502.2279662,745.3244571,1210.099348,489.1532591,493.8727648,707.923183,1169.074538,539.3094034,805.7078043,1606.276366,592.2762661,154.6012136,265.514176,268.3440045,498.5984686,553.2392517,916.4820455,2927.814603,383.3416717,1632.802519,299.7522058,1091.676527,142.3689017,990.7247218,229.1146191,2042.294894,264.5677784,1179.565692,876.3305607,2006.879448,290.5012102,169.7812906,2233.021565,475.3602617,603.198684,1174.813921,314.8854556,302.8551487,412.0961266,101.3375191,894.8643339,965.1478971,340.6486913,2932.092463,660.7010756,856.5621509,338.6614786,2522.086901,1081.675338,289.7616243,779.6467561,72.47454912,1174.430447,300.1048075,2991.00626,1202.072639,3362.481254,211.5318132,1168.660147,1648.687815,1503.084473,1581.497091,307.362799,706.0912157,772.3946664,245.048447,869.9920253,348.2409741,485.4564377,458.0481706,356.8277653,242.069313,898.1554019,818.1462986,1226.585576,1139.223348,203.0546983,334.3372196,456.8772707,607.9197175,419.8512849,677.9624583,418.3140953,246.7712579,994.2596603,284.1215975,329.1044621,109.0298231,1252.612456,623.4337421,697.8808765,392.8239751,9774.025027,293.798117,360.320718,1297.458255,330.0441919,596.9335114,288.5015285,2555.817398,2099.05055,581.7852397,1057.917648,44.4352599
296,4049.47238,2266.77911,293.6562617,157.8537805,717.7828978,355.8149309,379.6362057,1967.774118,1246.481852,1693.658805,410.5251605,4266.678685,624.3651397,387.5019274,664.2940258,1565.617328,1537.820746,334.3254767,308.1528977,979.1811778,162.4943379,237.1899255,382.2531893,850.4081401,81.86862558,484.9188728,165.0305556,261.2765076,738.1943507,734.711254,113.7089156,1467.257287,1083.80086,331.1843066,2572.978758,2611.309312,482.7706338,2549.280013,481.7445838,388.7432694,3422.576113,410.0467242,321.062973,605.0429748,419.8104567,152.0205387,226.4765531,184.3159305,270.3194696,868.6085093,166.7887951,1019.36402,1295.214454,531.3167154,653.5861617,376.0146727,1821.130721,609.7611156,1202.429034,96.67839693,522.5766337,717.3861297,346.8107377,709.5375799,1180.755756,572.2023996,1844.691135,361.2945354,461.9076058,83.74238669,426.5523217,641.3923387,2514.854085,467.6501596,231.181133,808.5349722,272.2957874,675.4406379,1942.67177,221.5327499,230.3556114,547.7555494,976.2320342,283.3035198,529.8477066,1561.41878,137.0023886,1289.859488,995.7537836,454.9828943,151.9573098,987.3767376,932.0572063,253.0944238,528.4150813,972.1472686,494.7621875,768.3335354,1120.350268,504.5502152,526.5138924,691.5001801,1200.575317,523.9915297,749.404417,1591.061078,600.4261977,154.1021473,254.535504,259.4051691,521.1597719,514.6977599,943.2794776,2604.779395,401.2700762,1804.844671,306.7763053,1156.920268,155.603397,1036.376476,226.517749,2050.810947,267.4245322,1227.473702,930.132011,1898.734677,251.781732,166.7168395,2322.339437,491.8474557,649.5955117,1140.694982,299.8180091,335.6065522,406.4792413,101.0427761,894.9221568,921.8761131,355.0363842,2805.298112,646.3662453,929.0974495,343.4824219,2524.731229,1007.165246,259.1864767,780.3711232,67.41613176,1227.740978,320.8659069,3063.94419,1229.014486,3479.543612,225.4565388,1148.735195,1743.938484,1399.687089,1566.089092,305.0317717,764.0580446,798.176683,254.2868086,897.5463303,351.5510622,542.4746622,472.6756434,373.295933,243.08508,919.7778828,848.7705698,1176.725804,1154.290336,207.4642507,337.4826647,440.2679781,629.1709973,376.5560885,646.980664,416.926254,237.3069241,985.896596,268.1628947,342.6484963,114.0903808,1236.30335,641.7023618,657.329844,361.9953058,10452.24348,290.7492109,362.7368282,1390.6126,364.363191,613.4904118,297.6736318,2485.046634,2134.673304,578.8344081,1119.774751,44.40303529
297,3991.640741,2200.300489,303.9027201,152.3025109,798.8645759,360.6125266,377.7280107,1884.348706,1220.135989,1712.860678,379.7664885,4381.787645,685.4517278,419.093884,667.4100995,1617.449225,1501.669082,333.0275343,279.8563063,1043.887597,147.0282655,251.6816635,378.6862142,803.2868102,85.58990217,508.7914628,161.5184018,275.427085,767.2148445,751.859299,111.9993601,1430.826911,1142.528813,312.8231635,2737.472273,2557.597544,522.5843174,2729.833293,463.8480292,435.693995,3372.923437,428.1332782,328.0749958,595.461666,439.8540044,159.2747733,221.2494525,185.6118151,274.7860227,925.1247625,171.694509,1042.984227,1288.991635,580.7199681,708.289024,387.903347,1735.213117,608.4329255,1264.337052,110.0368915,554.779776,721.8370153,360.5460293,693.5865298,1196.808452,642.6578008,1701.315841,376.498153,462.1724067,94.55468543,420.2476618,622.1689545,2489.362698,507.3843187,235.0418937,823.209633,279.682902,726.5908729,1965.566436,228.7223775,239.1662422,570.2307344,1004.075052,282.0944475,556.5473066,1489.009706,136.5237864,1219.363965,964.1568789,467.211385,153.0878077,1031.645385,922.9170435,256.124821,519.6054858,997.5483071,468.3705184,762.2950756,1124.531229,496.1823583,511.847454,686.836636,1196.83801,536.6161741,787.3499655,1718.714374,641.5332241,151.9662275,261.0887849,287.4465954,509.8715753,461.7159979,1004.004281,2781.451608,372.9850161,1977.195991,295.6929148,1180.819439,155.9261251,1049.047245,241.04257,2148.767525,262.0542705,1271.013923,932.7306044,1858.31044,262.6258222,176.9527139,2370.092748,503.8306619,644.5552175,1215.670072,300.6953593,363.5024048,391.515481,98.97215055,809.6247204,943.4711242,348.1657545,2964.58855,644.1827683,905.3372838,329.921697,2542.114406,1060.401644,246.8789781,777.6681419,71.18047097,1293.510341,288.9064856,3183.011855,1200.196141,3642.648868,238.0426709,1231.423021,1620.715311,1438.762704,1584.805082,313.2551049,713.2067905,838.5104708,261.3002833,807.4070198,349.7866581,505.703301,524.6868402,394.0220266,247.1281175,925.7230441,860.8850381,1113.304412,1121.884351,218.9414336,338.1134956,450.7653497,642.0840125,397.6009681,653.0488847,486.0545204,246.9056783,978.4872605,283.7333781,326.5595447,109.3213833,1255.898084,672.4643098,651.2942667,387.2098316,10535.68718,297.2042516,338.6103958,1419.797414,386.4451515,619.7277465,278.7079084,2507.937367,2302.505718,627.745997,1050.977965,42.46346891
298,3842.571384,2043.394927,307.3204471,144.375824,749.7558964,362.8754519,407.0729103,1785.684871,1271.392695,1621.97007,389.3720399,4269.950569,677.692692,400.7806233,705.6990528,1651.408754,1403.024649,330.2679132,299.1436008,1170.107639,149.703988,253.2723696,380.6051498,854.5028701,90.62507314,467.3498251,152.0662853,257.9605919,785.482359,770.8551609,112.6285198,1454.457027,1197.044904,318.6591532,2840.271991,2687.565253,505.0498676,2594.956464,480.5156047,423.2358932,3295.461253,436.0543371,379.9784492,639.8350619,452.4095462,158.8228964,212.6633299,183.4729341,267.2817633,944.2326865,170.6100278,937.6789203,1341.925755,585.7380874,661.6245239,401.7475271,1699.178038,637.1663762,1255.70701,102.1361247,578.0642898,680.5882865,363.2521892,705.7603491,1249.984686,635.366877,1668.982973,403.2643037,517.6826291,91.72918445,418.751943,640.7940971,2453.221827,505.5218358,205.7052234,840.5545578,279.4327754,780.9488016,1962.433746,218.9385244,246.048301,565.4920489,922.565971,263.3956274,493.2224048,1403.590059,140.6624121,1275.268332,1011.327399,455.5992169,170.7365304,1006.739646,939.2633518,238.4036258,487.3855012,1108.453772,428.8425352,801.0814509,1098.515121,507.0215812,529.4520464,753.3956609,1146.793484,520.7850588,834.954246,1559.579922,636.781038,135.3963428,254.6127431,305.3889293,510.6195293,440.0295723,951.5554602,2878.306762,364.1956901,1840.483564,287.2127465,1196.998369,157.7929707,1169.302959,236.537599,2190.491441,266.9176247,1354.284494,918.8859121,1791.216084,243.3499908,170.6855968,2553.53872,512.7525573,691.8506615,1218.844872,300.7737666,384.0047241,409.1571016,108.4168101,793.9222807,951.8609336,359.6218752,2823.814187,692.7646072,899.9654047,349.8775225,2909.678397,1038.638689,235.5243855,768.4209029,74.41955122,1244.099533,299.8847857,3217.042658,1158.294196,3520.975749,221.8385531,1251.079179,1689.057793,1560.713195,1399.02755,313.0666161,732.7328883,919.2653489,262.287805,832.2946667,346.4786687,517.5845942,522.638796,351.1563248,256.5025186,879.7415005,869.6662132,1166.357205,1139.579606,218.5605422,325.1045068,441.6280978,674.6747412,410.0039328,656.9140075,509.7239252,236.1771034,932.9890096,291.7994752,322.6478353,113.1527819,1216.96176,701.0543586,562.4836724,438.3275999,10610.55105,304.4829437,285.4501721,1379.750122,390.4984287,623.3569782,287.9944887,2426.141671,2200.289518,661.9791243,1068.432726,37.52544603
299,3922.203319,2247.406573,298.5783484,144.5289029,686.3206436,313.0973267,405.7743871,1919.893142,1201.215535,1680.705068,433.3022333,4426.209679,709.4806316,423.6657443,624.379428,1688.045636,1326.268946,355.4178757,306.74113,1256.770953,145.452673,254.9082901,408.8195722,920.5825166,91.56631508,445.7449094,159.226686,249.4183445,773.4833601,705.4639908,116.7506518,1576.687801,1150.065659,330.6610928,2768.561304,2828.240629,507.063802,2770.507189,450.7048859,406.1629614,3358.138118,419.4581078,388.8934384,656.339494,478.6020592,159.184151,192.5156461,176.8249818,281.8926423,971.2792669,175.1975721,993.8547633,1389.589211,594.1654494,722.3108879,383.768338,1652.507204,682.2939726,1270.4816,97.62535488,578.2532142,691.8783798,364.5237413,756.5980009,1291.776217,671.2115193,1531.075261,442.2715032,512.5313185,95.30523127,407.2451099,654.8964628,2413.659537,490.1407004,223.6319949,881.1407384,279.814786,814.6878402,2083.959204,221.5944339,290.7186984,549.2050633,868.8260342,262.9050098,533.0338572,1405.37383,135.8006397,1297.05504,974.6610378,484.2276287,170.7937182,1097.313637,899.8353272,240.547609,441.6869824,1060.00407,449.841009,819.2434926,1033.472325,554.0671891,506.72526,765.4138442,1194.256953,546.0211862,740.0688355,1559.372427,654.6800199,137.1338877,250.821873,295.5389606,561.0007464,486.0452649,1000.924109,2852.910043,352.6664516,1882.104417,282.1911925,1043.742177,157.7187047,1177.470889,234.6839869,2266.702525,265.8943843,1219.594763,861.716774,1784.317893,246.8878312,174.3233285,2606.027256,551.4939568,692.359083,1321.844769,298.0179431,388.1489602,409.1808158,111.2835482,826.958722,994.1320601,365.4494513,2888.038441,656.3454826,960.7548003,333.2462288,2810.843132,1125.652685,240.7173152,822.8000868,77.69065239,1245.015002,289.8505486,3370.681623,1184.319699,3355.114784,213.2468659,1179.455523,1607.115533,1605.17611,1458.328026,299.6208243,761.7427366,988.6071105,252.4601738,839.9825754,356.0461788,497.5143422,527.9810922,357.7630564,232.9084921,884.8366595,911.2666643,1272.85339,1192.675576,221.2788795,323.7183583,414.7702894,710.1175033,424.6830573,649.0930041,525.3922506,227.4765936,876.4998339,270.694835,341.2785914,114.4938526,1149.636496,761.3890501,568.3660628,451.5438547,10038.35518,309.6312161,262.9438665,1405.753879,397.9666198,577.947098,287.4064479,2507.811173,2115.662641,668.1386358,982.0257621,41.57783469
300,4095.12249,2185.82892,292.0835214,137.6797276,766.8749207,313.7542626,392.63842,1832.519238,1167.822145,1856.958848,454.9354331,4438.228453,698.6552194,454.1051439,629.2900444,1730.073224,1294.918071,370.03658,340.8083528,1238.85194,162.4763742,266.9779058,407.7600921,957.2548329,96.88727721,466.8906532,161.5508665,264.1370867,769.4574088,737.4630328,106.9753096,1717.94329,1128.899429,339.1638388,2442.383361,2619.999094,485.6061059,2689.866178,439.303198,423.1051791,3082.800683,418.0822134,429.5002977,739.1096142,502.6523535,165.5602788,209.1387375,186.2572961,284.435072,950.8963023,182.5853233,1020.013895,1480.66006,592.9168196,666.0492603,378.1415882,1445.267123,760.8447159,1277.402515,92.20223615,635.716692,666.1718044,350.6756438,779.4494768,1436.764414,630.6820866,1648.867765,460.7233501,477.6216664,88.27147783,395.4579369,677.0252914,2372.26733,530.371546,223.1751963,873.3581031,272.3913939,811.5909226,2212.122923,213.8951532,272.8444196,594.6409389,852.3820985,267.7825988,517.9081008,1398.851089,143.490538,1336.468132,1025.23616,518.6330168,176.5629303,1074.250822,875.7717194,246.9997854,443.7250531,1109.340762,452.216658,751.8181153,968.1831253,582.2151763,564.3290221,813.5126497,1246.662497,543.9896217,680.114215,1634.506961,707.8170628,138.3754131,246.7826377,288.5429671,525.6144316,444.0746647,1011.775921,2800.0473,374.4434334,1959.859545,281.7125452,965.2554031,161.8372775,1180.883826,221.4568035,2314.420135,279.9722076,1191.403301,900.8865443,1846.551466,218.6934738,166.433804,2589.370192,584.960456,659.3010268,1240.753566,311.4980533,376.049734,398.7857668,126.0659021,867.2642875,1083.502952,389.4491806,3109.263497,607.3956262,930.7113859,329.1619952,2912.217759,1156.902771,260.2449461,890.811303,83.07120042,1367.89445,267.5584948,3548.012112,1176.303621,3594.432315,201.5979273,1283.539143,1864.864751,1591.857077,1527.984896,319.8685817,680.9458643,985.5164838,271.7367372,825.3509866,332.5157124,489.154403,505.1705403,358.1257502,233.5406836,1028.3511,891.5165989,1276.885148,1096.231014,225.7010198,292.1807626,409.0022738,726.2078177,407.9628324,703.6858901,518.3362283,248.409138,828.02512,260.9318562,332.8143632,112.0400551,1211.186072,796.67619,608.1154703,474.1422362,9435.75416,325.5453571,268.6547009,1451.697789,379.8649662,596.7366619,326.235468,2683.313512,2154.051819,685.3939574,969.5435151,40.1183181
301,4123.76969,2172.368801,298.9858198,141.9484675,740.6362377,310.2370348,385.6048079,1808.646277,1102.534217,1855.413801,450.4643449,4204.773476,735.8472023,468.1712429,644.3038478,1800.987752,1218.196429,371.2734856,344.6937496,1214.458071,172.3655769,268.3460087,403.7473641,903.1689622,93.317312,436.6013722,156.9208519,255.0473765,804.4092828,816.5294056,110.2299537,1726.98194,1161.833388,370.0522556,2488.522254,2738.661759,518.2096211,2933.676096,486.6145991,436.6449681,2982.825413,432.2434936,450.251217,670.2629836,457.4857886,166.3210651,234.1582058,195.1983959,286.0309824,921.5223981,189.9842375,1050.936893,1615.409551,577.5624319,628.4392683,374.3596403,1654.551344,780.9056893,1259.530096,91.98645169,521.7777863,707.1173066,380.3797656,756.3534896,1452.801931,643.073609,1737.924283,471.8518642,496.0841409,90.23083748,407.9125801,577.5519967,2362.916393,505.2771686,211.2143738,891.1185643,275.1487765,807.2796643,2459.783743,220.3623126,286.9513199,588.0361425,870.1367571,268.3815997,542.4539178,1377.80647,163.4243687,1453.673083,1015.001731,516.0428478,171.3437672,980.6723354,841.4899906,241.6388403,483.6911916,1123.604691,445.6837639,784.1218989,1018.352608,535.3440222,562.0977466,817.753614,1249.346687,527.907432,692.3268854,1770.303051,712.4612501,139.9106731,242.6375134,273.8008911,526.3706238,443.8959705,981.5251175,3069.944595,353.7536203,1968.92672,265.2410159,927.70192,157.851299,1195.369546,218.8238109,2387.895074,268.7763698,1171.10949,837.4426624,1717.04699,216.3671986,153.7838013,2786.809143,608.8776925,623.9808865,1249.093825,315.0707848,432.3332107,423.6122601,123.8796951,842.1805155,1047.346185,385.6177227,2912.733641,644.5687776,889.3542379,315.5789375,2793.874615,1155.723382,267.7079218,932.4637449,83.75808487,1401.630028,265.9665182,3344.284481,1190.390144,3811.934337,193.312341,1389.92729,1927.136968,1505.25918,1519.556263,312.7762419,662.478698,1017.787405,297.5499373,771.683858,326.7823847,442.5093534,549.2940562,359.6065989,242.3643859,1002.715865,921.5459955,1398.84749,1138.036629,225.8097105,262.8824085,389.2807153,743.2568912,401.3254368,712.2455919,561.2930377,232.6968626,903.8392237,265.545158,352.6384797,109.6729826,1274.896273,800.3155385,623.3398935,446.012377,9076.68162,341.6710203,259.3802988,1455.878121,400.0934117,637.7612297,342.5496961,2602.584723,2348.174925,633.4442651,988.8983591,41.92990056
302,4098.36961,2354.280313,278.2589317,143.2213767,789.4006031,318.6459352,390.8793702,1805.32368,1038.937262,1872.841483,479.904494,4364.839896,785.8673658,520.1785456,622.4618584,1758.875528,1161.100206,414.4099447,373.5875562,1194.554396,170.3255932,269.7246478,451.4093948,914.1678337,90.31506786,435.9362486,171.4861912,262.699284,863.440298,771.4061247,116.5721191,1893.961636,1247.112851,340.9034193,2552.161204,2663.470372,500.3949971,3053.633512,497.262526,446.7325211,3440.940959,467.5721403,481.1388094,725.8537922,457.6313035,166.8867416,261.6397824,191.6066864,279.5635937,1061.694475,189.7328541,1029.97878,1591.76679,559.6880511,663.2999919,359.6449849,1827.413843,881.3483808,1180.384974,80.59113264,521.6240792,652.010941,374.7034079,758.9051661,1430.003584,609.8888347,1843.169502,553.9139424,525.2329489,101.6468237,396.6256094,593.681908,2214.209133,523.9739713,207.0930618,871.9213197,283.9648933,833.007955,2468.734211,233.9889145,289.2703635,566.3295139,861.260163,290.8190133,592.1176485,1397.11776,175.0789739,1502.92627,1028.006168,470.03773,171.2233324,1058.199566,823.1522354,250.8397537,469.9186184,1118.578014,401.7622102,831.4161541,1046.582066,524.1502114,578.3294583,834.5841953,1380.304349,550.13713,784.1358472,1641.218924,771.0814018,142.0030511,240.1292242,273.5904802,499.109656,414.0430381,1001.551605,3242.422201,350.0727062,2197.3557,260.5695509,902.2898513,157.0971011,1220.968102,211.0277596,2536.481087,279.4707373,1240.896039,818.2886921,1595.775434,200.9432096,168.8428058,2692.36461,636.9477299,601.2411892,1249.444352,305.2139811,449.806369,362.9017986,124.8698615,836.9537021,1082.751634,356.7980102,2906.069165,694.2050721,919.0679612,295.6721656,2821.574035,1150.126688,269.0838676,1015.681475,76.11448321,1409.753789,262.1161133,3269.918361,1160.608476,3783.892028,202.3499707,1471.838313,1849.024983,1602.660324,1537.15775,307.6381296,707.9430837,1047.530378,305.1204095,843.5873634,336.9387228,409.4158445,538.3511183,334.9186445,239.3235031,916.146509,966.4793383,1460.234601,1195.383557,240.0621731,249.5363325,360.2035642,723.7530684,400.5335142,684.6816201,563.964043,239.2226274,872.0159055,268.2222924,345.2642433,124.6028237,1270.072966,813.6584747,685.2106312,432.3158695,9122.491952,347.0724239,271.4710512,1402.103492,421.1681514,608.2499308,354.6385832,2642.134772,2437.115399,597.2560852,1066.185478,42.29188122
303,3998.30584,2498.000652,255.7855084,150.3590416,758.3590351,307.4006974,423.5438345,1822.741379,1006.625866,1899.918233,485.3890588,4239.347705,773.5706901,527.6964033,606.9983875,1739.505345,1119.620948,449.2652015,372.1603053,1170.832637,183.070375,262.178766,435.8414778,878.1992814,95.59267255,429.6913084,162.6990632,264.172662,916.1644709,825.3473604,114.2754776,1836.190153,1445.994871,341.0362302,2491.345079,2595.04338,488.6736524,2793.45161,525.0523011,442.7860291,3351.498558,449.8282094,489.7495248,740.1817183,501.4477687,154.6109208,278.4618567,201.1685011,270.9951336,1062.444048,197.0482849,1033.653212,1574.043249,550.5172073,711.5674705,363.7073786,1827.116279,928.2483748,1302.031605,83.36621098,527.7974606,698.8361806,382.2534311,810.2862306,1363.259281,678.4163631,1972.334436,590.0712739,551.392679,102.9525877,335.2243819,562.2542443,2413.660625,503.9717278,214.868283,896.5355267,302.2642705,841.5389959,2471.763354,257.3493433,308.9586561,554.722231,860.136126,276.9131617,651.042056,1556.874991,166.0543552,1561.288661,1119.120237,485.7934792,158.8360407,1067.907798,812.907756,228.7735379,485.4364636,1221.373561,461.2144459,846.9324904,1119.658767,531.2057349,612.9782753,821.0870868,1446.354973,550.3492051,827.7403365,1851.11343,765.0778539,135.9444021,247.8865891,276.3928085,487.6414657,395.0137472,1015.839399,3047.353983,329.4038929,2300.324862,284.123104,937.6774401,166.3828148,1210.360646,194.3970023,2762.626599,248.5095461,1240.393858,686.1200926,1671.157404,201.096618,178.8935945,2686.018702,672.3473772,624.5422306,1135.603853,307.3071178,459.1460853,382.6546857,132.7987571,853.2006954,1102.61487,352.5334191,2907.740141,706.5532663,940.3078943,294.6945283,2897.779402,1145.082308,262.064402,1030.15776,73.59635186,1432.294465,267.4236557,3187.104696,1271.522265,3616.449998,195.1027162,1526.450246,1745.52615,1634.120087,1444.756201,312.6760885,650.5450493,1001.567162,277.0026383,954.8635182,316.5945862,389.7704002,580.5872735,337.4650782,258.8321395,876.0587145,967.8183549,1540.767761,1279.564117,233.458715,247.5597759,349.6214868,729.5244991,451.9851237,776.4458212,557.6898588,246.0571063,935.3446411,251.5361187,326.7105692,125.2159409,1352.237667,837.1542337,742.7464172,411.6541141,9290.523681,316.9197283,280.136096,1414.162666,423.6576289,634.2779091,343.753172,2395.526676,2477.866186,575.9230288,974.8439056,44.84047945
304,3791.027556,2553.747543,253.6667561,148.1715698,752.6052573,311.8723338,413.323824,1903.118737,1062.217945,1824.939132,490.2420081,4271.413199,742.3423846,524.4438478,596.1995771,1835.119752,1120.284912,509.5299552,362.0740421,1159.511258,187.1747719,268.6280428,440.5478299,909.6811764,89.50219112,402.0473719,172.536701,268.7181742,921.7607744,771.237354,124.2377649,1815.025546,1417.757938,368.5840803,2410.152737,2658.002288,464.3603579,2974.834127,536.5989401,465.138141,3142.633345,447.5760262,462.9148462,737.1184081,575.7478673,160.1966233,289.0680137,214.8959051,259.1325549,1027.2686,203.5411908,1086.840359,1623.803828,542.652956,690.5609367,386.0964051,1835.321957,938.245114,1398.0624,82.14724819,490.1824478,644.749971,371.2502512,755.1056349,1413.30208,733.8454926,1847.810163,601.9724759,588.0014905,115.4130759,329.6544129,559.3786463,2624.603375,529.9202143,211.4125194,930.7205685,310.2196062,812.8678924,2561.788182,243.6610514,307.9256364,602.7406482,878.9834443,274.6481993,659.0413068,1559.978654,157.5292192,1602.101348,1196.858509,476.2581343,152.7606297,1046.278204,749.461847,211.5364051,511.806797,1250.419355,454.108239,867.307669,1190.914238,537.7172406,629.1714017,746.4832151,1450.927483,567.9280279,853.2419264,1768.720059,775.2668872,136.0563565,265.5741273,319.0422551,478.8108377,409.4922802,956.0004302,3007.125641,326.5798245,2278.657837,281.4419041,983.4743263,166.6500274,1184.34048,219.0101086,3060.531749,238.2205803,1252.105889,734.2801511,1668.048886,209.2369332,170.5812227,2608.269273,674.4092328,599.2960304,1188.453699,335.0292794,466.9830452,373.7903846,144.209928,871.5054902,1002.0606,352.0278219,3147.757051,715.9303506,1060.262601,323.432334,2928.286646,1111.729778,281.1452589,957.1247504,74.19075158,1443.756628,251.1222391,3451.98389,1275.703526,3651.055751,190.8414139,1539.147643,1644.589864,1738.483973,1448.350968,283.2831143,636.1233947,1019.607017,299.5748279,990.3219583,317.4260586,372.240719,579.6044957,352.9142852,278.4027395,944.2013272,981.4890907,1575.78489,1254.505749,219.0458746,255.514814,354.1576908,783.4115405,438.6906962,799.6588312,559.5546227,243.0190289,920.8680709,247.5593554,320.8798015,124.9713343,1313.716906,770.3321098,732.1271483,477.1212691,8988.050393,321.8263453,266.7537057,1335.92403,392.0522307,599.7266529,344.75914,2262.519456,2240.158928,604.6619604,991.2025455,47.16543989
305,3746.582494,2501.469208,258.6097201,148.7151698,822.8338506,319.0888908,400.0647029,1789.878282,1123.287803,1939.266653,476.8586741,4226.080033,742.3367238,514.6237527,606.3192485,1826.526837,1167.358784,531.5364828,354.4494397,1154.780594,198.2017369,253.2815213,410.1510498,894.9929547,91.06181895,437.9925453,178.097289,262.7812052,981.0585823,874.5781117,125.4234842,1617.204259,1334.782778,361.6879804,2351.326657,2747.343916,484.6236587,2851.691096,566.4980742,494.0478847,2939.525574,503.8439686,432.9917459,721.435126,600.719332,166.2019145,293.5318106,236.1835419,252.7163682,1071.355156,205.2426158,1192.47982,1808.911597,556.7914565,706.3776875,398.0792054,2041.655269,928.4331866,1347.883191,86.35845676,461.4763282,641.6162578,358.0781934,704.7504087,1411.424254,804.9482939,1952.96424,615.9916051,614.2242673,106.7459428,311.9492984,566.6416117,2587.018766,546.801398,197.2052898,898.8785354,331.4111627,822.5034,2611.062682,243.4977405,301.1492935,567.8768857,849.2078795,253.5792386,658.249513,1420.447669,155.5219719,1512.262451,1187.535538,476.1092668,156.5077812,1189.294169,826.9297381,209.0349827,544.2993809,1136.668589,453.450446,818.209314,1249.569265,481.7075321,600.0313185,821.0546337,1422.417286,590.6721495,875.6481513,1804.778454,787.6703074,149.0660191,262.978245,319.1808304,494.6410154,392.5535103,1014.103929,3394.984269,327.1979782,2329.704691,287.4746409,1047.94592,169.0044319,1280.925197,244.2143866,3046.270673,231.5887625,1227.205031,791.3676323,1624.53702,207.0551523,182.8094326,2624.950061,649.0755288,619.2178321,1143.562201,356.7828542,490.9327317,389.3750226,138.5966307,834.0058411,989.3931347,367.5405568,3236.771507,694.7247393,1008.133256,346.4842205,2986.895461,1185.054158,272.3208118,966.4521018,71.42553329,1583.66857,256.482193,3543.12198,1260.183555,3772.559456,192.9411395,1531.241444,1674.157469,1933.281943,1421.416266,267.8519228,599.4756084,977.2409257,283.4452774,1051.601343,324.2661299,361.1636847,576.491652,392.9442992,305.4230892,941.4983943,945.2380905,1711.430067,1399.756562,225.6540897,252.7116779,367.8247164,749.6143527,462.2348955,890.1096039,568.3867758,247.8911921,958.5513718,237.0248885,317.3022049,119.3066809,1318.890316,758.312848,676.7882882,504.4874356,9314.744081,299.8943415,280.0829268,1328.828434,347.4817118,568.5418952,380.348976,2470.694967,2049.809664,584.941774,952.7705909,46.96486772
306,3896.73224,2605.53205,253.092964,148.7090576,850.4422157,320.7673895,421.8035382,1881.170602,1098.599095,1922.668759,436.9795353,4176.334632,780.6160966,502.8161239,574.6311204,1870.306498,1139.980067,540.1447673,349.2607394,1139.564613,200.3222433,237.4060991,405.6284536,858.5287365,88.67458032,457.9621983,173.4681657,247.8510645,1045.379696,940.1331985,117.7505133,1600.075467,1356.173495,334.1415855,2191.499619,2731.158821,474.2611148,2737.630567,593.9000888,511.9867949,3029.895504,500.7240938,409.445119,691.9222593,617.6913767,165.6748132,305.7178614,236.8772607,239.3295636,1116.038373,201.995952,1166.17178,1805.629099,617.630104,684.3428971,393.2678522,1985.391356,968.582339,1349.481983,89.33036605,491.9697806,637.1905939,370.8789015,638.2423202,1434.264084,766.3286148,2026.914697,603.5841081,615.8536108,106.876104,337.3519698,654.2398201,2717.953762,555.8900993,188.0054427,891.7648395,327.5084902,798.6358988,2431.543114,240.0671975,291.2306705,564.6026915,865.84287,245.2318531,670.1830496,1391.35298,157.8120508,1641.146846,1220.080584,462.6011493,157.5443523,1265.074134,842.5236946,208.6259594,553.5210061,1145.37032,445.3838107,777.2819866,1181.912315,480.5840118,568.809596,805.0763769,1406.553307,574.5349103,912.3756139,1752.613109,764.3620456,160.4894625,289.1653801,316.6287465,554.07699,422.6926782,1029.102269,3444.972369,334.6131229,2350.543782,292.5760398,1057.443602,171.0033531,1320.109226,253.6369253,3398.574771,229.8641563,1260.50798,762.6154729,1652.175195,216.5823099,169.4701361,2638.667541,717.1083281,594.892352,1219.787324,365.7359451,540.1014692,426.4641673,144.9046592,896.6891948,989.8422575,341.0854382,3392.380135,690.4076152,1074.813051,348.0311828,2912.89307,1184.834752,270.991277,949.442432,72.47619245,1633.467118,287.438855,3552.24724,1299.894643,3825.303872,176.3445709,1547.227045,1609.620214,2109.765739,1470.500483,293.6619183,602.8135112,1018.978944,298.9296598,1036.761703,307.1454034,361.6564217,595.4408772,438.1795746,324.1804051,935.6744707,930.2810121,1728.035702,1481.103291,233.8127922,256.8509128,404.1533886,730.3681307,476.1377452,858.0970351,596.8337714,266.8282599,944.3947357,257.1098523,327.8894018,113.8500762,1292.514843,727.6323832,656.1986003,523.1049811,9126.906099,295.2575098,292.8068863,1316.551091,365.5583518,567.5875103,357.0843527,2675.592034,1980.809343,583.756061,894.0145971,44.13587165
307,4442.199283,2822.246058,236.7082463,138.4631647,899.1100665,309.1939403,460.4979885,1952.348624,1073.525062,2064.953819,427.0118558,3990.355585,807.0695198,553.3161791,548.9006513,1875.885734,1268.66954,526.0541252,403.0686449,1054.888348,206.5029562,249.3477392,420.8516347,818.593808,81.14962372,427.3176389,165.7997853,253.0999024,1039.287474,955.4688976,128.3102913,1676.315533,1505.436936,345.2345131,2188.688653,2838.505624,483.0922908,2770.331724,605.5548672,532.6161869,2806.974937,507.3359486,394.9770601,692.0702363,664.7622294,168.6597325,310.0919907,241.6897447,243.5982642,1165.126629,196.8218958,1199.408809,1763.519042,622.8554829,712.5011716,385.8944684,2086.215053,941.3347802,1398.181544,94.28020495,507.5663353,651.4422352,374.7094557,653.9834055,1543.199882,726.1389082,1888.06013,580.3078335,678.2082784,100.4848448,335.0262084,670.243672,2659.157423,553.88168,176.3103047,992.3279556,301.5101342,757.0122928,2299.342243,255.5971177,288.0539309,577.7643959,878.252005,246.8589492,740.6428023,1409.581948,155.7988002,1498.813548,1250.255489,469.0527855,181.4364713,1223.673108,875.9853165,206.6477053,550.2985649,1121.014865,479.5427087,766.3183829,1324.930727,484.0545013,548.0623869,813.9382567,1376.761607,583.9776498,899.3042641,1772.353381,775.4111399,153.6929512,287.627682,354.305665,510.9337779,405.9001603,1010.765589,3439.538599,338.1010467,2638.33423,293.1488198,1047.442921,192.5434719,1274.434584,247.5664006,3161.117842,231.4819543,1122.980944,729.1770054,1541.084339,233.2383864,166.5950181,2908.216287,726.0844311,604.2601201,1248.5479,377.3796194,570.9657122,419.1146073,142.8511622,790.8205138,1080.490572,344.2065325,3531.370451,686.3171505,1063.326166,343.7927924,3181.437053,1125.479397,267.994587,990.1573887,66.56677225,1726.1232,289.1999707,3323.338067,1246.242566,3449.533617,168.0320753,1467.98738,1710.340532,2099.290959,1497.878485,308.9176877,569.9711642,1033.721223,318.1222769,1019.919117,276.9571122,399.0790584,641.1110838,427.4204033,294.8532938,938.368601,925.8918098,1897.412666,1547.111815,238.121463,266.0199303,378.5495417,742.5735339,490.8721375,854.4867374,606.4128862,266.4507259,981.6601678,239.1579747,313.7285946,111.2617834,1338.235297,748.046837,662.0778382,580.5698974,8796.171404,302.7105847,304.5525996,1300.356134,331.5274877,556.4167121,355.8527172,2472.517805,1968.233543,614.5450689,844.6064391,46.17019348
308,4382.874573,2989.423608,244.2925669,139.0273885,888.6883782,327.2352607,479.6871402,2022.333547,1077.764173,1954.214039,446.1103347,3940.497293,813.2221031,539.6326527,571.5354148,2037.365091,1178.621001,529.4725929,383.1395088,1130.195602,215.8785401,237.7416717,382.9771371,785.8618835,80.07353468,463.855402,162.9069366,249.5564945,1058.157049,934.9318783,125.8188097,1742.618864,1446.227254,323.427515,2471.055221,2819.820153,471.8259855,2541.962168,581.0976668,539.6041015,2711.943505,494.501292,381.3506805,688.5697807,638.3184399,162.5965005,328.6351783,246.4456419,256.7806223,1187.865962,199.3940398,1193.18375,1748.939308,607.5097983,793.9137535,386.3709402,1833.412113,976.3873965,1290.350895,96.89782761,520.9060525,629.9446417,354.1843342,634.5204695,1389.43958,721.18941,1937.650846,633.8245803,723.1648992,102.4045979,334.7235995,646.3513379,2640.764312,615.2728823,185.8818556,1014.182792,343.2013144,823.8839704,2338.030107,267.3105505,320.0226713,546.9058857,910.2104705,224.9838115,720.8353063,1387.687195,159.8066166,1700.171135,1272.157751,463.4868732,190.4543272,1198.90885,914.1096715,205.0905942,538.4427748,1119.784743,483.4996782,781.6312332,1448.221527,451.9865036,596.1977202,901.7137559,1338.384531,615.1508253,893.599657,1670.044023,746.4529071,147.7958733,281.710717,372.1426258,543.4752801,439.3563206,1004.692637,3331.111797,375.2985656,2611.608619,318.9607141,1029.577952,193.660705,1328.663753,241.0208465,2894.485572,239.0703242,1165.337708,759.4635444,1445.771673,230.8908232,149.2958938,2707.549044,720.6017995,617.9106502,1258.617714,392.557734,544.323791,423.3982044,145.8399604,761.979392,1013.533144,335.642489,4136.170488,689.2366093,1024.812615,320.6348777,3427.245301,1090.750058,269.4841844,944.811861,78.11873856,1754.440363,285.3954283,3188.022791,1136.038897,3473.841745,151.8477238,1500.921884,1824.773172,2197.25764,1424.301775,300.6552591,540.6252911,1082.836344,327.3230714,1012.537657,270.9394364,402.3963512,687.7230705,442.0215498,294.0949385,894.5974234,914.7135663,1972.346813,1637.782356,237.5379903,302.2531316,414.0534686,827.1145249,519.7042604,860.9081686,567.655963,257.2791245,895.5076568,249.5357768,343.1948173,119.4255624,1392.734371,792.7769494,688.275995,513.2626359,9591.51487,331.0449159,308.7695329,1285.653485,323.4185397,531.6488725,368.542352,2492.475942,2187.151827,646.6524816,824.0398501,42.38045917
309,4369.807555,3151.809095,253.5291049,128.6364281,822.2709566,320.505604,533.1078494,2076.964486,1091.488777,1887.530344,471.7754658,3937.918958,793.6728558,506.8762968,577.9993302,2253.827263,1104.732065,520.534913,370.0084893,1060.351161,216.4608573,255.8891648,390.5421046,808.7786159,83.68745416,438.4369352,165.6982364,246.2406347,1072.728676,1088.143104,125.5602218,1680.841847,1512.396136,326.4403996,2384.328844,2752.979068,522.1668106,2431.468079,543.7902616,553.309111,2647.493092,515.4016576,424.8228802,704.9321496,661.3214263,163.711785,331.3691752,232.1525151,276.2458499,1272.54757,200.3658566,1264.732226,1790.272378,604.9065379,788.1629815,401.0423775,1948.407067,1066.767611,1329.899237,97.9023515,494.5511927,635.181648,354.163536,633.3518773,1342.059674,715.7744113,1895.557424,675.6186275,759.1989147,101.6365566,350.094252,625.232408,2670.152824,620.6540247,203.4039184,1024.580958,336.5125262,826.036702,2493.10284,286.6662518,327.6866296,521.1940819,941.8349592,222.1794936,749.9416257,1375.163105,166.7249022,1657.714984,1284.833419,465.2847571,196.0807308,1273.072551,902.0604611,209.7267415,489.0264317,1127.86283,457.1526192,897.392423,1464.182176,501.6694678,580.3345386,923.9877088,1384.786829,626.5367852,801.7713941,1740.392224,734.1508719,161.5575508,309.1556073,368.7420217,497.1949034,428.6364482,1025.35495,3398.208419,380.5712826,2560.264026,330.0980274,1032.863972,221.9515676,1241.887541,243.7516266,2945.787595,224.1630437,1145.52122,774.4812314,1338.673203,224.2612966,134.3493164,2699.058055,681.8247037,623.6722196,1332.54345,408.9499728,588.9259614,456.8261952,147.2317655,754.5477224,1082.192086,342.1291172,3876.908785,725.4475117,1005.895457,336.3987841,3391.172953,1017.759791,266.3444319,964.6172534,83.84102805,1606.424503,276.0166322,3232.749759,1219.040205,3327.322478,150.1749933,1515.20875,1924.580957,2203.008348,1450.200112,287.2762929,572.2386471,1059.948698,319.5021899,885.0967059,285.5139964,370.339147,756.8011711,447.0313303,311.1004222,881.3895924,936.0844005,1992.32148,1635.224619,261.7066742,294.9084928,424.0017511,787.1833857,504.5562809,830.7486735,534.2351264,251.6405184,910.1161731,252.584564,340.2423776,121.2942395,1414.076217,777.0934864,663.963969,489.8105642,10057.65794,309.3708308,329.1783779,1376.086686,308.2835662,528.6991341,359.0775084,2447.193604,2230.175418,677.3428218,763.5486872,43.78264024
310,4354.738823,3188.536893,235.5516311,132.3248093,850.8194406,347.2327155,575.9202199,2156.724898,1104.268032,1767.62264,461.3675072,4004.918158,833.0934362,544.7891846,604.4236512,2238.439449,1210.125655,488.8194013,388.4743164,1070.916671,209.1310989,263.1456938,359.1812757,818.3588554,77.8283548,449.0154537,176.0412551,249.5466901,1093.234596,1012.016695,131.1641221,1703.173159,1580.633697,316.8278363,2277.154098,2814.825737,546.8355548,2378.875982,587.0557959,554.4731537,2724.118649,506.9265674,437.0511691,685.7138329,662.2295642,167.7336398,322.7826671,230.7554498,293.1262413,1270.958863,210.358983,1226.974843,1846.363916,603.5971135,748.7117355,365.6461234,1726.250905,1035.46969,1241.712766,94.25532126,541.260535,640.6977058,342.4797552,672.8560158,1335.176001,697.7752515,1846.103224,718.1714738,800.8196249,101.6070501,365.9806185,640.5024556,2708.192546,582.8056642,207.7738005,1010.608761,350.655636,822.5580428,2507.303661,290.8364875,313.4688715,475.8922333,926.7761287,221.1140561,782.1329325,1351.71591,164.1394558,1552.684353,1231.54896,478.3353581,185.8586302,1253.30737,915.7019681,213.2204891,457.8870033,1117.380286,455.1796613,943.0667006,1488.556655,552.4840608,571.7558474,960.1869779,1424.945404,652.6887157,904.4365467,1647.74037,801.0943986,157.7728467,321.169774,363.1506056,521.361173,467.2315197,1008.894012,3314.491227,368.3676764,2754.818717,337.0834206,1098.731479,207.6901427,1221.167639,229.0965515,2845.928891,222.0321908,1120.059053,850.3440737,1335.540016,244.7372267,141.091242,2611.79963,670.4755509,656.1276172,1246.924655,395.3823465,601.4426851,437.1314149,150.8021871,686.5471776,1083.008156,356.3786649,3713.853058,747.927035,969.6673134,320.6992471,3620.643632,1052.930353,257.0657068,1006.771939,85.39486542,1620.193669,258.2768908,3426.529838,1257.0541,3108.91087,156.0748365,1560.919602,1843.228237,2276.642125,1504.729857,296.6283686,610.1378317,1059.32444,330.4610403,901.563567,282.4271084,361.1605076,776.6304423,448.9097393,289.4373026,931.0913137,936.3908162,1843.990616,1620.847641,277.6022629,279.0761418,413.7841577,808.0942502,520.9941598,828.3878589,538.0764903,242.9442453,887.3121522,239.4675391,308.7017028,119.8319489,1404.465448,795.8204785,678.1272979,470.4534277,10434.01488,304.8736207,329.4609092,1468.12235,311.8581549,538.2083772,350.0005521,2443.366313,2254.208961,678.9387067,746.4308383,45.400788
311,4232.266011,3212.649747,257.0232176,134.8721943,834.099778,357.3717165,600.6052463,2061.056929,1118.664605,1772.08693,436.9860357,3985.589877,890.3942767,541.5171051,582.1361359,2234.504985,1162.726047,490.0851853,359.490434,1044.975437,196.16865,261.9064742,352.2922115,855.2076744,79.92968264,429.0918447,170.2425458,255.7826768,1126.795984,955.473131,135.5856767,1655.719211,1571.03522,313.9185134,2382.003824,2874.899473,517.1949706,2437.848452,625.1782641,540.4133426,2576.481635,525.8829541,422.7428877,700.4741949,558.3503997,168.3453038,313.9562033,240.934073,311.1779332,1312.973122,222.8323291,1203.418111,1893.10225,639.9655124,720.6268185,357.8674178,1655.543317,1010.568326,1259.206692,94.99811947,524.4734089,683.2230272,329.3009071,655.5987198,1269.610223,748.483417,1955.781833,698.7293602,850.7600592,102.7760895,383.6702996,665.4067514,2746.769858,581.9353505,214.2893151,1021.28874,363.486205,853.7588998,2780.269524,275.5599279,333.3131706,508.8511767,859.6988564,224.5816865,774.3135335,1275.998613,156.7700668,1323.958053,1151.002364,487.5352984,196.9276493,1342.503566,967.3262318,205.1876361,478.3736489,1185.516412,439.5471299,853.3959835,1542.233724,558.4951967,558.1230749,935.9176261,1399.339158,586.1979655,854.0753175,1492.60678,794.4240968,163.9437418,334.2653975,354.9340055,546.4577507,479.5565031,1018.709999,3274.025715,359.2635742,2705.183002,355.236892,1072.224035,212.4560268,1498.213753,230.9248545,2828.667983,234.3308295,1099.28956,838.5392077,1287.130004,264.837735,153.9097228,2704.07213,697.1261406,692.4993475,1249.575998,407.1337831,624.7982796,395.9206963,153.3518063,657.3252179,1147.238648,321.1222158,3791.077244,725.0461477,989.3115331,329.9224886,3277.590894,1041.020982,245.3687588,1024.183742,89.30641508,1715.890221,256.7717618,3326.012239,1222.497462,3171.002621,154.3622715,1550.181306,1932.291434,2155.449593,1492.640989,281.6226363,599.7579891,1088.970043,346.8898958,933.4720703,312.5337748,333.1215353,803.5633193,446.9823304,272.6881897,926.635783,1044.156827,1835.130982,1671.498262,261.2544283,289.6214807,400.3777887,800.3533543,468.7625768,819.0557537,511.3061704,245.3741681,828.5814174,221.7617897,324.4845868,125.5361221,1305.001659,806.3937935,685.1253734,522.6605916,11052.13693,328.6459953,315.3565883,1628.480707,307.6874051,506.1512425,363.8373171,2503.473358,2256.051492,672.7530749,744.2694406,45.83297655
312,4330.311754,3336.775813,264.7561873,131.4325129,775.149384,379.4453864,600.2833165,2287.798129,1121.01795,1852.214048,455.2810188,4196.720899,881.4739448,504.0390688,538.2903228,2322.326225,1247.464599,477.6505323,361.9700146,1034.489409,197.826959,276.1598228,336.4436457,749.7961473,75.80874562,447.1501504,182.8847632,263.1145457,1092.674299,985.3662922,135.6112163,1772.397053,1646.731585,341.0764925,2493.113885,2749.123177,483.2866798,2438.688495,586.8413472,588.4674764,2762.357257,537.0493788,409.5048342,730.741581,581.3344024,168.6517204,322.9128543,238.6752813,318.1914965,1323.708677,235.3881494,1107.288102,1794.075011,668.5662669,712.107525,364.3826261,1676.573333,1001.1771,1219.234204,88.95643568,544.6451595,736.9255814,318.3961216,664.0446301,1206.296426,661.6828756,1971.028816,771.980706,882.6892829,99.83835407,395.8435509,714.0347436,2720.499473,607.7063888,226.1215705,1074.273824,351.1263322,875.6257856,2835.782814,262.5129547,359.1265306,529.4945503,857.2987843,245.15565,838.7486354,1278.240346,142.8308743,1335.673232,1171.27554,492.7454545,209.6301395,1458.530706,941.2749925,215.7526218,503.1195634,1223.090415,452.8255494,881.2093531,1565.859802,577.1034387,546.762807,1041.372148,1359.676907,559.221095,783.2649818,1586.203761,810.9004135,164.9389132,325.6848734,326.8085325,525.3093712,524.7285649,1042.369522,3644.347598,400.2399894,2689.798311,372.2788859,1150.503973,215.584205,1591.483567,234.0161886,2940.588881,218.6730181,1092.223831,830.4861469,1195.248788,275.983856,139.8508432,2706.427991,722.3533218,738.0150318,1257.227894,397.9509291,593.0091225,403.1390125,145.5283604,580.0903479,1195.621184,291.4128201,3762.89587,673.6031854,917.4229296,314.011248,3393.217076,1080.477346,238.968203,1033.180244,99.61405509,1638.608406,259.6932804,3262.540193,1340.59918,3252.98255,156.884334,1570.520619,1703.973336,2252.038944,1450.872391,284.3665424,595.8488862,1059.588254,364.3880863,943.8253169,285.6426349,310.7377296,875.6759456,452.1510259,275.1878545,954.4917534,1052.29359,1860.924551,1836.647821,254.4252581,284.901446,375.2655069,743.7927044,474.0446133,906.9228844,505.1791767,239.3830452,813.0467949,219.1805342,300.3200384,128.3601765,1305.332943,807.5474445,661.2490595,494.7725406,9739.085474,388.493329,328.7244833,1612.867086,296.9509581,488.8171821,374.0070994,2507.653221,2333.346419,626.4003684,733.0659372,48.29668336
313,4484.307389,3168.489543,260.6741122,123.7357733,721.677203,377.5365608,596.6453076,2292.874638,1195.339369,1802.695992,495.5431126,4259.763275,913.3104238,502.0999794,545.9037611,2216.48415,1138.63261,462.601784,388.4772553,991.2900255,195.7774166,279.6001703,370.8364382,752.8979,74.78278345,466.4932131,195.1507059,266.4934492,1121.065377,1008.124967,132.5868008,1631.583572,1771.387829,371.2476956,2448.579798,2751.020181,496.9067504,2497.310053,547.8623121,560.728993,2727.453167,548.3987641,417.5625297,749.2955488,564.7373891,165.9935992,350.5306644,235.3589611,313.1908505,1390.009164,231.4799958,1137.829966,1798.461312,701.7695464,759.9151662,368.3129791,1692.404455,1135.401811,1191.271371,85.6974003,531.6657209,750.9044379,339.9903871,631.6216957,1182.553499,698.0119446,1917.958464,822.2914389,925.4219366,112.8132581,426.1121517,672.151572,2709.848449,631.9867795,242.0981254,1028.005597,366.1137348,880.0032972,2664.476053,247.2358136,364.6775916,564.6069628,842.6283264,233.1586766,824.4545679,1308.89683,151.6391815,1236.733801,1278.432919,508.2072023,249.1748047,1495.252819,997.4672944,218.5194621,531.5414172,1188.960914,450.5837059,895.3927252,1530.828837,590.2175859,492.7688185,948.8117585,1337.617437,586.1814164,848.0661005,1613.771806,772.4689938,163.0257324,345.7573618,307.2147156,526.2050697,549.8877135,1057.915685,3557.956761,418.8281415,2635.224434,369.6464214,1154.898131,232.6573014,1512.141962,233.3702198,3065.666028,208.8028904,1094.124178,817.7572587,1131.521844,283.9075232,141.8452569,2576.540886,692.0650667,727.4788115,1314.682465,405.9111683,569.3621279,445.8429428,142.3925714,612.1542367,1195.465988,289.4023068,3474.776372,614.8698857,835.7974117,286.7504689,3272.452534,1109.223851,241.4226339,1105.554665,101.0302008,1628.828836,250.5043499,3271.093395,1365.431911,3294.443392,153.9198706,1677.557672,1754.134042,2327.03923,1483.345143,272.8206092,615.9357567,987.4516346,351.8643445,923.7916067,287.2888261,313.7975217,878.5696785,474.3471491,284.9928371,1054.283503,1124.017568,1860.087154,1953.36459,248.8450057,268.9621355,389.7747632,747.7331408,485.0123174,968.4491505,528.6050692,247.2950222,835.617128,213.3685877,317.9094783,122.7445511,1274.578584,801.1817915,707.3218591,529.2567915,11259.15871,384.3651941,354.486256,1607.747149,272.1251472,483.2982168,366.0309918,2649.795611,2283.796552,619.5229285,746.2060656,55.45995053
314,4790.441289,3108.152801,265.9822362,125.8453173,741.8414274,353.0757511,686.8385671,2388.700722,1202.321344,1724.527406,503.4739586,4424.286794,915.7196255,515.4801483,562.1961647,2199.13788,1163.865455,419.6094703,394.5707616,1014.903607,205.1985059,301.4957199,374.3054744,756.2457059,74.30271477,466.9076994,200.4491139,236.43679,1130.534831,997.3308312,144.7797215,1633.279421,1855.098013,335.8910344,2427.387374,2527.991667,474.3738161,2579.580363,513.9477542,579.9516552,2864.38843,580.5495926,430.2751289,762.0373613,579.2851121,168.404301,383.5660123,259.710575,336.2759446,1413.706093,228.4904761,1099.291473,1758.356639,712.911085,775.6600974,364.6575999,1723.649577,1194.997619,1157.220777,87.25437363,531.5859229,815.4239279,318.2265142,606.3495798,1130.690011,685.5898671,1790.635538,787.9106482,889.3015392,112.7627055,453.4264041,775.8140786,2699.734305,534.9654667,234.2719706,1050.469749,378.86805,937.6927065,2743.489594,256.719524,353.6577888,534.5644144,837.2549453,246.8406445,801.1815943,1302.448889,164.7465348,1170.256212,1318.425126,511.3342375,252.5210719,1445.054675,991.5794563,210.5423277,564.3112322,1083.356386,424.3215486,823.7690382,1507.656552,618.5329043,543.8874984,988.8845833,1436.2445,601.951488,872.9556975,1681.556133,726.2710792,150.493454,311.8373914,299.9443281,539.4248154,568.9488884,1161.616495,3363.11818,426.2549504,2646.053458,361.8404718,1175.636247,237.1968091,1513.372177,238.9171375,2953.981311,218.5649784,1063.140016,925.2880796,1125.492523,323.5934248,125.4278054,2409.443106,696.9734217,684.6156005,1284.768136,425.0962459,602.3939156,447.9597924,154.9774784,638.7900433,1170.817926,306.2204399,3522.823834,623.157362,807.5596219,301.3188216,3342.11081,1043.165861,249.5914392,1095.899632,105.2991667,1602.929437,248.9762009,3067.267804,1323.211546,3301.067189,155.7353896,1680.063192,1668.19151,2482.401084,1499.484221,317.0081848,606.6662653,1030.013742,340.792447,846.102326,278.5664401,307.0484204,856.9025817,482.5701165,282.2496629,1090.902861,1083.660815,1807.757578,1936.011655,250.62491,266.9000594,400.1652777,676.2328727,510.9749267,970.1632172,525.1861112,237.9806954,850.2980719,221.6106369,354.9608788,128.6076668,1321.195517,860.0791976,767.9556895,519.1230007,11973.47396,400.0840665,356.8825126,1547.209057,276.9733432,552.5125874,351.3756251,2692.523341,1930.940926,609.7797077,683.4577907,54.32492462
315,4920.033624,3027.56992,254.4026391,131.5430361,745.3652814,361.2885157,743.3226281,2220.454716,1223.131581,1749.799137,542.710996,4263.239439,964.6376723,505.5298225,540.3008798,2204.470502,1107.639704,428.8632834,417.2692588,975.0565403,198.5576474,309.5992062,354.8600808,795.3624078,78.48093172,464.6566102,199.8414468,246.5513979,1117.720692,975.5329548,147.4425983,1656.347792,1847.871877,329.3966347,2553.28202,2493.209456,455.5947277,2666.352747,542.05683,562.6369772,3196.245386,598.2417333,414.0291973,863.1099998,560.7018195,154.7859167,382.2554649,298.6124008,343.151901,1335.810312,240.5258353,1106.771166,1802.962841,744.280642,855.1426007,388.8580913,1860.919684,1279.991364,1151.963475,72.75158552,510.0908131,786.3828523,306.5119915,589.0273321,1037.076273,673.8894694,1799.363455,769.9872794,935.2559765,111.8300048,437.9452483,764.3246273,2593.920539,521.8390445,225.8372959,1131.144406,367.5904697,831.6559436,3009.040485,249.9320279,383.4382574,501.7314701,845.3595576,255.2266274,812.0184242,1374.139247,161.2344825,1035.041729,1356.431217,539.1637637,265.5301594,1515.168189,1024.663293,216.6942514,569.2037731,1093.428104,436.644744,899.7332606,1528.105188,637.5774907,572.449428,906.79789,1395.436468,605.6270433,827.1692562,1693.013482,759.8106058,157.890401,337.590115,293.7516516,549.3323124,575.9824867,1103.571144,3557.628794,438.8380335,2404.558576,377.0320866,1160.941208,243.7999076,1487.567902,230.4435259,2774.428112,232.1579647,910.7933252,959.6292121,1082.425375,331.800348,115.853722,2445.478553,647.5263425,666.6876648,1232.840717,418.8241133,651.9630715,475.6097325,141.493881,676.8177414,1080.969004,309.7715853,3589.146508,629.0826957,827.8063206,302.918626,3368.597907,998.9319064,224.4876922,1158.180785,105.2458756,1583.671942,266.6508146,2912.524383,1356.04948,3189.369846,143.1914714,1623.436592,1732.3461,2431.442254,1686.284706,306.5927013,646.9858071,1037.566848,338.9543729,804.5514125,289.0637848,289.5655223,886.5461047,521.0631869,283.1734282,1133.069121,1034.507333,2072.395228,2021.619878,267.3645688,272.9309218,404.9934407,754.5347424,522.711758,911.1062657,541.9903941,246.9163447,842.1357746,234.5449438,334.904041,132.4190039,1330.025544,855.5042091,804.0587104,469.7524713,12573.45512,409.8222821,373.0675954,1550.04463,297.6524702,512.723067,342.4396825,2640.024312,1920.94795,611.1930995,670.0063295,52.66389425
316,4872.533759,3489.648243,249.6535699,144.6267472,701.9994085,362.2501571,746.8187246,2068.879724,1270.742787,1906.082911,502.2501973,4039.307452,1022.839062,519.9420409,549.2491368,2156.63732,1095.377182,435.5682606,451.3777021,999.0090814,204.7061275,301.2244657,364.5499215,735.4525817,80.01780505,509.6910673,198.7514553,246.3651842,1077.822439,951.0776179,141.545124,1613.567094,1835.92274,318.6884469,2546.865767,2510.402201,471.3935527,2704.07712,553.5441715,591.4762204,3193.08587,598.2559109,382.9203941,852.5298757,579.7050502,150.3090342,384.3708542,306.0200114,337.3229178,1545.421465,259.630837,1119.560884,1606.23948,764.7989261,923.9591555,371.1928679,1877.873881,1314.761763,1082.103718,74.57545841,517.4592765,830.4578191,299.1082059,609.666044,1041.833243,632.3334597,1888.801302,736.9363842,945.5765204,114.3459088,445.5882517,738.6181101,2513.38495,546.1110106,218.3528333,1097.22677,348.682606,816.0563751,3489.179502,247.1642216,401.3959965,493.3843972,850.6587368,241.0149886,841.6725583,1516.334287,165.0066627,1082.325958,1358.162687,557.7175702,246.2126485,1671.799989,1049.50847,215.2312864,593.0513386,1166.054284,490.1492321,939.6949221,1437.021588,679.5791683,580.6559454,926.2330539,1473.158327,607.6616886,839.0716642,1757.294599,769.0644203,161.8493328,334.9632463,277.5841527,556.8668806,574.6418535,1154.606845,3441.273901,451.1282277,2247.025745,373.6479853,1011.62918,250.239568,1505.821181,249.7350601,2700.122167,221.8229175,920.3396848,975.2338636,1047.840854,302.3937342,121.8157491,2308.698014,637.2788628,677.0054984,1341.343911,414.6183038,608.3081703,462.6143222,132.4217445,734.1695878,1100.498366,291.2932245,3521.961756,588.0591947,796.5300752,294.9749311,3289.291305,1127.552589,236.2596825,1209.296705,107.3346364,1564.354502,259.2281158,3371.205313,1360.498554,2993.058352,138.8104129,1504.421179,1695.090869,2335.179448,1756.653792,313.028431,725.5096951,1089.478471,343.2775387,795.2274415,280.3863787,287.2761432,874.0423246,538.2557716,279.8064959,1094.30139,1138.732547,2129.423884,2105.040023,269.4157978,272.6483413,392.1801783,814.7687437,561.0101729,960.3018856,514.0260369,242.5527148,873.3933438,240.2094004,339.8388894,128.069428,1352.843381,847.1270073,728.0938222,442.5974571,12411.0376,398.1623921,358.7854243,1583.043597,289.4195966,535.736367,339.0375326,2635.188381,2045.865494,545.358906,698.2024826,52.72258943
317,5028.985065,3951.386374,238.8549694,135.3228779,724.786868,390.3109795,715.4907941,1978.290135,1242.52876,1741.968922,542.5077716,3844.119272,992.2720285,505.9933895,564.1281059,2368.934417,1107.672542,422.3874977,466.3847586,997.1464664,201.3731142,321.4362733,403.8284847,704.0068912,80.91268014,504.2479605,204.5799173,241.4183504,1042.643524,951.6800716,140.1070201,1610.900055,1800.043891,323.8154406,2599.564255,2372.214119,478.3186378,2814.266667,552.2996726,610.1044075,2889.433719,585.9537947,367.6121222,818.1496216,577.641402,148.8993991,411.082193,304.281836,325.0041999,1587.939152,272.3005001,1186.576,1562.054547,807.9940813,932.4565132,386.8092866,1770.116238,1304.385914,1029.260639,74.93080801,525.7067562,856.7656004,277.3347851,589.4764355,1066.841454,617.3515151,1982.088206,777.9778854,908.2376798,132.9048055,440.9991228,690.5616043,2593.197919,578.3748742,221.8592931,1023.381647,352.4521038,826.6195686,3251.986668,251.1786031,422.1373344,472.9560166,857.7989821,235.9784246,825.4914833,1509.311014,153.241277,1048.177889,1407.605844,554.7484805,249.6861956,1657.173122,1008.464987,219.9184463,610.9441536,1316.117125,478.7929457,893.2809476,1524.393846,689.1755975,609.2324012,992.4984788,1402.857328,655.7302491,851.5149363,1819.209337,828.6405252,159.5855086,356.1352362,277.3997131,574.0780831,606.6438188,1108.656333,3222.858022,436.86412,2371.460034,398.1868272,964.5730715,252.3954867,1442.41033,247.2329088,2630.470351,221.8534654,1001.131699,1042.111918,1002.771376,316.6556161,123.1668212,2302.787223,625.1079308,666.4138486,1263.322008,449.0773785,606.6186011,447.7315685,140.6466119,684.553492,1106.170653,308.1162538,3512.757919,563.7714819,791.821013,288.0407971,3473.743317,1090.86991,225.0622285,1201.996391,106.5988198,1588.297223,255.2249905,3423.32634,1384.457461,2824.63079,143.2761588,1420.734065,1792.679657,2407.873526,1795.729001,311.5041761,639.0582452,1193.058201,369.3175767,794.1702805,267.9529267,308.9549098,941.1598045,578.9607251,267.8883927,1058.900533,1182.862933,2073.534579,2137.276699,272.9997447,264.5957331,404.8839578,777.115187,545.3846754,932.9315351,536.7379863,240.6848231,854.2158796,226.3445492,346.0327741,126.1969394,1279.515335,885.184167,683.5480699,449.9864603,12064.36432,394.6033981,339.8658129,1642.697181,283.0474316,560.1030918,332.312312,2624.034522,1908.557438,560.4373583,719.9943804,52.57571279
318,4801.218469,3852.189954,251.6088378,136.4022978,683.2111656,398.6022621,653.0551695,1929.448188,1129.277363,1956.759991,564.6486921,3810.932665,969.7189674,473.0798456,531.9778062,2500.772273,1092.61785,413.7601684,494.2739104,1022.469676,217.8686586,356.273968,387.136405,802.1736024,83.91574938,507.4687149,213.9337828,241.6009975,1047.553486,920.7944536,130.2221091,1545.225134,1816.620071,331.6648108,2633.098954,2650.911067,496.6014135,2787.092608,591.4310841,588.2930696,3221.761621,593.5836723,367.6491247,783.3863895,566.5213851,159.7152204,416.6886087,301.7174524,326.986942,1517.414384,274.3419219,1232.010248,1713.426474,835.8669474,859.4838071,414.8662828,1802.582387,1360.85198,1039.250921,78.27971926,539.3622882,880.8251604,270.7822367,608.2728359,1023.512663,638.7739618,2016.488073,739.7647119,1034.890073,126.322255,409.0184623,661.4846012,2729.588848,610.7835121,221.5893438,1014.360437,304.6555581,829.2973317,3050.540913,264.7800735,452.6477502,461.022054,908.4421507,219.9065963,816.9283657,1574.712516,161.0402091,1117.415692,1542.480157,559.5317046,251.3333898,1625.572028,1017.394473,227.9320036,584.6951656,1213.588218,500.7499954,810.0745791,1520.449956,728.1601878,672.0453076,997.234681,1383.397075,671.7933064,856.7181258,1793.37574,821.7398235,162.3535648,385.3868081,264.2251587,550.8544619,607.5444263,1043.386763,3396.79794,445.1656063,2295.601006,371.2365073,1030.132786,257.3996707,1411.138207,257.7571538,2612.985053,225.3498168,1058.785972,1033.821064,963.7732197,322.7028455,132.2498927,2271.732815,597.7477728,653.2296525,1115.608819,506.7433418,622.5728281,460.1135802,144.3445617,713.975062,1031.255402,332.831417,3508.720155,604.4230257,811.224335,264.9513385,3276.00166,1159.397503,226.4063392,1225.800729,104.5482442,1635.118028,258.7303012,3901.632467,1420.122664,2999.093141,152.818246,1390.021614,1802.688185,2512.965027,1822.045746,281.7207264,648.0842603,1151.236229,353.2953015,848.1468737,268.4834089,299.3057344,963.9030433,578.505898,285.0018018,1055.103128,1135.272764,2223.560052,2027.359284,254.9917772,269.5172245,409.6854545,816.2993878,569.287124,980.9609924,563.2226904,231.8279781,860.2052391,237.4434677,326.0974728,129.1769463,1334.703625,843.9113456,655.1638276,449.5952227,12901.30253,415.0863774,332.7307648,1650.640407,273.0181563,525.341628,333.6446129,2553.037062,2044.406796,550.776387,718.7385614,49.95475602
319,4778.274788,4162.331745,246.5838784,144.058236,686.8198923,395.8323968,629.8224006,2108.501718,1156.269461,1951.060829,573.8919607,3845.126424,935.0209495,444.7984046,504.5356024,2547.120863,1082.618503,417.2228235,516.8754593,943.9396617,216.452567,351.8549007,376.2030231,826.8990606,82.98253874,512.4740982,219.0754954,251.8342385,1102.574482,851.3365562,138.6938176,1572.591664,1775.196722,314.1796886,2538.327164,2559.366512,499.5038925,3038.385297,622.5405063,627.5924747,3129.487932,619.3593988,373.3829298,755.9581323,591.5539923,165.2171961,410.3679814,305.3641399,332.12037,1507.440203,247.9175495,1241.359491,1659.039522,789.7994526,919.4659145,400.4039361,1770.67939,1451.577509,1063.524798,82.36447954,543.0084487,854.2558397,270.5168932,600.324512,1096.476524,640.0636022,2080.757007,757.510515,940.3540968,119.4755669,440.9465637,593.3713759,2506.394364,656.1263515,202.782669,1023.882884,288.1467065,842.2959792,3269.132796,295.253882,454.9165673,430.9544534,999.5537535,209.4916641,865.8658603,1577.819775,173.598725,1175.695978,1556.960568,585.6480236,261.6496186,1691.039069,1003.897286,213.4595219,619.9238026,1216.2077,470.9336761,856.3722203,1634.251895,779.9062363,698.3861988,945.5558718,1427.698244,663.6104852,910.1351054,1774.110988,814.5322983,156.4403767,364.2393877,269.9516023,534.1836627,606.5042951,1026.469351,3347.866192,466.4784031,2266.169732,368.2969306,989.3754606,274.7100768,1309.527337,285.7055769,2408.324425,216.7142139,1075.904189,940.8374384,1013.421997,335.7140806,133.8380002,2215.27526,606.3371722,655.1564586,1185.626279,498.7039996,614.2035137,435.094892,146.7168317,700.172551,1043.302032,363.0171052,3222.169909,612.4223722,795.751413,252.1305062,3477.204854,1278.500469,223.6293922,1158.752153,107.9066651,1652.390629,291.900786,3796.674886,1479.049716,3140.228397,166.4004878,1394.177081,1856.269407,2459.612592,1870.147988,290.7771337,686.7847757,1015.113233,381.6870838,963.0609562,246.6725984,305.9722477,1021.414583,561.4237413,305.2603777,1103.529504,1292.926732,2472.11813,2028.600524,262.7006855,278.5715029,394.0820023,814.4181031,567.2657246,969.2668773,553.2173042,252.3640504,844.1121267,255.9538575,329.0553437,127.9648759,1291.28541,905.0381518,675.3252138,413.6184816,11705.51247,403.7963568,343.7850954,1693.146388,260.6882463,545.7559877,321.0115481,2542.942022,1994.101454,516.9006407,715.3442632,51.33796294
320,4478.030163,4299.557535,270.5556738,130.9262625,698.4103962,397.2374602,630.7419119,2030.934998,1102.034968,2004.803942,574.0781524,3662.832603,961.6026888,425.2911952,558.3753183,2348.894756,1057.093324,430.6386252,538.0127252,982.8593356,223.4956916,369.7308459,359.8846058,826.3327482,87.33559462,475.5322858,213.5379505,235.0903331,1016.755232,878.4852779,137.0124442,1499.230193,1756.563198,332.1251151,2783.458466,2486.654399,491.1729551,3495.146027,659.1891564,658.5172141,3094.209518,622.219849,390.7380302,751.9739362,543.0886328,190.300471,412.5168474,321.1055253,351.9956156,1482.17505,253.9526791,1226.843282,1546.615695,803.8960535,938.8200739,403.8833725,1826.800587,1472.006098,996.192488,84.08993854,486.1020664,845.9748582,288.5205505,597.0204593,1183.249048,676.2462541,1999.408662,751.2875949,908.5526715,117.8311775,455.138665,604.7293087,2582.718011,668.6646246,198.6581623,1029.501316,310.2262131,840.2419201,3164.137113,298.5498166,412.3087184,372.3192228,955.5266831,216.7015226,939.2165069,1528.186013,169.0522535,1174.50385,1573.377149,535.342539,255.4358614,1911.379533,1009.694093,221.8412894,643.7505742,1212.054858,486.5094779,831.6387627,1663.744311,779.0935413,706.7815489,1044.449217,1411.21407,715.7931747,852.4342057,1914.400355,796.2667604,160.6192365,380.303255,274.3395989,564.7053572,607.2353177,1047.596589,3428.728247,486.0035796,2472.33324,386.9766581,984.2366128,269.5221539,1268.281781,300.8270999,2134.266924,210.2742887,1035.644682,991.9512203,975.4529799,330.3188206,130.9348155,2398.153026,613.5961167,697.573627,1199.262304,483.3346427,643.4141089,428.7906314,151.3589311,725.0786203,1096.370705,361.5411384,3149.282541,707.8643183,751.5364068,267.7165274,3342.26789,1417.865736,214.3117331,1147.768871,105.4461269,1713.182088,278.8054237,4245.992987,1491.891281,3170.846127,161.2260862,1395.947599,1865.483088,2357.489235,1711.385033,262.7870881,705.2509645,1082.903082,397.0990926,967.7094855,223.4314542,307.3617789,1058.036753,586.9654224,309.5793889,1048.787966,1244.302595,2668.905666,2042.976879,265.3375526,299.2690578,411.7280812,801.9020802,531.774803,977.4089022,569.8477324,264.7019571,873.3733593,266.1094317,307.4533895,129.9258925,1374.465599,886.6153495,654.2364912,450.4329344,11475.64245,370.4364745,341.4205553,1743.446796,277.13282,538.9928415,323.561981,2527.122945,1931.767572,487.5678399,752.8065222,51.0147041
321,4403.139602,4029.85704,259.4514748,133.7785823,712.9006452,385.6261348,656.3461848,2023.439524,1180.736413,1974.818851,598.6136576,3570.286364,915.6155749,453.7691147,587.5734319,2386.104165,1066.958997,443.0974194,546.0934643,1007.061498,221.9186772,342.7736659,344.0955813,807.6593315,88.56100181,466.5011526,217.2713536,216.7111179,1018.41938,844.9773142,136.291882,1449.327301,1930.85452,362.882933,2962.52173,2564.812481,508.2267065,3684.178148,688.8614298,693.739239,2834.501815,617.758763,356.2075996,748.8344271,570.2070403,197.7879696,441.5971363,306.6373516,336.8903567,1492.050407,262.9122184,1272.004143,1555.933063,844.9188758,967.1607611,393.4569754,1924.990368,1497.236037,1043.071317,86.62792001,487.0252099,792.1538326,308.4037754,550.8403664,1226.957514,604.8414181,2166.233671,755.9453617,928.7021792,113.1030399,491.3290177,635.5285852,2565.574344,666.9811427,207.1426227,1010.571559,289.5310415,855.725489,3121.658388,298.4677938,419.5834405,341.517663,1009.454084,221.5253769,944.9522283,1456.685828,172.0668643,1231.701618,1713.535678,557.8445908,258.2689025,1911.314209,970.7298348,218.9464874,633.1693739,1128.359038,493.5186369,845.3853767,1827.61348,729.8011914,707.0247053,1070.861146,1308.304567,767.7688976,839.293437,1804.774124,855.1668954,161.7888769,370.7367448,249.8274637,548.6593378,609.1762497,1003.85557,3276.167478,470.2228623,2720.584044,371.3472415,967.0001595,281.4957518,1326.486818,306.8461526,2194.64435,212.555151,1048.746535,1050.503032,1051.005048,328.0409337,129.145211,2473.204101,639.2864282,683.6088977,1131.185994,470.5633834,665.7117638,394.9943454,163.4401311,711.9835674,1181.671951,325.8263738,3085.180035,662.8227513,746.8502032,264.0244765,3702.103661,1399.091905,218.3830453,1204.868012,108.0068473,1639.728988,272.1793517,4170.044488,1573.972143,3276.000403,156.6287941,1340.905541,1816.134953,2432.424319,1656.932508,277.3606564,634.1465598,1160.241095,375.6430649,1091.007519,226.9962589,316.5029674,1068.942535,624.6888957,309.3898852,1108.189569,1145.365319,2853.742582,2031.336715,277.4096694,293.1344753,419.8444942,767.5554754,557.7146318,966.594678,588.1731184,272.2597917,897.7372592,263.0835549,310.3647834,139.3119233,1379.331575,837.4415004,622.5308139,448.4861439,10950.59853,360.8544696,340.5010938,1752.693797,282.5904515,513.8685864,339.8414418,2532.321735,1928.42166,483.0485875,754.2761524,50.57177063
322,4620.418739,4199.785088,241.0352189,136.1038974,703.4236888,370.9412886,673.3277599,1943.155774,1190.537988,2208.591252,598.7128834,3505.554145,923.6024986,431.4603289,602.914668,2407.996662,1112.598888,433.9922482,615.0458247,1002.846749,222.017758,405.1376977,372.1059975,870.2791609,91.7726469,476.3415094,202.0587322,217.0250729,1068.164387,872.9503026,144.5162102,1437.423421,2068.931633,330.8429433,3080.641305,2647.602891,500.5894603,3952.839616,647.7348494,691.7113285,3088.292196,636.0930579,363.812713,724.252905,554.4060273,196.2754613,461.3875705,309.5892821,321.9159874,1584.377761,249.6765832,1225.432555,1465.706164,883.5314697,961.9730715,426.8659424,1852.562978,1614.329048,1148.768766,86.0514971,466.050187,726.6032745,324.1537637,550.8109164,1189.988152,532.3623151,2248.960089,695.6631998,1019.337593,109.0186433,482.2794968,626.0347303,2691.218867,698.4093376,198.337487,1087.658964,283.3536971,871.1552335,3084.513604,331.5374465,453.4263713,332.7167449,1016.67686,247.2101374,967.333868,1346.651489,162.5759286,1320.350363,1771.397315,576.7556178,278.2939477,1947.018003,1024.139756,200.742295,639.7999459,1176.915375,438.036871,866.1396265,2009.749573,697.4326194,670.8172465,1079.612429,1205.049954,766.2934341,916.5544861,1837.532801,882.9698908,173.1112337,356.8242996,279.5986477,608.5374734,613.86392,947.5033937,3560.907332,449.0967919,2676.432724,353.9367543,936.3921605,295.9426284,1307.64233,320.8298556,2133.903101,207.3998137,1056.870875,1046.291995,1080.292921,331.7793861,122.2331447,2379.523968,621.0694535,674.3266702,1105.356764,471.2866934,730.6830554,401.3307847,152.6930545,762.4171191,1280.158206,328.9064612,3410.260414,695.7991564,723.1692891,273.680341,3913.956897,1477.160017,224.1390228,1308.543949,107.9617267,1674.70143,261.9487925,4370.920302,1451.110169,3519.709993,142.3777364,1360.77253,1804.237837,2663.949077,1668.8123,291.5711356,652.7627489,1162.133472,402.8339224,1013.002067,208.3784807,300.3625513,995.7618299,674.0245719,321.975322,1165.304799,1157.845056,2710.889033,2063.326424,267.3097184,277.4238022,437.7892624,710.7021849,601.6021807,1054.738279,566.7877779,273.9911364,895.4064403,278.5052049,330.9026866,153.2095937,1313.704055,913.5372013,651.5763531,421.2623723,10082.24746,357.8256251,313.2121655,1736.337461,255.9768291,512.8478565,331.0903114,2622.79584,1873.473742,513.4900784,713.1963759,52.93775043
323,4780.990693,4343.120803,224.1779494,139.1309348,667.8081695,374.1659706,656.1054413,2014.892956,1207.16578,2071.001149,613.3205988,3542.730711,936.1210481,445.4205209,595.9968153,2529.775759,1170.683983,421.1188139,648.6168055,1096.100434,233.7242482,413.5520485,389.0957628,836.2746758,89.98881266,461.4160566,186.8251008,206.003762,1103.924147,835.7477148,148.5411451,1638.378719,2119.289323,325.5777262,2931.117378,2732.867977,536.0827749,3947.352318,708.532322,690.1227206,3004.13245,630.3976984,327.0350457,767.4428741,513.9973567,199.4973985,429.2365195,307.3177376,299.809839,1617.24565,250.5545817,1365.73598,1506.48459,902.8431639,955.7897727,431.1085071,1861.831643,1534.230589,1112.856804,85.04346115,509.640587,734.2246517,326.0543089,506.2537974,1236.222186,565.7104994,2302.36265,650.1062112,976.6398517,102.5267781,477.129771,602.9585545,2739.769447,696.5432014,193.0011161,1237.684265,277.7001363,798.591652,3260.905398,339.9374145,455.7128659,321.7868237,968.157565,249.3780121,883.4678972,1462.16649,159.291114,1353.401386,1902.996443,564.5287092,286.6678875,1747.53917,1022.603507,208.3751929,627.2922699,1136.886225,456.3974324,872.7556298,2068.664201,650.1934117,666.3570453,1120.633741,1220.173571,713.1213176,956.1767355,2022.001824,898.6348701,172.817931,377.1815144,265.0707403,582.718323,606.9050745,892.7741838,3325.342282,434.2171389,2613.13301,361.1574457,1068.283177,300.4034348,1388.89608,322.4147256,2061.969129,194.756382,1136.792045,1076.295601,1032.28085,310.4455335,119.6748754,2458.145397,663.0857773,695.4121333,1254.229617,470.3585749,732.6785486,389.6300792,153.1547572,750.3485578,1328.269481,340.6805921,3695.185496,657.4114819,733.3992853,282.0592941,4034.610459,1669.16992,246.2349303,1250.013723,115.6439108,1556.490166,246.8309445,4844.666011,1479.516027,3851.924679,141.8076306,1479.881243,1726.496712,2677.403924,1707.495318,276.681416,617.7625353,1213.980715,384.4499308,1024.68379,207.0502204,297.3662843,941.4204709,648.9195463,331.7361116,1243.317497,1122.090388,2689.539338,2002.706964,255.4766025,322.5563881,458.6695582,724.8548359,578.0344816,1097.617041,578.9331815,280.230856,846.2848787,286.4107679,321.5995895,145.678161,1338.766807,932.0636055,640.6061762,405.3660433,10458.19414,354.7185729,313.7878476,1768.93361,262.0085425,520.7005391,323.3339276,2507.124616,1836.818932,498.2987,713.6701696,53.55290434
324,5557.803364,4360.290546,205.0822624,145.7056067,696.4201614,397.267377,649.4240479,2173.65648,1191.293502,2111.22851,652.4269079,3438.690827,921.7271421,432.3306619,590.5039891,2721.346214,1145.961129,457.0895124,604.9225306,1123.92306,243.0939309,429.0523922,354.8068041,847.6859937,90.73436087,458.0731152,176.8166587,237.5621775,1176.411775,821.85026,154.8800946,1654.933605,2033.019283,326.10337,2952.46253,2645.668295,526.6672954,3694.760869,665.5450675,691.4803176,2813.918245,678.0265282,327.4369428,768.7608967,511.7845836,195.2049573,457.0629518,312.0841217,317.6922627,1640.036253,263.1383687,1426.914401,1508.458666,920.3122872,944.9988584,473.5472853,1808.037404,1403.948759,1035.025875,79.79799541,512.1391327,798.0539422,328.944943,606.7944511,1200.190898,525.5563113,1997.655068,654.730285,964.6472169,95.06803275,461.3731981,632.037209,2471.765266,700.4268933,194.6077745,1308.113482,281.8835959,824.7592995,3232.529684,355.0610351,466.6799528,302.2722806,1036.539493,255.5031124,830.0285958,1492.140743,156.1423747,1195.877028,1737.128772,558.4595909,326.5335455,1802.621312,1037.70178,213.692335,637.5013218,1079.051458,441.4966463,850.1161474,2238.934374,602.3459729,619.4711315,1052.432802,1188.153069,729.8065696,905.4894468,1900.756782,966.8321288,174.2183967,339.277367,270.0030648,574.2080587,641.1568548,968.4799086,3017.657206,396.6206088,2585.631664,352.2653882,1055.718619,335.1359231,1338.143248,344.8984092,2170.147456,220.4116614,1095.814184,1108.813971,1123.24975,317.2097625,118.3773467,2381.420907,710.1330398,676.6002583,1204.664236,466.7128245,737.3503609,397.5782596,168.7206396,747.4516109,1317.024769,328.8324957,3681.280609,699.649056,769.3199986,290.0043995,4403.217524,1639.423684,256.2593909,1186.385708,115.7470828,1645.887041,260.5973627,4988.386193,1421.079621,3793.683911,140.719933,1439.031628,1800.908789,2722.264117,1864.453145,298.1120991,651.4467573,1243.121681,370.7454281,1014.124785,215.6664913,301.2409265,1006.429552,606.3070066,340.9170514,1196.135817,1134.120744,2739.457928,1920.194962,246.3979894,348.0420922,483.7694983,699.0371656,607.1223546,1108.381678,587.1420285,266.2872215,876.3318388,284.9494879,342.5397097,160.4659703,1362.687055,980.5346104,659.9290206,407.2176082,11514.72855,352.1503672,304.663505,1752.018611,283.6713671,561.4570519,354.8107672,2483.912376,1878.277531,457.7485156,710.4575754,56.39913128
325,5068.436493,4456.441034,206.8096005,140.9064013,721.4159236,393.2243504,620.9124766,2333.506317,1290.990999,2160.545298,668.2254008,3459.608207,970.7720528,444.0558137,576.6073896,2974.040925,1114.971049,445.3842921,600.4821238,1130.518409,261.1783826,429.6751643,348.7471171,899.6932879,90.85907766,453.6541693,161.3335032,245.2068723,1247.546322,776.1130958,163.7412546,1738.167727,2109.87443,324.3775755,3012.422421,2823.479207,537.7425932,3925.596119,695.3587388,664.2339114,2935.348232,741.2554453,314.0317501,787.6566389,510.7259515,188.8949156,467.7798631,308.9505944,322.976808,1615.669658,287.1450033,1346.839852,1513.842192,961.5511565,965.9862054,511.5457124,1767.580016,1412.746414,1072.797234,82.11239997,505.2001269,875.793894,335.8181535,596.816518,1256.057274,510.0761208,1948.307587,652.2241401,961.59453,86.90444086,469.6376599,655.6907643,2479.23664,693.60557,188.7989372,1331.453022,284.1901079,811.4017423,3187.752522,359.3515846,513.0315424,321.5199889,1051.496848,284.7501797,813.277603,1507.765818,154.0206346,1245.842424,1843.980449,564.0022626,353.2680174,1758.543463,992.7603678,218.4882165,605.3622777,1112.075141,456.3175545,893.8472533,2387.702238,540.5371586,606.3574711,926.6616873,1209.167753,737.6842653,821.2136144,2010.30295,1016.389926,165.2419657,350.545473,256.0812155,547.8830484,647.0047478,932.8400334,2947.388049,404.5577803,2771.817195,376.1296923,1097.238009,317.8519673,1421.789105,352.3648256,2278.795245,222.7396263,1160.82114,1102.310721,1174.812232,335.6702815,122.675183,2422.101014,722.9127486,666.7524877,1088.615122,472.1436348,769.3260419,411.1175286,164.5225085,727.9144692,1279.216188,360.4724415,3488.380941,722.7911693,798.8433243,294.3536713,4889.813293,1595.160021,258.0439368,1202.914073,122.1607143,1619.858991,256.3474299,4812.316566,1526.208692,3583.446364,153.3959228,1411.342853,1880.401986,2431.236995,1891.029231,300.5832424,638.7006134,1160.156922,364.9282888,1038.099951,224.3520305,306.2456445,1051.213013,614.7121526,341.0740415,1235.586201,1141.433429,2781.947487,1761.831416,232.6294455,322.5627236,517.1162869,757.591389,631.5339668,1165.592753,586.0219784,285.6977098,869.7552366,277.7962483,340.5386864,166.8583996,1397.32797,1032.005199,656.2841176,367.3020284,12176.78954,368.2763907,287.8886865,1802.911355,267.9832643,552.6561909,332.8849994,2593.897254,1864.6705,437.972152,705.8161722,57.97815872
326,4960.03967,4082.661207,197.3409336,139.8324934,765.237118,402.6228237,658.5303145,2228.799464,1244.247588,2298.908459,670.638471,3664.788997,968.4956443,448.8618944,599.9089045,3151.642006,1179.981601,447.664331,641.6617732,1152.493684,261.2045354,415.7694859,321.8060029,929.1390782,93.50853252,444.1803271,144.0104674,282.8508883,1336.205657,718.5673182,161.6647014,1670.870494,2167.060867,305.8274195,2867.450633,2816.011474,584.5159533,3872.897776,673.007166,619.884897,3017.169124,717.28845,330.2048842,775.7986357,468.6851029,201.5035802,466.6535718,305.7305768,324.2705386,1498.992696,269.9024184,1305.660934,1591.184747,998.5534068,1045.380937,492.7483572,1895.053155,1416.014839,1103.853856,84.31635138,547.9943012,912.1032583,328.0508853,608.4840448,1317.561406,523.1326478,1896.103623,610.2721515,1019.976494,86.02435158,445.9283261,681.3587022,2384.271085,728.1819709,180.9402117,1253.258553,281.2761989,767.3457502,3314.035629,357.5039021,479.1851934,338.4752404,1089.894871,290.6863227,874.8568098,1668.249578,150.408511,1253.82927,1689.09325,561.7679773,348.42802,1668.427727,1012.118993,214.9136982,626.6975964,1122.892519,449.2301542,895.079803,2223.866556,558.2124162,605.4038297,918.6572746,1142.478598,738.1479506,829.1402527,1981.172234,1112.742704,164.4567319,342.082136,259.580468,540.092596,692.668564,850.4889199,3025.973804,413.7383439,2675.058021,382.0217473,1071.831427,330.9714991,1418.542236,357.609963,2399.835784,229.5903967,1116.402923,1104.766887,1215.311328,316.2876906,120.9041905,2422.160469,730.3371927,641.4416263,1046.010409,492.3655485,738.7009358,433.9280898,179.30669,719.3015744,1281.335152,352.7356532,3233.528977,664.0494883,753.2693333,285.0690732,5102.271935,1594.676134,257.7472897,1274.414629,128.9150613,1739.241378,249.5877651,5268.757492,1577.322449,3801.556578,151.3563835,1405.05086,1789.500614,2360.314065,1810.68439,297.5814984,638.1727428,1129.278831,398.8773052,1012.717241,213.2752931,333.6250327,1052.544576,590.870668,343.8399063,1109.803905,1181.919352,2788.707004,1778.34757,235.0112014,316.3457536,593.6123548,710.2375651,618.1327306,1171.302373,604.2236806,294.496465,895.2641786,255.308034,346.7954921,172.1357452,1414.414068,1050.267899,630.892607,349.1712714,12227.52506,354.7889641,301.8697197,1732.105243,258.1186202,529.7280573,341.7023072,2468.365488,1952.488625,449.1101124,772.7550522,55.35914915
327,4784.594973,3977.345821,194.6162678,147.4553799,802.1067617,396.0292219,650.2559968,2304.638024,1238.438587,2446.783215,677.0265503,3558.733649,972.9019211,428.7213091,591.2534739,3066.350456,1185.180274,477.0185557,626.0265387,1105.809424,272.0064581,431.9458977,351.5685654,932.1302881,92.5562189,421.287911,145.3332532,275.2795062,1290.012617,774.7825478,176.3727556,1622.353434,2272.605883,320.6384069,3031.392135,2692.537103,579.8560127,3882.944045,689.2998575,650.1907333,3117.818367,703.6049109,330.0123456,823.7494154,517.2955069,207.3250718,449.7529191,296.6557375,325.8594784,1463.520385,246.4248453,1400.958106,1721.886214,979.1812694,996.4069178,497.6685344,1955.218391,1334.532819,1122.377814,90.53631065,519.23384,969.0931895,322.9265715,649.7524392,1360.99151,545.2235408,1791.422543,595.9104098,1008.871592,83.17483882,422.3766446,690.158285,2274.394245,648.7577821,180.9018763,1257.138853,288.7805025,794.8598464,3086.762835,360.2912944,499.0370395,358.527158,1138.964921,294.1690481,873.2788065,1651.390748,141.4157661,1174.842778,1662.775363,553.0643283,341.2622422,1880.037824,1029.57355,202.6127889,609.7505296,1150.20667,436.8583851,991.9223014,2288.689355,546.1911696,593.7396379,829.6730143,1096.758366,787.7129501,763.1527197,2183.704564,1165.27919,167.5430376,382.1758224,284.8362248,528.2627957,695.1434802,877.2709172,2974.419645,396.8199202,2667.262269,387.5848245,1033.08917,347.7139465,1521.121511,415.4161778,2530.873111,244.3535021,1114.727253,1088.740624,1236.454058,334.0769197,106.0223618,2507.677707,715.826319,630.7602011,941.8251784,530.1308925,762.0768258,401.0025462,163.3611156,741.7967884,1373.725906,377.7475306,3266.695791,651.690605,724.242869,271.1166244,4841.246323,1525.268082,259.521885,1222.240911,136.077138,1758.768276,255.1264137,4997.030674,1792.219428,3894.42892,146.4925132,1363.836497,1775.537121,2229.591164,1848.576235,303.5325012,688.1030592,1106.72359,429.5569822,995.9307488,200.2383531,341.7109835,1118.787872,590.8816873,348.9668918,1132.641361,1238.476185,2557.039233,1796.226689,237.0917426,341.7969335,644.3092161,718.4100843,679.5114548,1141.898219,559.0885002,290.8820162,938.9202932,236.3373588,317.5916097,167.8880838,1458.971126,1098.315703,640.4911622,376.3704819,12593.54851,342.973403,287.572601,1699.20298,299.0425501,544.2790411,380.700159,2747.050211,1826.166461,445.1530485,776.0594413,54.56661362
328,4500.437669,3969.065892,214.8689055,146.8377506,864.008761,415.2607968,631.2910466,2474.680545,1291.048805,2609.397456,696.1912574,3604.49204,1090.439923,421.9731192,611.8757061,3009.842678,1157.662126,540.4724223,627.2601357,1149.386722,255.9248254,437.5961185,362.2481102,951.5419982,91.78964808,422.273152,137.2369554,292.739725,1362.109628,768.8992511,174.0752563,1615.53934,2155.083641,322.7618346,2962.348752,2569.8938,611.2352031,4149.200537,726.1294511,677.1777251,2984.418783,713.026782,327.2176767,786.2263363,531.1329487,217.4601581,416.0813875,280.1694909,328.6122962,1420.337793,232.24354,1371.523835,1780.514437,1016.495718,1031.137246,528.9918869,2014.305237,1415.668723,1145.33772,83.48455068,504.8390283,1023.453042,315.2430242,662.930235,1368.118133,539.8884148,1747.395656,581.6158329,919.333182,91.95594402,443.9512144,677.174908,2278.803632,656.0929528,182.0530086,1418.184634,280.9812952,791.3202486,3002.169853,356.3084124,447.9160875,375.6322245,1159.58834,292.8085756,832.166031,1716.738561,136.8686761,1108.982582,1566.334131,550.9554783,375.7787559,1835.139928,1010.463165,179.2135778,597.1824817,1135.428986,443.2461864,1122.475251,2598.402424,504.3072931,594.1712442,816.1355462,1126.847022,826.7165387,732.3809363,2088.778303,1136.529751,162.9630565,365.6819285,299.9700181,570.4927528,706.5412344,884.0022024,3075.999452,382.4035398,2744.258773,400.7192509,1108.527088,362.1851204,1641.762794,425.9390535,2677.080423,237.1902886,1216.326592,1197.917957,1290.783885,334.4642725,102.4006229,2294.601484,688.2656731,624.5627507,924.2880074,468.8658711,790.2288749,435.8145176,159.7071095,707.0205953,1346.679733,402.9316614,3303.015494,641.2853782,731.8795004,271.4367064,4850.625387,1344.843183,263.6133562,1306.004934,122.7688236,1979.055957,246.6810712,5226.58675,1893.798838,3697.442754,142.6436013,1353.077787,1745.090513,2528.865691,1799.635033,297.3532599,698.1879228,1055.850044,491.7169278,1025.221348,200.952679,345.8453856,1093.156128,550.8260786,367.5856109,1277.180924,1177.496911,2395.799723,1958.577062,232.7535101,320.5254863,653.8460799,749.2765817,663.9132425,1084.579541,588.3997596,283.5241212,882.5348708,242.7223534,340.4409845,171.8181186,1603.597733,1123.129622,621.1641822,389.6035196,13075.28706,362.3980231,277.2750549,1705.70269,303.2034862,528.8050672,368.7748472,2746.090283,1774.097725,439.4988946,754.8307977,51.40877443
329,4481.106534,4107.203513,217.3906412,147.8506181,889.4973238,437.2278706,614.8609724,2475.612922,1448.039389,2668.819412,771.9586981,3574.789966,1065.076058,422.7036257,635.5162641,3002.497142,1076.450406,617.4876803,622.0813316,1142.238649,258.4359061,438.3228687,351.4392356,1002.819054,99.07156029,458.003008,136.737316,274.1102578,1361.444385,798.3105423,171.6954409,1685.731725,2145.28727,321.2642987,2711.546827,2459.326209,620.3351273,4057.191776,746.7383032,687.5225779,3172.265298,736.8219161,304.533258,768.8814362,571.9034714,217.4614062,411.7970259,261.8429672,328.0551261,1434.223683,255.012994,1394.412027,1792.703359,986.3070579,1090.219667,494.3753926,2001.454211,1301.464248,1150.197141,88.79599436,501.089703,996.0344504,305.2093211,666.925736,1346.602125,570.2060042,1828.286571,579.4519921,918.903783,97.82340597,455.4127165,657.9178315,2254.444073,691.3886994,165.5762016,1490.999993,306.236575,817.788083,2877.845805,325.271184,419.2192856,397.6846424,1149.357811,299.2241066,832.8129641,1760.125785,136.4219804,1130.069537,1624.71595,503.7822089,425.6954092,1754.704292,924.9402116,193.1004574,576.268845,1120.947656,446.8839827,1133.302521,2553.788462,526.953988,616.8748918,773.8521964,1151.085778,791.0605979,684.8806159,2125.790816,1128.412161,166.0107366,361.8345781,309.2308641,570.5150447,699.1214807,873.6021025,3337.18125,393.5924063,3027.397416,385.9404877,1154.269533,370.6651053,1539.740405,389.4569216,2899.2331,230.2837804,1130.698691,1159.438775,1406.596711,344.3508012,101.181998,2414.253898,749.1497783,647.0267842,813.8943801,455.6496212,751.4762055,463.6102909,159.931707,736.3262466,1357.601203,392.9198062,3355.417679,690.7233325,731.5669827,310.2792877,4772.183586,1288.093962,260.8021712,1316.772552,123.4836167,1877.886259,242.8731793,5522.188826,2001.284587,3816.572903,142.8207548,1208.107127,1717.456958,2330.124343,1900.259875,280.5523358,682.5329406,1123.757422,520.0219252,1053.807653,212.1205206,351.0702779,985.5298498,591.7870082,400.5880197,1272.197938,1128.114276,2745.263353,1981.243049,239.1553464,345.6274038,638.9719117,694.313847,728.1053786,1118.419557,583.534965,275.6833604,916.4443659,246.6319672,354.955069,169.298445,1628.171748,1113.203918,603.7980777,390.780878,13587.95559,334.3969777,289.8697647,1720.612161,318.936016,566.5003477,377.6706756,2489.812304,1794.228105,442.737165,783.113609,48.62181416
330,4934.630578,4426.839626,216.2535069,142.1399382,851.0623174,444.9282992,611.7211611,2542.847069,1459.140765,2476.820549,769.1691277,3472.005719,1108.287019,416.7450678,707.9299487,3011.007544,1063.831786,610.4542744,612.6947142,1039.537004,242.0685791,466.9192044,363.7300115,989.2157613,94.60230407,445.4117942,132.403889,253.2067458,1304.721811,810.8071135,170.3472954,1687.153436,2097.005981,316.8493489,2680.849928,2420.75107,636.4469484,3860.146626,690.5805014,685.253729,3083.541953,760.7595079,311.118385,805.3176856,591.5905872,218.1462814,424.7683091,249.4291302,305.7272462,1398.995655,244.286928,1330.103516,1796.559877,1004.934734,1156.780384,456.5622159,1900.093578,1366.340926,1302.251712,88.9934817,473.0242758,1032.981587,297.6689562,694.4835516,1280.656199,573.1268586,1831.61899,561.2630743,938.7192375,105.6783568,434.4653609,641.7392892,2169.304335,726.3737422,165.4403264,1520.35725,309.8876717,826.1924089,2767.125041,342.2317481,415.4032745,412.0274854,1137.048368,283.4506762,858.096822,1757.085496,142.9450776,1179.008366,1614.330956,480.6218077,439.8342029,1816.858976,993.6281757,194.6053886,600.4263871,1071.857121,444.1756325,1094.47366,2415.699014,551.5749278,642.187269,785.132546,1247.11348,754.4126028,742.2048996,2381.36509,1120.898852,155.0037813,367.608581,314.5002447,580.8679345,660.3049513,787.0590012,3567.454324,363.4301273,3245.099073,387.9118203,1194.801631,373.3099637,1567.092754,406.6196281,2896.89172,240.0545946,1221.683029,1120.658445,1429.20972,345.7256969,106.2199206,2469.165661,665.3982346,609.2025484,830.253114,479.1451916,726.8306917,449.1767489,147.5950119,808.8191752,1422.66541,404.017913,3637.005576,742.5381574,710.7309475,322.9467674,4467.25567,1258.155673,250.3897482,1363.596958,127.8282208,1892.441234,250.2441454,5925.643731,2038.466999,3728.751908,139.3371753,1104.201121,1609.931057,2312.617729,1861.88984,293.4106156,696.4783044,1185.849447,529.9966035,1018.977549,208.9758467,365.7019614,958.2060225,627.1197394,414.166676,1335.450841,1187.589106,2750.235503,1853.225728,224.8483482,348.7329749,673.1244427,689.2995904,665.0044254,1156.277021,559.8205621,265.4949009,947.8920709,260.2546112,366.9093974,167.5904356,1728.561498,1162.633549,699.2660892,401.9203248,14689.89187,335.8053972,281.5565507,1743.790566,346.4035276,581.1373474,389.1255024,2508.614763,1883.384337,442.9153643,827.2477347,48.89960344
331,4771.756787,4657.30872,221.5029556,147.5352694,813.0840529,384.8810292,620.7775433,2681.681811,1487.213776,2419.539965,717.7634766,3756.691871,1178.076779,419.5482013,730.2068691,2659.49253,961.2193428,567.9956975,604.2388872,1036.740916,247.5553326,476.6072853,353.5149277,1066.054456,102.9933453,465.9570841,138.9953249,231.2287186,1260.380582,789.227805,177.0960354,1636.901179,2258.43873,306.4658803,2865.61057,2692.880374,606.4460024,3640.187865,740.9424328,628.5472664,3061.584556,782.6960678,323.7239879,789.0522442,672.4553489,233.3026406,403.2985293,250.2892201,326.7112668,1472.683094,225.1719904,1209.229913,1829.813787,1018.472854,1225.486717,421.3213792,1874.668442,1332.218127,1221.871633,90.6376387,465.0052707,1032.110966,303.1667824,601.0516971,1267.555187,611.8367775,1811.131866,534.6769819,982.1117391,103.0350521,442.201992,613.6135415,2305.922615,780.7300545,154.0221911,1417.473409,286.2086184,881.2013725,2878.042142,345.5382193,405.2722314,415.1755422,1204.694863,270.5076208,836.9399299,1874.175031,168.2606095,1079.926279,1653.821215,472.1441392,448.2272127,1989.887724,1048.910801,176.5200064,555.1975567,1065.795982,458.2103391,1098.404101,2439.847126,579.8490817,710.5837776,811.6241452,1296.504046,783.5239277,726.2557971,2564.367443,1103.995222,162.2092819,356.2669475,296.5041009,573.5987601,645.6932475,849.7714112,3614.895087,350.0348497,3304.713244,424.3837604,1208.846751,392.3356604,1564.844809,431.8605403,2984.523964,251.3616293,1193.704716,1133.283935,1384.919817,328.7469873,106.6177175,2546.673939,689.4430796,692.0868924,770.2931687,496.1872136,771.6716275,446.0636348,161.9078932,835.494127,1476.826527,402.0273154,3716.91366,828.4114487,751.3472605,316.0263076,4746.088771,1218.570887,235.8949998,1337.791022,121.1807325,1860.825302,239.7652944,5899.211011,2074.484651,3828.639359,155.6560399,1135.316584,1654.313901,2318.581669,1969.012097,306.5291664,675.2735109,1216.169837,573.9124329,1033.311044,201.2805324,361.0896919,916.1868036,622.2671289,418.0836931,1285.717672,1180.922,2551.000574,1844.072889,227.3316333,358.8636615,653.8517827,732.2590742,707.5053064,1357.282493,559.8864734,276.8930178,983.1087567,256.0421173,366.8288548,146.9485357,1865.452023,1095.385247,735.6073083,454.9566083,14664.38381,311.7281184,268.7331866,1589.787369,357.9699755,635.6727269,388.9531183,2357.461411,1686.326159,435.4213433,841.066086,56.66004793
332,5093.753984,4564.243303,214.1618387,154.1231148,845.8377911,367.917952,687.1044733,2980.091863,1428.149305,2452.238168,705.2413737,3658.050036,1069.165919,412.8212958,764.7524275,2869.757032,904.3762712,565.2243661,579.4337911,1019.613594,244.3774322,476.1674841,347.2637087,1012.900193,95.59749338,435.1172469,144.3364058,220.9181918,1297.546504,815.4577614,191.7740154,1526.939469,2400.817476,288.7639717,2828.064363,2611.599132,589.8417018,3517.844348,712.0746566,653.351557,3040.423803,855.5050852,326.4607632,731.2535154,714.5340268,222.0356528,388.7085457,252.6129731,333.5692607,1427.950558,225.8078067,1172.97197,1628.853965,1005.795884,1252.523318,434.6692099,1720.589954,1461.978048,1129.231906,94.44991016,459.6413874,1020.841125,293.6983596,611.1990236,1314.876496,617.1547738,1686.723904,523.5126624,933.9074337,103.5935113,476.4427106,625.1202898,2271.564027,741.3126853,141.2327622,1391.204766,284.0099165,852.963621,2904.082143,347.3959131,366.3424231,411.7005915,1273.473412,277.718838,835.0616678,1881.94944,151.9739863,1077.307223,1679.204307,530.0325522,478.4256747,2068.895842,1036.119795,194.7763605,561.1621296,975.4265188,424.3709986,1088.028285,2476.512834,587.6704473,692.4136953,733.4408703,1273.599581,734.8641417,725.8453514,2384.468114,1154.591113,150.0584595,350.8204765,294.1182355,573.1532293,637.0540122,924.5986194,3355.529709,363.9650078,3408.936815,454.4692135,1147.201167,386.0897656,1557.264771,448.9370948,3159.986512,263.755699,1232.182363,1146.175049,1399.330063,313.069767,110.0476922,2555.896152,728.6492024,706.4292345,692.30208,486.2629873,789.1813426,433.4668736,164.646183,777.2479488,1486.094309,378.6049088,3637.67443,817.3449196,773.4311954,310.3408744,4818.180594,1317.307286,245.787028,1385.040048,123.2749829,1930.535656,249.3571402,6025.824211,2084.105589,4222.84775,151.3758883,1190.36402,1645.208573,2138.940648,2072.776782,306.6426665,661.3418981,1207.761427,574.4509851,1064.212207,223.4201011,374.2837539,986.6180361,586.0194769,428.2831198,1314.083022,1096.307228,2403.023902,1784.653964,241.2438108,377.2052825,684.5305644,775.8792346,748.7170654,1413.08933,553.2134396,273.8414773,921.8454791,270.7360204,364.3476865,157.7533964,1805.109863,1091.001677,730.0978608,436.3314218,16547.89249,360.8386397,253.749443,1650.794367,373.3930922,612.8129708,367.0745007,2533.272995,1624.817279,437.6162291,871.7110489,58.45682468
333,5234.225264,4385.752506,215.7260304,159.3047316,795.9739991,366.4439823,746.4306982,3176.093891,1374.531598,2388.68017,702.5106572,3567.533591,1074.15136,431.8626444,841.0696324,2746.16245,917.9897335,553.3290778,572.1485519,1100.66129,236.4797681,443.0002592,309.623471,976.3796715,106.3141618,462.3257509,158.3118457,209.0523277,1302.200778,856.938299,210.3039513,1528.649241,2359.677877,296.1429599,2949.751423,2624.087674,595.652436,3579.950351,776.8788012,664.0355333,2951.714246,856.4488985,333.0221675,744.9750756,702.940553,236.089543,422.9550437,267.0503113,363.5705824,1413.74755,220.1294075,1243.679105,1771.935122,1044.737384,1186.424817,454.2473073,1756.650815,1555.34472,1027.953202,99.15038482,476.2715304,986.3500435,329.4554196,656.3118458,1441.771532,593.9798632,1702.006901,526.2928144,1031.501489,96.38851763,448.0550579,568.0114543,2409.931783,738.785156,150.8221733,1323.513622,276.0122793,885.0075474,2883.870289,385.1879393,399.8944596,385.3392494,1259.816604,262.7060788,810.7852606,1842.378206,169.2532292,1101.535362,1775.451237,527.9958832,462.9475073,2093.796896,1064.658772,191.9865988,609.5236303,1064.736038,465.4165115,1016.943257,2517.46542,512.4553556,674.8576179,734.7651009,1296.911188,746.2819232,732.4905678,2672.449872,1046.894333,153.8384641,338.7382948,316.0261648,571.8473094,636.2072143,1057.573193,3320.270105,355.1007048,3264.513802,484.7831333,1213.255011,404.4373741,1583.545804,433.9953186,2915.993568,283.5246444,1341.856222,1138.286826,1340.90961,306.6815085,107.2897744,2587.72009,713.0635342,705.9304535,677.8585502,432.5423424,840.460271,434.0177611,156.8148766,777.2714828,1564.895078,387.8948511,3356.17157,859.0574328,771.0177996,313.7388817,4750.009727,1391.326895,271.7863305,1322.208153,120.196845,2051.569254,255.9313425,6294.383408,2229.015924,4192.965631,142.0892598,1193.528623,1771.087902,2289.659716,2151.083966,294.0700133,716.1406779,1239.160077,583.1590564,1144.261002,246.7341077,378.6865306,1057.505522,580.1515467,441.5253394,1237.921843,1076.191401,2456.589089,1950.020522,209.8560135,369.7036224,724.7623663,736.9528188,748.8841825,1324.090196,538.5672433,285.5771674,871.7729564,289.6816236,397.0548679,152.8346235,1809.357603,1134.292534,781.563274,434.7212367,16499.87091,357.7293978,262.6724479,1757.446043,373.7812732,653.3929067,366.3775679,2476.461884,1544.408234,440.5438698,820.5615987,62.5885349
334,5153.851801,4477.504022,232.7362562,156.8207181,759.4887163,337.3936865,660.5368523,3094.982034,1351.427221,2496.04402,670.8076788,3745.25754,1024.981114,468.4607796,848.8033377,2816.097294,849.058433,606.9062596,561.5643208,1135.024566,240.7060369,458.4305736,348.1892022,1033.358853,107.007441,493.2383345,158.1140316,208.364534,1344.402591,911.1312752,207.5708433,1461.586084,2419.666299,287.1402286,2933.064957,2553.844033,594.6936095,3412.656573,706.3291861,745.0457033,3004.34075,862.9763708,362.4816422,785.4340195,711.454735,230.0432762,424.2419499,289.747116,379.700308,1498.747537,217.5871942,1123.593752,1802.387624,1112.78022,1109.78308,482.5546549,1795.679919,1488.129496,1110.967223,109.9640652,470.8753863,934.4338046,318.1342858,659.8972911,1544.340859,600.6134433,1648.152478,544.0324576,1038.404099,95.21518215,490.4130739,605.460565,2324.255809,700.794151,149.4896094,1230.236351,273.2063699,939.1761452,2753.722393,380.0542342,392.8558648,418.024184,1301.736825,261.2912283,791.138076,1882.241977,178.2329675,1089.30481,1858.149736,523.1951715,474.3014851,2370.791249,1156.670449,195.1726477,608.5695873,1095.869457,464.2427023,996.4004594,2567.350694,462.7814478,649.244,761.1334767,1326.694851,790.5265664,791.7615149,2670.222773,1084.987114,160.3609235,348.0784611,307.4839993,573.8922156,655.8771171,1029.180756,3316.355836,355.9776588,3629.770664,518.2207066,1301.598055,424.3916301,1590.096479,400.6349917,2625.47328,290.7049195,1363.105673,1300.012725,1409.591885,339.2876596,116.1130858,2606.26547,695.0937938,697.0728172,722.2607603,429.153991,846.944201,447.0837695,152.1877653,850.7873354,1638.089802,400.5433788,3294.19226,862.2152097,734.9157616,280.5752499,4662.280443,1449.857314,289.1848809,1394.643312,117.1027294,2175.648825,265.1320258,6151.690728,2134.298865,4309.72725,143.0803598,1337.877586,1773.771818,2310.176419,2143.107705,284.526447,706.8679365,1243.168797,574.1126918,1344.015581,230.6818004,371.0149987,1050.198909,562.3406915,437.0378571,1175.025726,1075.493859,2555.240448,1929.131229,204.5238635,397.2160021,710.3919881,740.2072907,797.2619577,1340.56603,525.7896379,313.3750371,893.5452413,286.237627,404.303667,155.4045488,1864.832788,1149.243721,811.8891065,454.9520985,15833.55195,395.8045827,280.1156814,1800.548478,390.195772,635.9933814,356.1730795,2513.609506,1651.98002,444.5905329,850.7329881,63.87813056
335,4923.485322,4277.980141,271.2497033,151.6812937,780.6875326,348.6425253,676.1559227,3000.607045,1410.443254,2436.230823,662.9303059,3791.693708,1029.651806,490.171906,767.2748179,2987.417831,841.8745911,632.707318,523.7644409,1062.807354,235.6029494,453.6770405,375.4783509,1050.535397,94.69815204,487.4307408,169.6763606,217.0131978,1417.008894,822.2330567,211.899362,1507.244262,2564.580873,295.6674358,3050.903232,2758.002226,555.4135073,3774.163137,749.0063815,711.9428265,3067.11643,790.7013064,387.1053916,822.5629474,705.3255201,218.3459696,411.0855348,281.602909,363.4929341,1360.177183,208.7338977,1063.913106,1721.749613,1152.834209,1086.173435,506.4676542,1704.967304,1362.047614,1137.741107,117.2692889,484.3879208,850.4392199,321.6092367,676.3678434,1605.350645,595.3207722,1628.920201,505.6615112,1093.467499,98.16100221,453.1458227,638.4725298,2354.030106,638.7499608,156.7127972,1211.77537,262.1979095,1006.770139,2788.300606,394.0194207,406.0950765,407.0883091,1402.693252,267.5380075,781.350116,1963.311763,191.6472832,1059.614163,1719.030277,534.4193505,471.4570043,2450.106553,1090.152885,189.542767,575.681056,1157.647483,466.5725788,1021.377979,2418.637238,447.6889175,684.6486321,723.704863,1332.182743,849.2270624,798.9800486,2740.060757,1094.060653,152.0495403,344.5747369,298.1930628,601.5007377,655.496487,980.5165819,3467.252222,318.9128635,4274.874511,556.9348261,1302.602939,405.7810764,1608.679458,388.1223935,2658.019703,298.6501107,1330.070487,1315.584289,1390.63725,341.5016989,125.0560396,2620.477816,703.0898364,655.0496073,714.0005895,427.0751394,805.8656236,442.8530028,159.0870351,785.0032676,1618.364826,402.9802324,3599.499541,935.85325,738.4659724,281.1576855,4338.58383,1424.610253,301.3919871,1286.436876,113.2203346,2098.887738,243.2429852,6156.74999,2289.146274,4265.087496,146.3672445,1396.247039,1685.950089,1991.92416,2244.712604,256.5788387,666.5263983,1202.474833,604.9655581,1356.114853,236.5850556,366.1837289,1046.414153,564.5903971,432.5937979,1109.483576,1035.006218,2634.654334,1978.406474,193.6964916,399.7689716,637.0278158,804.9618663,849.0202239,1394.62863,504.485212,281.5333696,904.2791834,275.3910994,408.2981456,160.4498983,1887.104454,1117.713243,773.1996429,482.609023,16053.85741,382.7116299,296.2389043,1781.673697,368.0105206,580.4452863,389.577082,2388.229103,1624.102626,428.0198863,830.5594656,68.79687769
336,4565.825638,4005.473653,264.4086429,153.769711,758.1463797,314.3097463,666.4961354,3107.449454,1397.499773,2391.111363,708.9024539,3732.260662,991.3687841,502.8669934,833.049897,2981.531941,818.1061719,602.0895986,524.5786671,1074.997369,246.4774354,464.4738146,397.3115831,1064.830731,98.63721668,473.7671375,168.1116723,210.044026,1500.512162,883.6101801,205.9542968,1402.402404,2499.128138,291.0417456,3197.185393,2817.257797,560.3704586,3641.021348,761.1484045,649.6195424,2971.349883,740.257927,392.5743734,802.177339,763.3670774,219.8867419,422.4820527,268.0692619,333.7090944,1345.608581,220.2013151,1060.526078,1713.470701,1201.014266,1113.053159,523.4086828,1801.190461,1341.522013,1191.044411,122.4610794,444.6225445,859.7057609,312.0587317,671.2948511,1567.90913,614.0657332,1561.210024,499.6463415,1080.635404,98.1099742,465.1119284,607.3728814,2223.886205,677.667461,155.7925914,1161.416038,252.0716028,1032.845394,2764.137412,413.6674902,410.1423639,406.1041283,1335.374123,244.4467177,775.9468732,1861.938799,204.0902245,1063.730138,1826.670556,538.157823,455.3978861,2432.834081,1089.328974,194.6683134,563.0411177,1146.120612,506.3922841,1104.00159,2307.128714,451.5649865,702.5861421,762.2914406,1244.835674,812.8597377,818.9120954,2823.534865,1072.914616,153.0989179,346.3666944,288.9598087,616.7418602,640.0972741,1018.452269,3427.935195,295.476019,4304.26405,585.3180764,1274.065557,386.2882464,1693.631724,404.3861326,2592.208738,314.0857287,1368.960743,1284.908527,1343.565275,364.7406969,130.5564389,2866.101208,749.5735176,675.1408158,746.0377607,428.6387946,816.2264857,455.9113671,151.5656479,699.9817402,1643.844775,394.8394772,3800.487862,918.9057864,726.5329618,258.5741277,4430.738251,1353.701737,288.2227553,1255.578674,103.2285204,2145.224665,256.438736,6516.58583,2221.457474,3836.003564,157.2513847,1371.175927,1797.345399,1996.589448,2478.581425,247.065494,704.548411,1154.992562,609.5980373,1381.392985,253.2928075,398.0466487,1027.451147,535.1201281,399.3910181,1063.487862,943.3477902,2526.86984,2095.895663,204.1792772,401.2115164,693.6048741,744.9962603,751.9804881,1496.41829,459.8251531,247.4924115,936.8465905,270.7914587,421.3406456,163.4713421,1895.552241,1097.177941,807.7812914,501.2463201,15766.25815,347.4301721,284.024273,1842.697099,357.7520025,577.8558145,408.1674627,2650.563296,1665.25988,433.1988938,789.1924561,66.84321467
337,4536.242537,3788.906664,275.5839425,160.1647002,708.35787,324.0002185,657.010762,3285.673046,1512.700019,2321.026724,684.7383142,3794.413029,1103.068967,472.2195044,889.6192383,3129.231023,887.5848227,590.4669305,528.042772,1095.931598,238.3973955,464.1616079,403.4207905,1059.058492,106.160681,476.7793068,174.5304787,200.8805855,1511.706148,854.3448819,191.9363117,1378.056539,2425.431591,301.0306138,2994.69802,2887.907125,588.9316819,4049.602101,763.2137103,682.6235709,3417.786894,731.5537905,399.479618,753.787008,740.2918872,224.5313655,363.9311178,261.0789239,322.6745645,1313.911102,217.3402929,1033.609225,1528.094015,1146.179016,1221.851155,564.2175003,1879.238068,1323.59722,1177.217555,122.4931784,414.1581054,860.9133355,327.6934216,625.2238598,1579.823881,629.8824415,1517.200728,487.2971616,1128.666534,94.72733054,448.6673617,603.461245,2057.049594,709.1145737,155.941598,1201.218222,262.3132111,999.1853243,2772.539101,409.3585889,425.4557089,424.4462118,1256.746278,237.5737482,745.2445703,1746.777655,203.1201937,1005.418704,1694.120576,552.755883,411.1624887,2514.232903,992.5549224,178.8890582,549.5419766,1164.166665,502.1550394,1106.252797,2559.208199,443.2157705,606.8696322,744.3132579,1194.609822,830.6197856,829.0120911,2794.630087,1078.193938,150.8029462,378.0383053,305.4956419,572.1558664,628.280209,1045.809926,3360.313823,328.0403975,4161.819234,577.1000128,1229.093888,415.9189818,1631.435308,405.1708165,2572.259585,321.1765165,1317.443876,1232.225931,1275.82948,343.2657433,127.5474246,2929.648731,685.0716913,670.0752235,767.8715677,442.2219315,723.1984129,435.2094787,142.9635158,772.2403732,1755.667699,396.7561668,4138.36204,994.2344377,633.9109782,270.4933457,4465.652207,1424.297807,307.2236284,1251.157705,101.5043915,1978.021693,255.8569401,6312.257093,2417.869035,4049.254657,156.0347632,1439.186377,1885.324449,2108.40272,2673.792906,228.5643609,728.0630554,1172.150616,596.5222336,1540.494286,256.7990163,392.4842577,1141.562833,552.6195306,372.0492704,1041.677882,1019.785771,2906.658733,2017.265614,199.4381144,399.9576121,680.7084156,716.1205953,815.612037,1568.251122,456.9449909,278.7327199,988.3251363,270.0954293,436.6466161,163.3978936,1930.214204,1071.705986,759.1416265,477.680846,15227.37062,353.1940379,308.6110698,1925.685681,352.9815205,571.0011936,404.2512169,2542.540568,1721.281502,397.0708249,743.0691137,68.77322677
338,4647.373458,3928.341842,279.0539815,169.5660092,727.8407433,326.896637,633.1919222,3159.583694,1408.437063,2331.737093,719.1480669,3777.907288,1182.605822,470.3624959,879.05729,3261.251507,903.0026038,606.5579552,508.9536987,1142.525244,237.594285,475.9469515,427.5198777,1074.106108,110.8355764,472.3730344,165.4379876,203.3011264,1426.419955,880.3637448,182.3623516,1426.904304,2352.683182,297.4711435,3079.785333,2640.799132,627.4233457,3988.716431,765.9642188,682.9486235,3179.763494,727.3636735,384.990746,781.4319017,809.7451298,223.5140274,380.9187631,273.596866,330.2273894,1283.819599,223.4595858,1033.37388,1566.458343,1215.166494,1287.577057,606.2379322,1655.730505,1316.07356,1213.603106,124.4937216,443.2163127,807.9079169,309.6114808,619.4444329,1570.177141,621.1457426,1557.704584,481.5097472,1104.29884,88.61993401,494.214786,581.2744437,2107.582936,826.3639027,155.6716988,1136.383532,252.4224561,1038.689791,2823.580144,396.7329455,400.5640117,388.8922645,1188.536632,226.6289164,840.7554074,1756.120374,196.7093028,1060.927486,1678.590733,546.1633885,401.2975009,2816.332112,1008.13596,196.8866406,554.2558849,1290.947479,506.8972731,1137.664854,2317.309253,455.4167399,656.7518761,738.1940087,1185.854516,876.9390275,852.3740505,2833.189851,1066.908802,158.955173,386.7880704,293.0101805,598.6218098,631.0479125,1112.301636,3569.013115,332.3783508,3966.66338,598.2315028,1270.033633,390.0074696,1762.9817,405.1061191,2394.81113,349.8261424,1391.298762,1189.153314,1241.836824,333.9889553,122.1978294,2935.076513,726.1865232,679.3628593,751.2182428,436.9980248,786.4014603,426.1836346,129.5911678,801.3007544,1790.729337,382.2973904,4057.410679,947.8921979,603.0342683,268.6387652,4711.235794,1380.975856,332.229967,1297.687399,104.3690107,2061.458274,264.2082168,6608.58078,2132.309324,4334.158651,175.1014213,1547.185174,1957.168346,2071.974846,2720.241801,231.7698779,692.236786,1260.283511,656.073764,1506.49086,231.7570761,379.4294282,1132.290641,536.3971882,434.5523432,961.3051102,953.8116565,2658.965611,1854.113908,177.7570191,389.1495038,703.363367,714.4583793,829.6090246,1604.041029,463.1930857,283.5359534,1043.09306,256.6300631,415.1126659,149.9584238,1887.174713,1036.276596,771.6147038,511.3031352,14120.83688,368.3974087,313.9601721,1942.335111,347.4389409,610.1737092,401.0006085,2555.804521,1787.447581,425.4576969,746.5508111,64.66860555
339,4949.97497,4479.495469,287.3109076,154.9523283,777.5580123,325.4870438,612.4717264,2927.709378,1413.866936,2255.957549,709.0682053,3892.974591,1206.678599,518.81789,952.9892051,3171.218358,891.7662314,580.6447981,473.6481512,1061.463003,237.0597653,475.7926891,416.0121848,1030.12773,114.1689246,488.6805735,156.4250301,200.4363614,1405.50024,892.0226679,183.7082589,1517.475257,2254.337501,310.9441979,3027.64935,2753.454352,593.5688947,4471.292969,735.2629046,702.0612107,3128.189984,716.3619444,350.9441713,754.7863756,743.6715234,220.0897898,407.3963401,260.6801635,314.9833419,1342.48334,220.5296366,975.8538511,1526.096185,1206.768489,1331.590483,630.9995516,1741.802729,1239.176416,1222.266136,123.5617168,428.7883346,859.7833153,280.2116768,619.698335,1497.055044,611.4716134,1520.487095,487.5147393,1057.347575,82.8698008,484.9465268,566.0662853,2205.036864,813.299963,151.2264612,1050.192987,268.1175988,1013.929321,2740.460325,415.4066,421.8195328,367.7219989,1237.829052,229.6125543,888.7349223,1686.51624,191.589914,1017.834842,1786.978778,529.9122557,408.9943932,2944.558515,957.9023635,198.7421752,568.6414747,1286.238722,525.6969606,1284.98373,2295.948397,457.1701176,659.6804959,791.1065663,1233.91031,846.2190464,739.7781997,2763.604701,1044.883919,154.7141387,382.8273943,287.2757922,624.8149313,655.7534729,1115.312127,3749.48464,326.9509515,3570.46949,584.7108889,1251.903009,396.5123194,1815.166595,391.7962267,2296.613331,335.0189318,1257.468339,1244.050939,1252.966612,325.4662933,139.1950109,2939.39707,727.6052714,715.9199543,742.3104429,474.3528902,706.4013163,434.5042368,125.7329263,834.4483306,1664.148661,385.9246023,4291.429454,920.0735999,565.2518619,235.3792822,4841.093778,1378.30506,329.7099271,1290.005136,117.2476139,2133.946379,266.1211045,6523.41851,2231.109019,4680.495878,171.6418275,1551.102561,1977.655007,2141.310232,2631.644208,238.0393937,707.9738765,1228.836267,615.9952056,1692.946175,241.6612429,354.9554202,1186.72352,542.4223496,491.5288997,1018.806123,1023.850582,2569.008787,1973.599489,162.2581495,381.9904307,685.8214681,713.0779872,849.3013818,1568.479177,441.1108547,306.1478369,1080.768448,280.702245,440.3666485,150.2837469,1838.342647,1120.559029,807.4249707,498.7996104,13861.49173,368.1672383,295.2116763,2062.424317,345.8653079,589.4732861,411.5918608,2517.326486,1591.236457,451.8134162,744.7704749,65.9520653
340,5491.396695,4905.658544,271.4346172,142.8160389,793.4111913,345.0226498,605.3247536,2963.790329,1348.781424,2280.404399,682.8282853,3880.823829,1114.584153,505.0475047,1020.760654,3373.746938,937.1008657,597.408895,462.4499985,1084.309385,235.9347172,493.1524427,422.5655033,996.7769639,104.7254248,511.6363687,149.3401991,207.0996909,1543.057976,893.9189448,200.1026474,1553.494191,2364.133015,310.043483,3036.004192,2755.067475,633.6831481,4410.556095,696.1580707,741.4065135,3148.235158,726.9893339,322.5900157,728.6760013,770.0057009,236.7294969,421.3441146,286.0234716,351.9608015,1186.338848,239.2682828,885.2388101,1515.194486,1275.921556,1350.838028,709.4615407,1825.159211,1150.283615,1155.363765,115.9812352,425.2119384,842.4980081,307.0915526,643.8139221,1499.54924,652.3909437,1519.897016,497.9770743,1271.075691,91.42684178,523.9734773,553.7391028,2472.346142,750.9077055,147.3589007,1164.17191,267.6654555,1052.166073,2918.536323,387.7102289,418.2819109,359.4791046,1266.98929,247.3869221,873.3801171,1612.78421,183.3777806,1149.499686,1773.963745,546.1886492,393.378438,2965.259099,962.2268241,214.2567092,645.0109986,1412.043549,545.6477439,1177.502458,2265.045253,448.1379331,604.0504326,774.2255514,1188.322302,871.3833346,806.5556812,2787.766331,1129.165155,164.1392835,425.0401484,325.1598445,643.6011193,650.840185,1176.415264,3856.920914,325.0789144,3505.284896,616.5162898,1300.739531,374.6150735,1927.560996,411.8878325,2311.851303,338.8797315,1167.049103,1171.28026,1265.429015,330.5307366,145.1906594,2822.668621,728.684314,741.5157965,731.8465553,442.3869951,713.5156197,436.4265083,125.898876,830.3328851,1655.240485,383.6518333,4094.601896,966.4215107,590.3661414,240.2059138,4756.300635,1368.4803,324.9246932,1269.65506,117.9434519,2215.134998,250.270627,6505.450003,2190.660704,4805.300492,174.3005424,1511.518712,2046.74443,2250.413927,2658.698935,217.630932,709.423394,1194.864634,626.3288875,1938.181038,237.92407,360.6310214,1128.33697,499.0481472,507.5437364,1019.543911,1034.47237,2311.00912,2041.295222,167.56187,395.2363348,709.246592,708.1778427,786.8811906,1442.280236,454.0955355,328.2992059,1051.515221,278.3516354,428.0926053,154.5994715,1965.923551,1131.766993,878.6008881,521.9672991,13675.91482,377.3526777,289.2985408,2082.042003,320.3908643,571.9206243,373.2264299,2547.435738,1598.14337,486.1436533,709.5363433,65.4580323
341,5289.174875,4786.124605,281.4830271,144.1573243,758.9734472,357.3072731,593.4628633,2805.942716,1346.879553,2180.974177,705.5512571,4065.504201,1080.650113,512.3198465,1076.317567,3624.395186,965.0286794,600.2049567,496.3122184,1096.396835,263.1280576,520.0549176,420.0726505,972.3911024,110.2706088,496.53345,129.1302408,199.0871489,1591.132449,912.5650563,216.2391551,1556.492725,2228.634572,313.8495647,3157.94426,2756.09384,608.46241,4571.206647,729.6879739,707.9767381,3358.668767,739.8563332,317.7744949,690.3781295,748.649779,245.0534389,410.8435483,285.6598259,405.7674184,1081.505541,258.2172103,969.6005897,1621.692414,1331.549025,1529.149521,656.3777708,1831.641306,1240.471682,1083.117279,106.6883879,432.7322511,802.6625038,315.1699291,658.7040362,1492.588392,702.0856304,1538.84355,510.0161796,1273.879128,95.41275928,554.7241443,570.1380509,2522.630504,772.9204272,160.3224677,1095.856084,261.6503647,983.0488485,2875.752369,400.1819222,410.5742576,358.7740784,1294.683157,238.6704793,887.7040206,1632.194268,189.2079236,1058.1714,1634.811305,532.6068187,416.6439346,2890.576472,993.3645927,219.9886785,682.7542732,1319.775844,586.4588165,1200.415906,2342.710677,433.8344328,562.6297679,722.5528745,1178.345848,898.4988394,737.8983656,2854.670957,1116.06943,169.872392,475.5726014,327.9828685,632.5920031,619.8667422,1163.734753,4016.373257,333.0460294,3404.646615,600.2304665,1328.637279,411.0853551,1770.24254,426.837078,2463.072947,342.5122838,1068.583885,1154.375262,1298.045791,343.6179684,141.73461,2882.97533,790.958796,756.423856,742.8429131,454.7312444,704.3317126,443.5694532,129.4305211,845.5221477,1623.261373,390.4323039,4042.976281,968.438509,585.9319866,240.3952267,4851.93295,1336.370347,333.4732269,1401.263628,125.7670728,2034.370473,253.4575643,6313.329332,2161.010989,4671.916861,187.1827971,1613.090908,2046.094719,2424.882352,2668.783533,221.4413388,775.28052,1253.854971,645.8351826,1995.506913,270.5277585,385.8086173,1143.035676,454.9212294,525.9663621,1031.18293,1059.91826,2241.178002,1906.68021,174.8879482,434.8223809,703.709591,758.8598355,742.706238,1409.235605,417.6095144,326.6642624,1018.830256,289.6172027,432.5979061,165.2573995,1879.131404,1142.26395,888.850723,524.2178216,13836.18408,395.4361942,288.4831291,2059.428926,321.0908681,608.3826645,351.6456434,2501.193,1536.169835,483.3691796,685.5772136,61.24026735
342,5413.006225,4899.422919,315.5893489,139.250778,766.7425551,325.8461069,584.8683305,3035.564987,1333.543987,2126.99662,694.944868,3834.393762,1038.66185,503.3356968,1125.169935,3320.106858,943.1535602,544.3745608,494.7530909,1099.583587,273.1266838,495.1716619,456.3951171,959.2829703,117.7576946,547.5483149,125.3083461,199.0796423,1479.895404,926.8329095,205.361766,1389.572069,2129.161328,327.4876592,3183.316428,2884.596182,624.9799695,4773.758449,733.0490236,675.2930195,3512.443842,696.8878317,315.3984841,659.6584265,785.4203083,238.4349696,409.5181577,281.4112861,409.9472434,1073.969807,266.9063792,877.8796738,1549.083597,1372.29702,1566.821807,653.8033194,1806.121208,1321.768659,991.6977152,94.42563188,444.6539338,804.0399989,339.675065,643.2516459,1568.142054,684.8410472,1552.902982,508.4454763,1262.241177,98.85040936,528.8417974,561.0816483,2363.423874,791.0127137,163.6580225,1175.377649,274.3343649,988.0009425,2740.49192,384.6234013,404.1114562,337.5532649,1255.632442,259.1763057,977.5792122,1721.704599,207.4208764,1041.63433,1643.360505,528.2632025,419.6849023,3175.641716,938.087731,220.0198905,673.6577656,1281.151661,579.8854507,1238.268793,2539.145526,445.2145338,564.9787398,720.8133747,1089.861864,886.1426649,722.2312539,2728.030924,1208.720406,166.2727484,461.2398182,365.9320527,647.3432879,560.2474327,1242.693927,4030.535231,336.654005,3042.152103,626.8684546,1397.137432,434.4042847,1617.154911,431.1986554,2549.606194,373.9260551,975.5604412,1186.843934,1392.232666,310.3617942,142.8995896,2806.706442,747.8636331,708.9188538,729.4510887,504.8617761,742.153287,434.9566631,132.5829033,865.4144493,1623.657092,450.1510777,3950.866563,1085.367985,514.4608713,240.9556022,4772.552063,1353.412966,349.2264102,1509.765255,129.7994205,1976.03095,273.7625143,6689.173587,2084.56594,4817.735211,175.1289084,1449.567348,2077.057882,2417.888704,2661.530978,223.698246,818.9340356,1241.590791,622.9821653,2152.70038,266.583243,415.4626726,1217.097519,449.4678262,513.8523375,1089.589286,1092.659136,2308.067744,2099.140857,172.1379527,447.4696927,670.2332053,749.224921,747.2262773,1540.237832,431.5894798,313.1567942,1044.39488,306.9720438,438.3382845,176.1669246,1774.631319,1227.261125,879.8114872,542.0425287,13264.03911,419.3173613,282.2418388,2233.19313,293.6170394,605.1128376,366.2593578,2462.686113,1464.504292,513.5893025,645.8903713,59.57854407
343,5561.720829,4959.266013,346.6346529,122.8019032,773.3347072,305.09084,608.1102932,3039.938027,1458.878915,2179.507833,695.2760174,3674.71828,1008.519534,539.8266379,1061.186877,3361.116235,937.1860326,550.3401675,461.6800241,1078.778684,265.0526203,474.9096982,400.960825,983.2577987,118.9682362,566.8057356,134.0788787,199.9026462,1477.078586,955.0898814,206.9618539,1427.262122,2300.886322,320.9058151,3278.322659,3165.383061,619.7854162,4663.932625,706.3121619,608.0217941,3690.589872,776.4057164,309.5883838,638.3258632,770.1568475,232.7145863,401.8647331,302.000657,406.5447066,1035.473493,280.1035776,856.6511854,1554.345732,1426.610682,1599.495362,586.8655344,1675.211235,1455.392388,925.1026004,96.72343045,452.6045944,819.8406963,347.6364066,670.8843919,1458.423334,655.6885327,1604.995587,456.4849132,1294.84497,105.2432123,535.6141414,538.0323656,2163.494873,794.4077955,167.3629175,1176.204348,303.9598371,1022.905069,2476.145705,367.8816555,451.3700394,327.7649606,1290.806958,251.7942058,1019.968776,1700.306927,191.1949254,1026.696528,1676.51537,509.9940555,392.4954635,3360.279764,1105.090659,214.3142553,668.8717086,1244.539681,589.5767396,1271.105353,2390.944262,473.8115833,522.6806433,718.7151781,1108.301074,933.602857,748.3071304,2638.590287,1074.363558,148.5177661,455.1880784,383.3694305,665.4279861,547.1435087,1252.088393,4246.228975,331.7329837,2807.361777,609.434232,1302.029333,428.7192406,1741.020507,434.1459888,2744.803739,380.4209513,961.5766679,1288.570275,1417.163084,310.1259993,143.8730381,3013.872455,718.6268809,773.0282816,741.502186,485.7671967,756.9864952,435.3317076,124.7428853,870.6783671,1601.877248,456.0671828,3889.432667,1081.249219,462.1655902,237.285096,4849.156765,1403.34866,360.9367901,1514.991439,132.0046596,1928.442045,273.7907031,7147.040109,1930.72546,4783.97064,180.2029611,1410.516012,2264.184925,2434.439549,2733.667471,233.8961151,840.3930652,1186.1645,614.0183799,2217.047133,261.2656515,442.5357529,1224.150803,428.9069486,543.357633,1108.509094,1018.835932,2301.438002,2117.107466,174.6475457,448.4417229,659.7586966,776.2115677,749.4623416,1632.692441,412.0412768,305.5636208,1084.147216,316.5614175,425.9725868,174.7731477,1836.613751,1268.357648,888.4415866,560.3622236,12771.84878,442.9349169,272.9055578,2229.449908,311.0355007,603.3595851,422.0470637,2475.190948,1651.265513,526.8034142,626.034925,58.36302422
344,5525.970174,4799.723236,342.1739432,113.983425,737.9291221,318.3390621,597.512183,2879.729356,1549.393599,2136.86233,766.1651056,3564.122752,1094.653499,548.1974323,1025.41729,3367.459591,996.6567209,533.5244434,455.5556556,1070.719843,281.4318612,489.4430077,387.4354347,1031.44506,118.6126955,586.4932216,131.2286788,206.3478743,1417.367117,910.0405519,225.5221709,1574.466813,2358.987253,334.7454278,3120.616874,3245.28176,632.2633094,4702.886505,765.7971816,581.4565486,3889.214889,795.903902,308.6899791,638.3325598,758.779792,233.6231987,396.0230562,296.0309743,387.7111956,975.3301077,286.3929185,826.434836,1477.719427,1563.408278,1600.239295,595.7920026,1694.472227,1610.38727,917.833161,96.5621279,476.2903885,770.4094025,369.6524048,631.1883858,1421.453228,612.5864482,1535.40652,453.1344465,1347.787818,94.85747517,521.7199293,567.4244743,2594.167126,771.4799359,167.8509286,1128.559349,325.4910197,1006.248155,2370.917136,347.7068738,461.2007988,369.2864181,1157.565592,261.6335741,1016.399963,1532.858281,186.6182468,1120.16935,1732.483754,446.8627191,380.0563224,3250.000709,1087.194421,220.6482778,675.2475197,1218.629586,590.5145602,1339.76005,2423.990683,460.1371546,515.0505327,732.8044721,1046.163488,899.0071797,766.5571557,2676.537115,1123.734747,139.2038272,508.3186231,381.06465,669.843207,557.8655862,1247.94748,4198.194305,333.5197667,2763.056632,610.9140747,1171.027797,457.4898489,1704.840866,429.5279046,2688.799597,381.0976666,889.9369466,1314.044907,1462.242363,327.5166155,150.5030496,2941.320075,673.1875982,688.08267,753.8792804,485.5224536,770.6507919,414.1003177,141.0488109,798.3099986,1627.620661,427.86523,3864.135878,989.5584544,482.6142082,232.7376125,5157.462313,1397.503019,367.2445773,1589.532362,137.3426927,1932.325505,285.8833467,7102.930591,1789.335908,4621.77006,191.3198333,1426.562359,2329.691148,2386.859039,2670.562487,233.3022493,827.2167308,1196.908883,601.4899646,2257.51593,265.9940537,436.9323354,1211.842272,433.882167,507.6322974,1096.230258,1150.974547,2148.733431,2225.712562,172.6532745,473.3624433,653.7746784,757.386015,690.5231734,1717.247075,443.7610942,328.2999887,1136.315609,274.1331421,440.6926777,177.0771075,1742.618929,1298.259059,933.8774491,516.2791892,12671.13068,460.1821686,258.2359914,2319.602142,310.5647961,582.6574479,422.8267019,2481.423112,1759.161563,538.1335074,621.6563564,54.6333359
345,5641.587802,4762.474224,349.3100609,113.183322,713.856498,315.0499422,633.6717569,2979.661662,1568.357564,2030.361242,789.1270958,3870.934963,1126.805825,549.5896469,1041.150758,3406.764962,986.3018101,579.4442766,450.0421632,1115.675197,276.8513993,506.0774638,382.8158622,994.4444426,113.2206721,580.6841707,139.4293054,208.2883877,1430.925096,913.1417197,231.4888743,1654.216214,2546.341669,350.6435924,2901.114613,3337.397956,697.8799559,5128.543898,794.6037503,593.2031945,4061.061456,828.3890032,305.409104,637.8714556,728.202948,259.3980721,372.4656737,283.6977144,384.3695597,1146.646465,306.0657456,811.4263478,1523.439995,1575.019899,1651.801441,581.3430153,1670.745438,1600.209362,857.9875773,94.38010117,490.8558473,788.3005998,387.4493619,696.8656339,1370.52645,595.3948616,1540.994769,452.5044057,1284.218005,102.6343728,532.4190689,593.095737,2553.31517,765.6952446,155.7897672,1037.08911,348.4114061,975.3730155,2442.68444,366.2102361,459.3752394,362.607598,1125.031077,266.250438,1017.725353,1483.980282,184.0363304,1196.749711,1840.749137,502.347487,385.2010167,3201.266924,1133.260555,223.5482351,653.6779264,1243.898006,570.7542852,1394.128906,2665.827261,447.1576092,509.5262825,741.5609194,1096.655588,872.1198432,719.847612,2667.268254,1136.106604,141.5615209,553.6480714,404.2043931,727.7362221,524.9065467,1243.671502,3973.929044,341.6347575,2914.718966,625.1857706,1133.450692,472.2992372,1680.052243,429.4872681,2703.198405,417.4564994,882.3087869,1410.530433,1544.407418,357.2130355,166.733684,2953.977957,646.8934522,682.6795416,820.4870768,474.7369045,865.4206445,433.9953089,151.6844379,828.5859481,1641.674073,461.3542166,3873.300061,1001.595805,478.7091183,279.2652575,5501.02272,1438.092147,374.1032712,1576.944016,147.3985351,1998.418555,301.6241776,7139.960194,1784.17993,4543.202562,199.5909627,1389.435909,2294.054268,2321.86424,2982.685686,239.1350546,878.9378578,1298.511603,592.9330715,2281.015634,241.9545762,465.2263952,1287.674234,452.6220778,530.2614849,1172.076673,1208.285811,2159.858567,2465.560413,168.6075127,429.0072123,635.8433139,822.1900413,733.5085013,1615.358194,445.5527394,328.4812573,1063.057077,266.912866,445.4760882,182.7957354,1650.118448,1354.097414,975.8700073,538.0532982,13111.58826,478.8971193,261.7439888,2133.660011,297.4446132,534.65776,450.5765574,2459.826656,1897.673459,530.1770922,641.9800293,55.88605431
346,5355.948594,4554.89081,353.0594069,100.1606359,745.9967611,304.3840634,629.6808285,3117.502031,1436.956498,1998.880638,818.413432,3850.790055,1056.568369,558.1280724,1166.442279,3573.447419,1028.993444,593.9576063,463.8463491,1105.656631,282.7348142,487.3183787,411.6478291,1006.636804,118.4734993,577.1555352,133.7125437,216.420772,1511.633548,963.78297,231.4917919,1763.435057,2542.952589,359.9012056,2699.230608,3161.423664,724.6002713,4917.169557,775.2034178,556.8836121,4269.645329,815.5726568,308.3347192,611.4564112,690.2090734,252.9908811,359.5711499,273.1411309,358.6044459,1151.761076,298.3439258,821.6634228,1449.98634,1597.4312,1763.919459,597.3785168,1828.837278,1503.941629,940.7195455,99.63117706,492.7275976,834.3407906,358.6643699,761.7565837,1437.883325,564.0928557,1478.557678,487.1640475,1213.711299,109.0752226,539.2501721,592.2987614,2528.217139,790.2796553,144.2485976,1024.091126,332.2442425,903.1133547,2420.483471,366.85628,484.3750117,362.8250274,1138.825504,252.0164325,1009.989666,1500.390066,187.8006178,1179.351817,1978.257795,469.7255423,374.491609,3239.199287,1220.964634,245.023003,640.5354737,1235.977985,607.7027909,1368.538926,2400.46208,448.8509163,469.0051461,719.2331874,1113.278904,925.3080173,730.8167455,2534.991862,1094.499045,138.4821313,542.4438206,409.0684594,738.4292287,494.9241629,1338.726349,4131.17686,342.3461734,2985.874992,569.6944909,1129.769866,439.716717,1812.660383,449.4793511,2790.016866,407.4837733,852.0076482,1372.881728,1427.147043,340.3301558,188.5807618,3351.690541,632.6627437,724.2770159,797.10384,494.6951619,933.4637462,470.6556151,155.255016,797.9986594,1723.81887,418.2603889,3883.447198,959.7797705,478.4742474,282.0902863,6008.034057,1404.253796,368.981233,1629.571839,137.2967699,1834.904526,313.5932675,7670.981365,1640.535014,4873.051584,219.1314858,1388.261495,2274.822088,2528.738838,2868.74004,227.305973,917.6682147,1272.886524,629.4243987,2335.804381,236.8165755,458.4915377,1425.219993,473.3614741,586.9596935,1158.496841,1230.520101,2090.742876,2414.451166,165.0315157,437.0681587,585.1512467,876.7457471,661.9429315,1673.983168,431.1480517,335.1436198,1146.238599,259.767238,453.7112618,187.5769011,1517.943602,1316.753902,1057.380827,575.80493,14195.60636,490.8411746,274.9519502,2328.911959,321.0535405,517.4545958,500.854097,2540.400991,1783.765708,512.2200516,646.742514,57.30453223
347,5552.699665,4449.254565,365.544681,92.40178195,809.1161364,295.0529157,586.9866708,3105.862232,1461.264232,2040.087281,822.3912849,3972.161212,969.9677642,576.6915308,1150.932727,3523.131355,1044.747503,616.2757491,451.3277544,1130.686657,286.9373323,506.25859,410.9836432,1066.051401,112.9223722,582.2001437,138.2443447,211.7280853,1459.416018,979.5204113,228.8946292,1894.957173,2328.020912,375.6871977,2681.892495,3273.823519,811.4208496,5232.132194,769.4177273,590.5901471,4354.855863,747.3430693,314.965539,579.5566764,667.5121564,261.5170706,403.1693496,284.3147503,368.5228836,1197.236716,283.5389262,833.2868776,1496.736425,1730.875731,1921.212478,618.6239429,1882.688798,1593.778297,921.3855171,98.8254463,515.3312939,820.4209582,378.0585298,771.6494174,1530.772571,542.1468517,1553.616251,517.7689523,1236.666549,112.9404727,534.7502537,601.729018,2785.003494,781.2246354,146.1144405,1014.459852,343.0555843,919.0416448,2413.291576,391.7755543,483.0953893,394.3027939,1073.980552,232.3882028,965.9218511,1465.361319,197.1663503,1226.085025,2086.841159,475.9089271,366.2376723,2966.831839,1236.626767,235.1992088,613.9201184,1282.366892,606.0384189,1428.978746,2518.266136,458.9325032,457.8740283,796.0248748,1098.002823,957.1987725,713.2013687,2756.887267,1118.567055,132.0304889,591.7089033,402.3056797,711.0580055,522.1003166,1394.467063,3926.309862,342.0013829,3115.199626,564.6299059,1051.337166,458.1862156,1925.811585,446.8020627,3132.023198,445.063407,883.603954,1379.116008,1377.500371,341.076434,196.9216588,2968.031025,595.2650715,730.3834444,752.9040869,530.8084902,939.977939,498.7202392,163.1689658,766.7373106,1772.734268,444.3045461,3652.792426,954.1502767,459.4725833,292.566888,5908.043172,1377.742409,344.0934633,1624.275597,128.5721314,1931.899455,346.1092215,7426.472115,1666.347541,4923.145113,199.4486173,1497.082952,2253.478277,2727.931214,2734.336408,225.1443985,1007.958411,1280.42979,681.0818885,2423.041168,228.0275165,449.9996689,1519.254532,467.1142848,582.0669486,1217.004618,1261.581225,1836.253653,2331.540646,156.0407413,460.139036,652.803347,922.418612,709.5099941,1791.492048,484.462286,340.1783691,1217.461877,262.6456936,454.138332,194.9358394,1438.718782,1378.076343,1083.299069,600.2923161,14330.43737,503.7175398,282.1954509,2453.009837,321.7121759,520.214678,518.204206,2715.091719,1900.509995,506.8362427,648.6835873,56.22808911
348,5373.902033,4542.319035,403.1191123,87.0875623,859.2805039,305.0598916,648.5315192,3261.58125,1381.464458,2223.00482,805.6022383,3851.365128,981.5814368,594.9383151,1234.313039,3526.61026,1044.842935,597.2776732,510.3153073,1158.410954,275.7455512,513.4649927,388.2429827,1058.603499,120.1627606,634.8357155,147.64299,186.6575995,1349.961866,983.346225,240.0303566,1826.670575,2389.720789,354.3209943,2707.996072,3237.534929,777.7780702,5295.323134,728.6614598,580.2176167,4424.150372,738.0847562,321.6721412,568.3187064,745.8414628,267.5912679,441.8595251,296.5671451,338.5450308,1220.272212,281.0194808,797.970402,1491.844552,1857.220475,1865.474644,583.6756933,2031.171395,1723.954889,898.6085729,91.60706526,490.3973088,868.2399493,370.4616695,768.737085,1664.434268,535.6604467,1573.747394,561.9375043,1324.585096,111.8328622,506.5606222,637.2091184,2955.648396,823.7926525,146.1044164,975.9600835,329.017403,986.6784982,2650.116127,369.327943,494.5711251,444.3656526,1097.158809,239.5123048,1037.072298,1494.391508,202.9888351,1299.660837,2009.601389,449.1476565,385.9690944,3059.015415,1322.455725,233.2748156,596.8533176,1376.121969,580.4647227,1438.135357,2400.065603,436.2923002,501.8521574,804.3311081,1147.548978,986.932275,675.6810872,3023.272034,1092.837719,132.8139372,618.9388101,368.2841329,706.8968554,503.5711057,1419.340172,4261.843589,322.8575039,3077.883064,568.8071973,1105.266897,446.4811986,2069.41536,386.9528279,2850.527256,499.1129769,800.3031586,1365.582908,1338.860487,330.9081955,199.4197841,2986.463798,569.8852325,751.5770038,743.2931702,507.1668193,945.7599042,504.8440279,158.4153871,806.7234649,1851.531298,424.1397204,3630.856096,922.9144378,487.9324544,301.9310426,6222.05253,1314.98837,349.7803582,1514.542263,126.4574842,1995.087184,341.9365034,6854.202415,1574.406819,4712.846926,192.6304506,1473.971669,2323.802069,2700.473181,2643.576821,240.3940406,975.6418909,1286.893177,751.7145532,2676.247543,225.1402177,445.4335489,1520.536405,443.709534,518.5095929,1346.595466,1103.877175,1734.738634,2344.50262,158.2930696,444.4591646,679.4722595,849.4423922,690.1160853,1884.741775,487.5299606,361.3093136,1238.260937,274.9134938,459.1158973,191.8229832,1392.287369,1401.406803,1094.997756,596.3361106,14072.75368,529.062441,284.5405658,2239.334647,312.1079748,524.193323,534.4019546,2756.51089,1798.078412,530.2638278,647.3581103,57.63242709
349,5374.398337,4490.431495,396.4432716,87.48671322,927.3167459,311.5116173,622.3482945,3091.762711,1536.504469,2333.317344,787.5461377,3844.862046,1045.769996,607.4806427,1219.698595,3285.659088,1069.314248,636.8813431,518.0115693,1266.080365,284.43029,514.667069,398.6943342,1027.687839,113.3523761,592.4636867,140.9212593,188.4771195,1309.499848,987.5404332,241.0083979,1990.090126,2483.101871,353.5621879,2555.841675,3137.676558,827.2359869,5230.253159,714.5447261,577.0155194,4106.299558,713.6891893,310.0798675,554.9691374,660.8138003,280.7341606,457.6400435,295.9315033,353.512904,1236.627236,263.1028075,809.8408354,1483.983646,1895.519291,1854.590738,638.2249615,1950.549439,1791.841241,882.9050575,90.68763518,496.1141925,910.7504944,386.7387233,837.1723236,1620.060419,563.381002,1397.820912,573.4788751,1217.647576,113.744067,486.8062092,658.352181,2923.229554,755.2733016,142.2510354,987.5783415,328.8538013,1083.52156,2660.77168,362.4709572,524.6893986,447.9782724,1019.153792,218.8765332,1053.706504,1453.414593,206.1010068,1258.150437,2136.444141,472.1186078,386.3050528,3044.465407,1417.991599,248.3885585,590.499717,1314.166992,563.66057,1418.327751,2556.182758,412.718553,512.005372,733.1002825,1170.696871,1103.670712,774.928398,3058.602188,1102.41857,142.8693378,654.4203739,394.3048595,716.7403752,543.4973247,1317.382444,4278.964361,337.3195659,3140.946628,575.6929966,1097.889936,428.1238145,2113.127846,362.8477351,2812.170779,469.3726562,721.9425574,1340.662856,1305.681349,335.6356758,195.893785,3170.19461,574.3918284,743.2845565,715.6310832,498.6642273,906.5373104,493.4232391,158.8921343,836.1730093,2032.567502,390.4047548,3554.415609,962.8877763,502.3413799,311.0451917,6067.296939,1424.385025,382.3967818,1548.396875,124.1493994,1970.528041,367.8077322,7591.251017,1564.692281,4826.068281,198.523319,1424.370297,2452.940703,2697.980778,2449.561783,229.1445917,1059.409109,1352.88328,711.0659683,2662.287389,226.163277,447.9328494,1751.869863,440.6809731,498.6525271,1362.980824,1195.51523,1738.314294,2484.447888,170.9389339,411.4133564,675.0063316,873.5732352,688.5861475,1923.009942,496.3247312,340.1593648,1213.034939,252.5620682,453.025839,194.3895959,1420.692659,1407.940338,1177.329571,579.6316625,14788.29726,555.0266201,261.9836055,2140.128147,318.3981154,520.4019244,530.7166642,2593.929793,1785.435477,535.8882065,681.0491227,56.70892824
350,5603.357369,4418.533253,435.6997092,91.19674601,1044.451089,318.314492,647.1411641,2875.121712,1618.284572,2264.363382,790.5915571,3882.657622,1063.875392,630.7288306,1308.274772,3035.51232,1132.785534,583.5716203,563.7778116,1279.759751,258.6413191,528.936418,424.6194569,1059.791044,129.6623706,560.3061715,135.4364131,188.539364,1197.098504,928.9816636,232.1767239,1880.772332,2526.309747,362.293795,2493.576555,2938.925826,818.1561214,5288.103163,719.3053116,539.862254,4000.349027,700.4046267,351.4068165,571.6297891,634.4557656,283.8295211,418.9777283,292.2733702,365.8583748,1126.747772,255.490597,841.1581859,1490.645102,1920.825871,1856.394866,653.1370116,2094.192812,1862.506044,861.1438335,88.74459737,509.960327,958.5039695,405.7959175,828.2912376,1708.779849,558.1701502,1384.791708,572.4057822,1246.688656,112.6170588,477.3948092,683.3591467,2779.857909,707.2875515,136.0764461,1029.299453,347.1024506,1027.477163,2665.331538,351.372847,510.1634164,451.8567099,1001.127445,224.1171268,1146.812224,1526.36154,214.8579402,1220.551851,2000.52585,461.2680181,382.23632,3201.41178,1403.150825,251.6447621,663.0523466,1317.609674,528.0184281,1320.247517,2894.956231,426.5184215,546.9131426,781.4080396,1198.249044,1104.260152,714.2056089,3019.950777,1077.242308,144.8080772,626.6578971,397.0090684,697.6593449,547.330643,1378.882078,3897.494235,350.0624917,3254.888615,619.8069167,1122.300059,432.9332009,2323.115492,385.6010717,2815.086047,452.6795373,764.8572313,1283.985804,1260.194342,341.6381902,206.6343957,3087.048544,577.4132177,758.9348333,733.6750329,510.2542713,948.4003743,485.3676016,171.9267616,907.8049579,2232.243323,453.5565727,3758.821,960.4281867,502.4973313,305.9473677,6153.539476,1504.921014,383.6242677,1554.224265,125.6455229,1975.451175,364.9415157,7082.290791,1524.951641,4452.722814,191.8901589,1393.348351,2390.151058,2886.428311,2242.291546,229.3067806,1127.210115,1329.677889,751.3920356,2799.562749,243.149361,434.3762969,1707.194305,423.6796898,505.9350103,1414.878776,1184.523036,1796.288663,2470.956422,175.6871109,454.4446746,681.7281555,894.0871482,683.3677885,1810.6492,521.9342567,340.3740535,1318.120902,267.398701,474.8932523,210.8915615,1420.310955,1468.664357,1204.316397,531.7719874,15589.22534,560.8935153,260.1690397,2274.745779,297.0084035,533.9686434,506.3394116,2840.026083,1617.617287,546.4096315,649.4677747,55.08838158
351,5585.598184,4340.191518,433.9055525,90.66748031,1042.529372,300.0510043,672.0243365,2959.675907,1618.920324,2284.635384,796.9828133,3883.661308,1039.890821,581.2417426,1341.937349,3192.133419,1142.087336,565.9573776,585.8056563,1378.90081,247.0328171,539.2539903,449.7160865,1071.882826,136.8176008,563.9421725,149.1162935,190.258592,1185.76926,917.9585564,236.0482693,1891.65407,2822.241719,370.3658325,2587.694832,2987.102049,875.5526141,5257.791143,678.2650608,549.6793864,4266.656635,731.8364509,351.4787839,600.6008059,666.7002275,275.6442654,426.1404221,282.9166987,341.8326481,1194.538733,245.5753557,875.3783691,1281.094874,1739.642496,1837.019447,608.351593,1933.271894,2049.258463,807.1720461,94.82307644,533.2223546,1059.032219,410.1154354,856.1789882,1696.177122,590.5923675,1385.288838,581.7839493,1277.354433,119.3661321,454.2766773,668.0910791,2363.292168,707.8371035,155.8129389,971.3270576,351.7677221,975.252416,2522.114806,348.2430695,505.4872287,451.3169536,965.8436918,218.521047,1151.78496,1637.746251,209.8876351,1300.291778,2052.879915,405.5129444,379.4237385,3371.418968,1262.005379,257.0796365,657.0560151,1269.067899,508.1603942,1231.107985,2561.798582,414.6592413,555.8365528,728.1606017,1166.556261,1115.03297,700.2674807,2807.616814,994.6211345,137.322983,640.082428,370.3054774,657.3438616,538.7350946,1258.11325,3676.027423,370.9353128,3058.476282,642.6997373,1214.843614,453.7804589,2175.089244,385.1208221,2680.592161,482.0283099,764.6165727,1264.883642,1251.282627,339.1920366,201.4307279,2994.676724,612.6178966,760.4334936,762.7975938,560.6796341,899.4768536,498.0076846,174.6229418,939.9199209,2358.122732,444.7545644,3841.057018,906.1340622,516.8874866,286.0882564,6043.170887,1452.330242,405.8151489,1507.742525,120.2524645,1865.246933,348.9980006,6693.102517,1477.976574,4644.732203,187.9411251,1443.422673,2169.878502,2921.770571,2177.399706,220.8630162,1179.752852,1342.670116,769.7114868,2511.514776,271.9085995,418.5616534,1736.65114,421.9544192,519.8916274,1405.819262,1125.452027,1738.978764,2541.164269,181.777521,400.9258497,662.6958532,817.788044,643.2516694,1970.730948,567.5177796,367.3009721,1353.164155,243.6269149,470.2009019,206.6711413,1311.886026,1374.279495,1223.899929,529.5526039,15610.93713,555.2615333,249.8724353,2256.195634,289.9339488,543.1816297,504.8112747,2586.580062,1566.463511,537.2512397,658.1430728,55.4653572
352,5739.76099,4195.900156,392.3052213,96.69205186,1025.394963,305.075313,687.5829926,2795.421466,1584.641277,2357.935801,755.5712476,3986.333106,994.7557634,604.1701778,1332.426425,3101.28232,1190.572449,557.6465042,568.294406,1400.375621,254.7272293,556.596255,426.040617,1150.047595,142.9847117,517.1571942,145.3890249,190.7048679,1207.964683,878.3912766,233.734268,1953.15485,2827.763891,396.3268857,2827.871191,2994.83021,922.2271522,4961.553933,682.5693052,552.7595796,4167.667695,710.5365728,343.0990168,628.2712036,657.0459692,259.1845165,438.2648893,290.8617897,337.9266604,1196.860843,265.8734564,917.6712311,1346.675541,1636.669479,1836.127659,627.5948359,1860.205854,1918.956359,845.3406825,95.91282069,597.9594932,961.0251899,415.7580295,861.7048369,1642.520819,643.0183228,1327.539111,571.406536,1263.299223,117.7277326,472.9750468,670.9617103,2443.135913,723.1032595,162.6119582,1070.233076,354.7473065,896.0696818,2705.18272,339.7026673,546.1586769,459.2082416,997.9263566,239.0671569,1268.666201,1533.216822,205.398146,1251.338643,2076.863707,425.6345348,377.763185,3267.019507,1295.889963,245.9235163,675.0446557,1256.538046,489.2248789,1226.309499,2620.91994,407.1427923,580.6571845,671.4176684,1266.505152,1107.430942,675.4594701,2802.154128,970.5428955,132.0796772,663.8717278,387.0612292,685.114879,496.4079607,1276.604452,3746.726434,363.9359863,3433.670662,648.8049323,1165.101717,437.4908267,1986.664726,384.3805874,2798.422959,481.7343802,774.4472701,1243.158108,1179.168983,360.7997963,208.1019177,2962.262238,574.8429802,777.8305847,843.8496931,560.5184864,1024.745808,500.4416198,159.0313057,920.9172787,2496.57906,446.2678691,3912.268113,963.2942396,483.7729637,294.7949134,6067.837764,1570.814568,392.2573032,1521.678813,123.7265484,1794.915003,361.5469266,6545.684643,1312.360906,4589.615495,190.0411541,1451.552716,2004.14233,2856.777416,2325.135915,213.1184499,1153.970878,1310.075516,835.2413337,2511.627525,245.0727858,457.6580931,1863.691912,434.3445916,564.0346193,1484.982889,1112.79225,1667.186845,2675.79936,194.8186988,437.3632358,656.4790008,776.7494805,632.7884426,1885.429399,604.3469784,350.248101,1422.97256,241.1794709,494.4280807,215.2094942,1342.901831,1305.532505,1220.801625,528.2811543,14781.18814,533.251534,254.4483368,2536.479711,280.4787661,534.5266695,499.6586303,2653.460933,1441.198506,485.82764,704.6516843,54.97396997
353,5999.448048,4127.877749,391.1174082,98.44774308,1088.396533,280.7212977,689.9653964,2797.119729,1544.321342,2282.873391,784.3568239,3588.882594,963.2060308,598.9068298,1348.493098,3325.966059,1092.09251,496.016379,553.2007644,1453.089319,278.2204833,614.4416419,454.7715227,1150.700343,147.0759977,522.9693253,144.3406325,192.5287628,1282.871629,871.2030184,232.7124452,1874.230656,2678.07998,405.0414061,2943.430069,3115.109088,989.5519102,5702.788594,666.9011125,592.7261604,4817.600914,717.3857712,362.6492197,660.8379136,734.523645,240.7667673,447.2827502,304.6451574,358.0184455,1203.971762,266.9707812,835.300085,1433.690242,1709.78155,2018.220119,660.3452816,1793.062385,1942.788184,801.2177862,100.3956807,639.6339599,972.1985659,391.2973136,891.803664,1650.398159,648.4877602,1350.643584,627.8206485,1326.248104,118.3283966,480.2684267,661.4475186,2647.45023,726.841578,176.9669573,1058.850567,351.8455118,929.4212421,2782.391167,360.3734703,553.5485728,469.9475612,979.3421042,235.3534391,1400.377031,1517.253051,193.8962418,1302.198417,1995.885305,434.0602718,397.2649909,3354.480478,1199.449552,242.040484,666.6148797,1227.849184,501.3496433,1237.590378,2636.874347,383.2447345,596.5154924,693.1376655,1372.992078,1200.584014,608.8190533,2775.973284,936.612283,136.7923275,707.8346201,396.8643629,749.4609918,468.2448818,1357.214189,3711.156807,407.1414582,3640.049461,645.0062992,1124.705562,455.8745433,1962.315715,388.733326,2844.978447,509.0362692,688.4490273,1253.772162,1279.976022,349.1814112,209.6894104,2787.720913,615.069583,834.4186959,861.6477657,537.7654015,955.1630867,527.8693786,163.6747103,968.1302319,2515.244271,423.1896314,3399.238998,996.4425708,431.8982089,292.7854064,6249.251015,1547.785595,361.4741892,1501.858922,121.2702115,1667.248236,368.8797413,6408.405632,1355.344601,4362.691382,188.372329,1586.844038,1849.297371,3060.259978,2616.960011,200.2359779,1155.034206,1262.530207,799.6010769,2632.829566,251.5672161,445.7477475,1749.449014,463.5037068,598.0459525,1501.826755,1088.54834,1704.521535,2898.912874,195.0336044,460.02256,669.2504652,802.1228955,644.2134679,1886.411653,584.3948324,347.9786388,1335.423933,230.1137833,536.0877153,224.847709,1289.425521,1252.970533,1130.892076,502.6859706,15225.64762,537.3558226,244.929545,2522.651579,264.8881537,525.733248,508.6612839,2561.23949,1493.503706,479.6668061,688.6307306,52.87524007
354,6873.716877,4262.514231,378.0343642,101.1468077,1106.710505,284.4742923,675.1767418,2843.220028,1699.186757,1934.929634,818.0498124,3503.850679,921.1290358,535.7457685,1418.396306,3478.911809,1056.769276,490.2218031,576.7303038,1383.941654,259.5594555,527.3036008,450.2335416,1103.115375,152.4712218,553.9177572,154.9942463,186.2412257,1263.834481,849.5639368,238.0053169,1823.007752,2962.098023,394.2104345,3082.323192,3024.382324,1037.987241,5633.602398,657.4921622,602.5612454,4855.2189,642.0622003,380.1095304,648.0487319,718.934552,275.1604685,431.1893924,299.292323,377.5141388,1151.218633,276.6532776,805.1962477,1374.932044,1619.661326,2223.607099,655.0186629,1809.274758,1766.891816,815.3013905,111.2542518,583.0330512,1001.145183,383.1290477,953.7577897,1625.053458,665.4006101,1442.488051,654.3115177,1344.583547,121.8604014,466.4846753,701.2393609,2861.539269,825.0229408,174.3800303,975.8877286,357.5618175,948.9468922,3008.020851,394.8102088,546.6802691,458.0667645,921.9260741,222.0333238,1304.123989,1482.081532,204.2151636,1364.177509,2034.538893,414.7174298,359.4772075,3481.708319,1181.403946,269.9506743,633.7446085,1133.990973,509.9316852,1202.334056,2643.278653,401.5770958,629.8089971,752.2515084,1380.42827,1272.26085,534.5359889,2498.596119,935.7343143,147.3350901,782.8433569,459.2699692,758.0231898,457.6858811,1536.10236,3384.598551,404.9431108,3720.597461,646.4452728,1210.762807,435.5639465,1910.672672,398.253963,2875.235065,531.3705339,661.8716011,1257.368514,1288.922545,360.7597472,206.3729823,2573.985067,563.2554097,795.5261519,786.3674701,570.6512161,1071.293238,531.3858458,182.4688686,1003.530536,2272.094581,442.2703571,3471.699891,1024.828076,432.898519,277.94166,6093.756641,1602.478234,390.8974467,1642.551666,105.4691901,1656.089583,383.7633082,6016.257965,1348.756922,4273.915583,191.1703454,1497.133316,1886.567319,3324.431748,2503.115455,218.5828778,1219.608896,1363.21499,854.6546446,2501.463075,256.4470021,463.8881739,1914.863097,494.6039707,627.9437495,1533.006886,1082.163764,1624.707538,2915.186822,197.021985,447.0756563,675.3553116,832.2750905,634.4865135,1990.884187,574.8644579,363.2114928,1264.344761,214.5743508,505.9846022,217.498394,1273.908924,1270.874971,1075.722602,487.485402,13799.40451,607.0630858,240.2125471,2558.233092,281.0103814,533.5276528,522.3443237,2751.688391,1473.920007,499.343672,771.3764,51.51490618
355,7147.456644,4060.965512,369.9049351,97.74427468,1076.90767,264.3964336,703.7965731,2654.256783,1843.888111,1892.266457,801.5791669,3430.974871,921.5195514,547.2394252,1432.921411,3419.378784,1076.194612,496.1992969,576.23123,1351.157984,248.7273984,561.0724919,421.9206329,1104.130322,140.6645248,512.4265755,155.9894304,192.2000233,1246.707249,894.5731056,248.6791696,1907.853236,3188.821606,388.8117223,3416.941569,2896.085606,1106.222336,6145.972193,691.172138,579.3691505,4794.142826,664.7154434,404.9631511,660.5245885,754.8582724,262.4493868,485.6537838,293.5586614,390.9409479,1206.479842,256.1699553,826.6247662,1319.947307,1721.234993,2211.895931,696.7460315,1810.882346,1683.930067,803.958409,117.8390481,604.6247059,958.1229498,363.8433501,995.0839529,1553.352282,700.0356199,1469.097882,641.5171599,1235.942278,122.1891483,485.9696778,724.8665252,3016.223562,831.026555,170.0560873,986.5582193,363.5991178,982.6710125,2960.457806,402.6735324,569.0561791,460.6629309,999.1325671,213.8242897,1288.13102,1480.64908,214.942458,1299.009887,1885.281921,470.8921269,360.9042828,3312.761991,1174.982909,280.3281601,621.0890414,1081.542762,525.9282739,1268.405375,2834.191902,420.5473006,655.8652762,800.3722129,1380.64681,1319.692479,542.1236929,2446.94041,992.7453119,137.2600797,783.7152981,432.8538732,758.5351229,478.2385296,1598.532987,2957.335513,364.1502181,3563.383858,665.6781057,1253.371175,414.9961285,1817.245389,376.0966382,3126.791493,524.4862721,657.4196857,1172.190291,1267.361618,341.7609032,199.0244139,2487.436898,525.880903,841.7227159,811.7810105,567.9835147,1105.587646,584.3424664,176.0403415,999.9919793,2257.601471,443.6982901,3377.592533,967.5051745,427.8924499,260.6665046,5855.424374,1588.805399,351.2586592,1468.56811,119.7900374,1709.323742,408.8160362,6259.273561,1373.054405,4244.030857,179.5035528,1387.81106,1969.059937,3465.174175,2440.790703,209.5405636,1091.994113,1310.842039,846.9686357,2542.568386,262.1074903,487.9352974,1901.429645,477.6110841,598.2384482,1707.282762,1066.464745,1797.57688,2830.617932,200.7741718,442.0485438,671.8570554,915.4236148,627.0708862,1903.057647,577.9900943,346.2206976,1268.649507,220.5444655,492.5370421,224.1029365,1235.767275,1216.46985,1018.618589,481.2525744,14143.89799,555.4982725,248.4321014,2431.399713,274.1600751,555.5021418,527.0491009,2987.613941,1457.094477,466.03447,690.00311,54.07147343
356,7525.669119,3888.319444,363.4310606,103.8963854,1085.802582,282.7741846,720.3609761,2767.963718,1925.701398,1865.972252,789.7031983,3524.681885,902.8772074,530.1526415,1454.847005,3527.528648,1118.626174,530.6788906,617.4020341,1267.977966,259.5573501,556.6467207,419.875768,1101.459463,137.0728137,442.8130928,159.3915502,195.076358,1276.023482,857.4082204,250.3672453,1824.189594,3114.444534,388.6416284,3418.67421,2936.211252,993.7485706,6322.310425,647.316798,642.8845694,5220.583926,678.2835428,457.6377456,710.6283945,758.7757663,285.3749482,483.4118838,289.2807006,379.8983234,1146.775749,258.9221509,879.2360502,1317.898682,1680.880657,1976.772254,691.6096488,1894.833696,1779.995316,888.9957031,120.7275608,614.9077234,920.0391294,400.9040874,986.2567414,1661.704122,672.9069575,1465.139859,666.8443587,1270.140862,127.5927053,519.4706223,694.0468341,2766.367125,871.4976275,168.4655949,975.0388257,367.8893893,1022.243507,2926.413871,367.6804268,596.5199894,467.0943905,984.9296744,215.8595879,1253.966153,1393.56698,210.4130051,1259.321419,1797.744194,502.5039343,338.8860979,3464.53295,1227.799961,273.3829333,631.1235548,1129.956076,560.5067259,1133.8347,2988.08768,443.417405,650.6946954,817.8232162,1414.223634,1466.084913,569.8442623,2181.944131,984.6643045,132.5890117,728.9948386,417.132868,761.6588075,467.4103441,1631.699508,2938.802642,347.808022,3649.803,664.5636718,1245.241908,405.555653,1740.069732,401.6108504,3129.784118,499.8817105,652.7049657,1160.14453,1281.86849,351.1723705,199.0529853,2515.824172,518.2611612,782.5248189,852.524604,544.3350149,1046.716552,636.3823324,183.0677335,953.3667786,2320.651653,515.0434192,3530.573677,1067.112212,400.9421058,271.6771831,5718.868708,1596.601131,365.5541047,1568.09556,107.0361546,1733.926455,399.1962593,6611.939186,1300.211557,4403.906643,183.1069202,1348.97195,1993.320442,3244.474717,2404.55651,211.1950696,1052.809734,1258.479194,906.0955024,2302.002204,250.3382259,456.9449166,2017.652066,487.3966646,587.7127531,1846.006354,1059.172067,1873.872222,2718.962114,193.2966241,450.2738929,668.5363086,897.8703853,604.6740928,1855.525123,576.9343548,330.577667,1254.84728,227.7468812,530.9446701,208.7071802,1172.369949,1103.797018,968.9754286,491.1482497,13629.77674,549.9773656,243.0041274,2302.550796,262.5612963,528.6790226,512.5955311,2981.846099,1523.474839,491.2858162,681.866415,54.39728193
357,7506.344981,3628.820904,345.8142598,100.7992527,1087.932511,292.1701539,718.0698213,2845.402179,1741.016882,2072.937227,869.4335411,3514.556986,887.4114617,482.4340312,1463.302272,3770.228083,979.4830175,533.6256032,641.4453842,1369.674704,250.5947444,542.1794891,415.2769124,1049.734082,158.9504074,435.7973556,159.5028973,199.0295324,1363.12486,918.5590116,239.1909317,1777.922232,3506.298541,396.2786025,3635.092381,2803.901725,1045.215903,5923.486081,664.8697762,637.0172656,5258.286,742.4966211,468.716958,708.5387883,704.7522022,292.7203399,548.1923484,293.3572877,401.7394864,1066.259165,269.6581366,864.1332102,1286.204007,1773.866876,1980.385555,738.5756398,1782.389911,1697.554633,806.3065517,108.6997876,599.7888611,968.3094565,413.5386195,977.9661851,1664.663721,699.4628028,1480.921976,642.7627678,1328.571995,132.0390082,547.8006251,692.2930008,2824.588206,944.593619,169.6164464,989.4225257,340.9242963,987.834609,2900.974205,377.4084838,557.2312118,497.7287247,1135.338383,223.804851,1243.68241,1295.294371,217.9294902,1123.836356,1817.748478,537.8522175,327.2625621,3395.654012,1397.659187,271.0320014,572.0412838,1148.588611,565.9879324,1121.542538,2970.838019,472.0015953,666.4858928,842.8540551,1609.384622,1362.715942,596.4631046,2278.668869,994.1528986,133.0712101,704.7644031,432.8359414,832.8276774,486.3668635,1520.989118,3026.361514,391.1301028,3479.90136,714.8855772,1250.534385,398.0872157,1791.653471,393.1795721,3114.028028,485.2822954,639.1662042,1171.554114,1307.468632,337.4092883,193.9881894,2493.18993,514.6216408,783.2123828,890.1170392,575.709393,1080.75669,629.9453913,174.0497608,953.8290977,2365.58989,570.9654746,3297.638571,1143.348177,421.36741,256.9720196,5754.34882,1614.588254,357.0950007,1525.331118,108.5073023,1778.144104,398.3159773,7175.506894,1227.858321,4941.723585,176.705414,1231.68406,1913.95202,3212.491533,2366.944373,214.8365911,1152.983454,1274.387127,852.3427383,2245.6365,242.4196941,449.8856247,1878.037102,486.7541831,561.9685888,1942.850227,1027.470265,1922.512486,2645.520118,198.5979907,455.1139343,708.7689588,939.6071364,621.1978465,1858.864617,624.428023,314.5638991,1257.464806,225.6827579,533.3212851,213.9298816,1153.94735,1165.75208,1022.959776,509.569851,13783.00439,560.9775131,260.3300525,2476.164353,274.4566824,514.8266852,492.7929518,3116.054907,1557.515775,541.2514829,672.1059282,55.22334595
358,7427.037423,3715.226705,346.0286548,104.0539176,1202.628455,277.984068,705.7338601,2708.046607,1630.301745,2055.755844,923.2431509,4374.169069,903.4348765,478.5441696,1413.884325,3947.864114,1044.942898,544.3069997,648.0835146,1382.429379,237.93232,538.7283033,374.0460739,1047.575348,169.323417,413.6549951,162.7753187,205.4957936,1463.77407,935.8780155,244.7295461,1748.403603,3609.618671,396.0684307,3795.19576,2728.221938,1090.282704,6063.407374,737.043935,631.9314568,4880.920648,811.8302499,482.7044693,721.3764148,689.7037905,284.0135368,542.4139092,283.3814177,388.7017748,1013.866218,265.9778204,881.4512229,1300.038122,1708.527307,2131.269105,790.0221654,1769.544793,1654.254523,928.5393582,110.1085729,671.7662393,992.6555226,446.9931996,1004.117511,1814.360219,697.0200401,1504.8806,642.8599767,1342.435035,139.3563459,556.7014272,728.0714407,2670.745465,959.990339,171.4388319,1016.544647,357.5962455,1009.259797,2973.589856,386.5395042,597.9596086,516.9796637,1180.510616,201.5297067,1268.151573,1359.493713,212.8783736,1115.895442,1742.162805,538.8132775,334.1049776,3178.159845,1432.563319,290.6302478,520.2959526,1061.123117,557.606409,1122.342469,3293.296597,495.5642468,677.6093543,820.4533498,1676.74835,1470.002425,606.5871387,2344.648885,932.6605788,132.0162717,724.0371721,404.2815144,808.023049,498.9195582,1518.509484,3107.080593,359.633736,3932.768938,730.3471497,1357.38351,409.2875919,1797.218112,419.8224578,3422.567884,451.3074001,635.3208005,1219.063126,1404.563331,324.5435952,188.16447,2703.243665,524.0723806,754.1186665,894.5532463,654.0429079,1120.556046,695.9082063,166.6611925,852.8837152,2436.898051,582.6768477,3438.554053,1153.114235,405.4026036,259.3844161,5970.392956,1816.302457,355.9148838,1567.432266,107.3089202,1764.177226,412.8791287,6914.175245,1187.135405,5014.374493,167.8491798,1275.219585,1839.704854,3540.024448,2537.182503,236.7453664,1227.115224,1292.685369,895.8154039,2096.101181,256.6630221,434.2611998,1853.212315,453.5329751,624.4195086,1935.68999,1073.015765,1941.345373,2656.167206,205.3554728,430.7572436,731.2624882,958.1427674,541.5904224,1731.874532,619.4860332,314.5797539,1338.595467,230.2710129,536.558897,220.0808772,1103.694914,1145.830812,1166.916216,479.8176078,14598.96925,571.12934,239.0879876,2462.190373,270.4591026,542.0076947,459.8683786,2932.263008,1619.99401,515.0424684,687.3724052,58.19323013
359,6700.047284,4004.6797,354.7081238,102.8223779,1123.858957,265.9836359,655.065687,2534.466085,1656.528386,2086.502118,920.794029,4650.135975,910.4550382,463.2628502,1671.203132,3696.752466,1003.808089,608.8517259,663.9525644,1538.528951,246.9758256,560.6197909,381.3894151,1078.420863,177.9252883,412.9144684,168.2907491,205.299209,1527.566156,964.6739072,250.7712639,1679.467659,3430.643553,424.2320644,3633.843772,2721.596112,1118.030636,6666.796887,799.9547351,634.2422226,4402.621115,814.0955417,510.59159,733.2976374,683.2693995,282.8027968,560.0985561,289.119525,408.3795787,905.8691239,283.5774569,808.6853035,1313.829846,1646.395465,2239.204471,750.2713774,1721.639539,1847.792475,941.160425,116.0636062,676.0834542,1003.654298,480.5096311,998.7485879,1759.662067,712.3049717,1697.857523,624.7353194,1251.28471,148.7338677,566.1090043,770.3060405,2912.73259,1032.733428,169.087717,980.3700332,401.4160131,954.2682852,3046.560595,359.7703914,665.8791769,470.1697932,1202.683297,200.4803409,1266.22203,1252.594638,203.32182,1131.012214,1725.939562,545.7976259,342.6006434,3050.270745,1382.879185,279.3623222,548.290606,1031.447665,536.3884674,1100.51844,3576.550387,498.4195971,653.8289025,735.3188375,1561.735051,1421.159187,631.7303817,2397.265382,996.118065,133.1898395,733.045462,399.3449564,813.9220788,482.3369536,1531.08913,3139.354758,367.8260915,4033.246436,778.9757976,1302.047948,410.4512031,1966.191799,419.5364437,3736.822569,468.2843811,661.2302681,1166.87145,1410.619657,342.0836315,192.0502738,2738.339645,508.065429,812.911628,919.001639,633.9400718,1127.717133,712.3134884,164.5312695,849.3451508,2417.127923,547.6318755,3782.043659,1182.572966,356.2227957,256.7872425,5823.418615,1957.942006,348.498177,1585.670816,104.4925526,1747.339673,408.6598159,7300.125024,1144.582829,5241.440579,185.597101,1254.104327,2024.394746,3611.614913,2732.76004,255.1386268,1195.860785,1527.058416,863.4681595,2152.171388,279.6374856,439.8724813,1929.025417,456.4079359,633.0930268,1894.241904,1041.43251,1813.892217,2597.009994,198.0101417,455.5625075,726.2516998,976.8702837,571.4624267,1722.376603,622.79068,313.4273049,1343.831109,219.8830217,553.7099383,224.115396,1048.642625,1081.900581,1089.178563,431.9974263,14299.67526,537.7854202,228.8876052,2541.487297,263.7946649,560.6197045,505.9955555,3186.37196,1641.740312,531.4313371,693.3530202,61.39000469
360,6397.621646,3834.397149,373.8570406,108.6814825,1162.717454,258.1881911,692.824461,2782.136577,1652.060176,2010.368994,943.2807764,4619.472208,914.0380242,449.0006772,1537.653184,3375.636496,1104.53926,637.6961297,646.3858483,1726.829208,251.7300378,589.1205526,380.6879032,1021.258505,187.8419534,438.9332301,165.9468645,212.3811503,1596.652617,1037.07767,255.2488795,1639.279497,3524.478931,419.6360267,3471.913897,2722.360716,1030.577472,6897.458098,830.5345667,734.1449149,4433.182477,764.5421298,562.3670141,678.756426,650.9515906,286.7585767,559.490782,295.9799192,405.8561445,827.8208546,308.5077129,853.514851,1330.584789,1795.897371,2417.541781,760.3390191,1723.975941,1944.375022,896.393169,122.2705912,712.0146475,1022.155691,470.4343818,980.5670235,1793.048868,709.5129274,1626.07694,663.6498485,1223.585801,149.8918163,536.3686369,705.0145327,2808.015641,1118.166034,183.4468014,993.9935295,399.08045,941.4239489,2901.044599,389.0644301,655.2717611,477.7261324,1268.571307,211.2236211,1259.431482,1199.807672,188.8791327,1174.725708,2043.017572,546.3455781,345.801809,3028.476581,1445.909023,287.2716282,512.4388713,1034.230492,571.3762021,1056.169313,3493.759734,479.4533073,585.6186268,729.8229128,1498.770428,1432.636794,658.535175,2326.202308,989.3494145,139.954629,764.0471272,416.6606161,807.2598398,526.644589,1522.644296,3088.097188,381.5790453,4271.682748,771.0619673,1271.458891,429.2509387,1894.432443,457.0889914,3652.15267,435.4578377,687.5097069,1193.803001,1419.879795,364.6820024,199.0039165,2627.542009,479.8987538,769.0670253,852.9836475,669.3572076,1179.014631,663.5365552,176.1755035,802.3761495,2320.781073,609.5689219,3915.534429,1222.047638,375.3869521,261.6526345,6029.499757,1864.211033,337.4224527,1466.926585,100.0763319,1683.042462,405.2177708,7992.025141,1131.609754,5495.115249,182.6585579,1262.242069,1893.787993,3887.677126,2799.432008,252.705963,1130.391924,1536.599123,853.9739024,2018.684138,291.0000976,413.4046419,1740.845071,450.6986902,620.5608015,1973.679723,1069.68473,1817.6981,2539.336386,190.8583884,467.2266963,752.7629196,955.2019424,606.6551987,1899.482823,587.4106293,311.0233871,1414.810934,221.4056459,510.1980053,227.2600106,1015.098889,1195.322721,1147.866639,442.582275,14000.07625,567.0459045,231.9654973,2854.327022,245.8545849,597.1556399,501.3275672,3265.727349,1604.796,545.5158618,686.4630418,61.60225396
